MOF Identifier v1 (SMILES + Metadata),Largest Cavity Diameter (Ã…),Pore Limiting Diameter (Ã…),Largest Free Path Diameter (Ã…),Crystal Density (g/cm3),Pore Volume (A3),Void Fraction,Pore Volume (cm3/g),Metal Types,Heat Capacity at 300 K (J/g/K),Heat Capacity Std. Dev. at 300 K (J/g/K),Heat Capacity at 350 K (J/g/K),Heat Capacity Std. Dev. at 350 K (J/g/K),Heat Capacity at 400 K (J/g/K),Heat Capacity Std. Dev. at 400 K (J/g/K),Heat Capacity Temperature Coefficient (J/g/K/K),Heat Capacity Intercept (J/g/K),Number of Atoms,Thermal Stability (â„ƒ),Solvent Stability,Water Stability,KH Classes
Nc1cnccc1c1ccncc1.[Cu],8.85794,5.7866,8.85794,0.578816,3519.94,0.7556,1.30542,Cu,0.896209663,0.068390244,1.020818056,0.105506138,1.073200056,0.108659258,0.001769904,0.377276212,180,424,0.7112372,0.55,weak
CC1=NN=C([N]1)CC1=[N]=C(N=N1)C.CC1=[N]=C(N=N1)CC1=[N]=C(N=N1)C.[Cu],6.31761,5.94846,6.3176,1.52436,2758.17,0.5218,0.342307,Cu,0.757795845,0.019963537,0.837729007,0.04070271,0.924914944,0.040729635,0.001671191,0.25522975,368,398.9,0.549154,0.711904762,weak
F[Zr](F)F.F[Zr]F.[O]P(=O)(c1ccc(cc1)C(c1ccc(cc1)P(=O)([O])[O])(c1ccc(cc1)P(=O)([O])[O])c1ccc(cc1)P(=O)([O])[O])[O],12.00356,7.22815,8.46923,0.811156,6429.66,0.7422,0.91499,Zr,0.734490771,0.020642573,0.79819189,0.030338756,0.85072403,0.040261048,0.001162333,0.38765249,272,412.5,0.67358696,0.67,none
[O-]C(=O)c1ccc(cc1)c1ccc(c2c1N[C](N2)c1ccc(cc1)[C]1Nc2c(N1)c(ccc2c1ccc(cc1)C(=O)[O-])c1ccc(cc1)C(=O)[O-])c1ccc(cc1)C(=O)[O-].[Zn][O]([Zn])([Zn])[Zn],11.61449,9.32322,10.52108,0.548186,20808.6,0.7838,1.42981,Zn,0.839103286,0.042795997,0.953465445,0.060551185,1.0292085,0.073839331,0.001901052,0.275224172,822,357.9,0.65585876,0.47,weak
[Al].[O-]C(=O)c1ccc(o1)C(=O)[O-].[OH],5.59563,4.29059,5.52583,1.10771,1350.61,0.5686,0.513312,Al,0.894683196,0.020325282,1.015439301,0.021720728,1.110684594,0.023286604,0.002160014,0.250930801,128,280.8,0.6186819,0.56,weak
[In].[O-]C(=O)c1ccc(cc1)c1cc(cc(n1)c1ccc(cc1)C(=O)[O-])c1ccc(cc1)c1cc(nc(c1)c1ccc(cc1)C(=O)[O-])c1ccc(cc1)C(=O)[O-],11.44889,9.53551,11.42488,0.546774,15405.8,0.77,1.40826,In,0.859545538,0.033899438,0.95593987,0.062741125,1.018029087,0.075414363,0.001584835,0.38981241,632,359.1,0.8732283,0.56,weak
[Cd].[O-]C(=O)c1ccc(cc1)c1ccc(cc1)C(=O)[O-].n1ncn(c1)c1ccc(cc1)c1ccc(cc1)n1cnnc1,5.15336,2.94521,5.1512,1.24351,1353.84,0.5102,0.410292,Cd,0.806733164,0.033068746,0.914899504,0.051786841,0.971909409,0.06760476,0.001651762,0.319730503,176,377.8,0.46836522,0.62962963,none
Cc1cc(ccc1n1cnnc1)c1ccc(c(c1)C)n1cnnc1.[Cd].[O-]C(=O)c1ccc(cc1)c1ccc(cc1)C(=O)[O-],5.20043,3.16992,5.20043,1.27081,1316.77,0.4932,0.388098,Cd,0.829138923,0.034146681,0.919280707,0.067621168,0.971144331,0.075283264,0.001420054,0.409502394,188,319.6,0.47087127,0.675518519,none
CCC1=NC(=C([N]1)C)C=NC1CCCCC1N=CC1=C(C)[N]C(=N1)CC.CCC1=N[C](C(=N1)C)C=NC1CCCCC1N=CC1=C(C)[N]C(=N1)CC.CCC1=N[C](C(=N1)C=NC1CCCCC1N=C[C]1N=C(N=C1C)CC)C.[Zn]Br,7.24464,6.56289,7.24464,1.07529,7448.07,0.625,0.581236,Zn,0.792852487,0.044959074,0.845386516,0.086540119,0.894004912,0.081750289,0.001011524,0.490047817,696,398.7,0.058986545,0.636153846,weak
[O-]C(=O)c1cc(Nc2ccccc2)c(cc1Nc1ccccc1)C(=O)[O-].[Zn][O]1[Zn][O]([Zn]1)[Zn],6.11542,4.24797,6.11542,0.899946,3129.59,0.6364,0.707153,Zn,0.861506845,0.031271165,0.960826052,0.065428403,1.011033372,0.075833081,0.001495265,0.421112579,252,377.9,0.32106575,0.56,strong
[CH]1C=NN=N1.[N]1C=CN=N1.[O-]C(=O)c1cc(cc(c1)C(=O)[O-])[C]1N[N]C(=N1)c1cc(cc(c1)C(=O)[O-])C(=O)[O-].[O-]C(=O)c1cc(cc(c1)c1[nH]nc(n1)c1cc(cc(c1)C(=O)[O-])C(=O)[O-])C(=O)[O-].[Zn],7.88337,5.26114,7.88337,1.11425,2109.75,0.6272,0.562888,Zn,0.771197874,0.016361926,0.855541552,0.034125229,0.912379041,0.04520178,0.001411812,0.35223874,166,336.4,0.6270679,0.698709677,weak
[CH]1C=NN=N1.[N]1C=CN=N1.[O-]C(=O)c1cc(cc(c1)C(=O)[O-])c1cccc(c1)c1cc(cc(c1)C(=O)[O-])C(=O)[O-].[Zn],6.90169,4.11736,6.90169,1.28971,1599.47,0.546,0.423352,Zn,0.779506659,0.01876427,0.8616994,0.03833569,0.916474642,0.049834274,0.00136968,0.373172294,174,355.3,0.82887644,0.688709677,weak
[In].[O-]C(=O)c1cc(ccc1[C]1NC(=CC(=C1)c1ccc(cc1C(=O)[O-])C(=O)[O-])c1ccc(cc1C(=O)[O-])C(=O)[O-])C(=O)[O-].[Tb],8.61603,6.66351,8.59601,1.14162,2751.61,0.6042,0.529248,"In,Tb",0.722409544,0.017511606,0.812309736,0.027380767,0.868522043,0.037542423,0.001461125,0.289686698,222,361.4,0.7815947,0.75,strong
O=C(c1ccncc1)Nc1ccc(cc1)S(=O)(=O)c1ccc(cc1)NC(=O)c1ccncc1.[Co][Co].[O-]C(=O)c1ccc(cc1)S(=O)(=O)c1ccc(cc1)C(=O)[O-],7.68226,5.73122,7.68201,0.993824,4696.16,0.593,0.596685,Co,0.890793577,0.030466695,1.007502543,0.061148086,1.046503406,0.074292238,0.001557098,0.436615441,444,321.7,0.9094957,0.61,none
OC(=O)c1cc(C(=O)O)c(cc1N1[N]C=N[CH]1)N1[N]C=N[CH]1.[Co].[O-]C(=O)c1cc(C(=O)[O-])c(cc1N1[N]C=N[CH]1)N1[N]C=N[CH]1.[O-]C(=O)c1cc(C(=O)[O-])c(cc1N1[N]C=N[CH]1)n1ncnc1,6.07235,3.93851,6.07235,1.18268,1906.55,0.5164,0.436635,Co,0.899411814,0.02102651,1.012341573,0.046324301,1.076306111,0.053713456,0.001768943,0.376889791,236,345.2,0.44074845,0.739545455,weak
unknown,8.74454,4.76382,8.20215,0.77079,1442.47,0.627,0.813451,Ni,0.954963563,0.055237569,1.053472522,0.107687935,1.116519708,0.104424513,0.001615561,0.476205418,127,343.8,0.15564895,0.86,weak
O=[C]1=NC2=N[C](=NC3=[N]=[C](=O)N=C([N]1)N23)=O.O=[C]1=NC2=N[C](=[N]=C3N2C(=N[C](=O)=N3)[N]1)=O.[Ce],5.60637,5.50315,5.60637,1.54829,898.719,0.5848,0.377707,Ce,0.582087423,0.008614378,0.622730458,0.010298036,0.683280354,0.009182518,0.001011929,0.275190821,68,466.5,0.83325917,0.83,none
O=[C]1=NC2=N[C](=NC3=[N]=[C](=O)N=C([N]1)N23)=O.O=[C]1=NC2=N[C](=[N]=C3N2C(=N[C](=O)=N3)[N]1)=O.[Pr],5.58275,5.44827,5.58275,1.57041,882.853,0.5814,0.370221,Pr,0.577728378,0.009227135,0.618738894,0.010806024,0.678362484,0.009178908,0.001006341,0.27272388,68,413.6,0.8552604,0.83,none
O=[C]1=NC2=N[C](=[N]=C3N2C(=N[C](=O)=N3)[N]1)=O.O=[C]1=NC2=[N]=[C](=O)N=C3N2C(=N[C](=O)=N3)[N]1.[La],5.66062,5.50843,5.66062,1.52957,907.265,0.5852,0.382591,La,0.581962201,0.009045175,0.62778567,0.010589254,0.684347227,0.009445969,0.00102385,0.273017438,68,445.5,0.84671533,0.83,superstrong_high_loading
N1=C[N]N([CH]1)c1ccc(cc1)C1=NN=N[N]1.[Cu],4.62691,4.02117,4.6098,1.42679,455.663,0.4012,0.28119,Cu,0.865588829,0.026442707,0.993975553,0.042168014,1.054033053,0.057069653,0.001884442,0.311644361,90,272.2,0.18232733,0.819655172,weak
[Cu][Cu].[O-]C(=O)c1cc(cc(c1)C(=O)[O-])C(=O)[O-],13.26988,6.68271,13.26988,0.868078,3326.76,0.7188,0.828036,Cu,0.741347045,0.012634057,0.812662239,0.025335044,0.86286729,0.032634819,0.001215202,0.380304666,156,324.8,0.950151,0.959392857,weak
C(Cn1cncc1)CCn1cncc1.[O-]C(=O)c1cc2c(s1)cc1c(c2)sc(c1)C(=O)[O-].[Zn],5.16535,3.80955,5.16535,1.11292,1715.61,0.5404,0.485571,Zn,0.899554855,0.031350348,1.006193312,0.064939456,1.053915241,0.078616283,0.001543604,0.446293116,204,316.1,0.8972902,0.220003205,weak
COc1cccc(c1[O])[CH][N]NC(=O)c1ccc(cc1)NC(=O)c1ccncc1.[Cd].[O-]C(=O)c1ccc(cc1)C(=O)[O-],6.82055,4.25216,6.81945,1.00531,3598.37,0.633,0.629655,Cd,0.792218812,0.024357805,0.876453244,0.053983128,0.930954742,0.064642897,0.001387359,0.38096651,288,333.1,0.502957,0.5805,strong
[Cd].[O-]C(=O)Cc1ccc(cc1)CC(=O)[O-].n1ccc(cc1)C1=NC(=[N]=C([N]1)c1ccncc1)c1ccncc1,4.39877,3.53847,4.39194,1.35224,2699.37,0.4454,0.32938,Cd,0.870668593,0.03369902,0.965202842,0.064013523,1.025555032,0.074976142,0.001548864,0.411706289,472,316.4,0.90758246,0.577058824,weak
[Cd].[O-]C(=O)Cc1ccc(cc1)CC(=O)[O-].n1ccc(cc1)C1=NC(=[N]=C([N]1)c1ccncc1)c1ccncc1,4.40252,3.44314,4.30991,1.32725,2821.81,0.457,0.34432,Cd,0.869772983,0.033235584,0.964479358,0.063114154,1.023703743,0.073448785,0.001539308,0.413894366,472,321.5,0.92933965,0.557058824,weak
[Ni].[O-]C(=O)c1cc(Oc2ccc(cc2)c2cc(nc(c2)c2ccncc2)c2ccncc2)cc(c1)C(=O)[O-],4.85428,3.67505,4.84574,1.20986,2838.94,0.4734,0.391286,Ni,0.915259462,0.032487095,1.030832076,0.066519395,1.077779579,0.076528593,0.001625201,0.439136633,440,392.8,0.4113676,0.69,superstrong_high_loading
[O-]C(=O)c1ccc(cc1)P(=O)(c1ccc(cc1)C(=O)O)c1ccc(cc1)C(=O)[O-].[Zn][Zn],6.62246,3.70658,6.57591,1.12099,3141.31,0.5596,0.499202,Zn,0.873274242,0.030188435,0.98667376,0.056384359,1.034053703,0.073829329,0.001607795,0.401939122,344,397.1,0.92216027,0.58,weak
O[In][OH][In][OH][In]O.[O-]C(=O)c1ccc(cc1)P(=O)(c1ccc(cc1)C(=O)[O-])c1ccc(cc1)C(=O)[O-],5.47137,3.17727,5.46697,1.36058,1589.84,0.5308,0.390127,In,0.764805521,0.022800098,0.854805686,0.042786434,0.890170194,0.052860216,0.001253647,0.397817449,186,292.3,0.34399748,0.85,strong_high_loading
COc1cccc(c1[O])[CH][N]NC(=O)c1cccnc1.[Cd].[O-]C(=O)c1ccc(cc1)C(=O)[O-],6.99462,3.97878,6.99462,1.22425,2568.3,0.5936,0.484868,Cd,0.714310366,0.019248922,0.793190353,0.043090249,0.844550479,0.054572528,0.001302401,0.328176669,234,271.1,0.6999017,0.670293594,strong
[Co].[O-]C(=O)c1ccc(cc1)c1ccc(cc1)C(=O)[O-].n1ccc(cc1)C1=NC(=[N]=C([N]1)c1ccncc1)c1ccncc1,8.58796,4.10545,8.57134,0.898646,7663.98,0.6252,0.695713,Co,0.882471477,0.034994871,0.986895682,0.064529448,1.039410149,0.077974333,0.001569387,0.420307084,630,424.6,0.803469,0.779765063,weak
O=C1Nc2cc(ccc2-c2c(N1)cc(cc2)C(=O)[O-])C(=O)[O-].[Zn][Zn],10.47983,6.30167,10.43971,0.652027,5491.93,0.7454,1.1432,Zn,0.839143923,0.025326073,0.942949673,0.035506286,1.010271916,0.05470914,0.00171128,0.331840527,248,337.3,0.5222111,0.55,weak
O=C1Nc2cc(ccc2-c2c(N1)cc(cc2)C(=O)[O-])C(=O)[O-].[Zn][Zn].n1ccc(cc1)CCc1ccncc1,8.64973,6.50826,8.64973,0.845633,2312.35,0.6488,0.767236,Zn,0.891609488,0.030518522,1.020932511,0.046181804,1.087883676,0.061058653,0.001962742,0.313182235,176,323.9,0.755684,0.568968519,weak
[N]1[CH]C=C(C=C1)c1ccc(cc1)C(=C(c1ccc(cc1)C1=C[CH][N]C=C1)c1ccc(cc1)C1=C[CH][N]C=C1)c1ccc(cc1)C1=C[CH][N]C=C1.[O-]C(=O)c1cccc(c1)C(=O)[O-].[Zn],7.98999,5.66524,7.98999,0.867685,3841.6,0.6084,0.701176,Zn,0.9204391,0.041993292,1.032843084,0.076477542,1.085437649,0.090316683,0.001649985,0.435411689,348,unknown,unknown,unknown,weak
[Cd].[O-]C(=O)c1ccc(c2c1cccc2)C(=O)[O-].n1ccc(cc1)c1ccc(cc1)C(=C(c1ccc(cc1)c1ccncc1)c1ccc(cc1)c1ccncc1)c1ccc(cc1)c1ccncc1,13.19619,10.16926,13.18151,0.888712,6129.46,0.6338,0.713167,Cd,0.857492128,0.038944966,0.953046195,0.074411616,1.009324848,0.081066705,0.001518327,0.408539869,512,304.6,0.3882417,0.87,weak
[Cd].[N]1C=C[C](C=C1)c1ccc(cc1)C(=C(c1ccc(cc1)c1ccncc1)c1ccc(cc1)[C]1C=C[N]C=C1)c1ccc(cc1)c1ccncc1.[O-]C(=O)c1ccc2c(c1)ccc(c2)C(=O)[O-].n1ccc(cc1)c1ccc(cc1)C(=C(c1ccc(cc1)c1ccncc1)c1ccc(cc1)c1ccncc1)c1ccc(cc1)c1ccncc1,11.83106,10.92247,11.83106,0.700989,8626.73,0.7036,1.00373,Cd,0.841450517,0.042529874,0.935059305,0.075699261,0.987036597,0.082817574,0.001455861,0.411630856,512,347.9,0.5486336,0.827692308,weak
[Fe][O]([Fe])[Fe].[O-]C(=O)c1ccc(cc1)C(C(F)(F)F)(C(F)(F)F)c1ccc(cc1)C(=O)[O-],6.86695,4.28377,6.86695,1.17018,2209.99,0.575,0.491379,Fe,0.852315278,0.016101488,0.966888767,0.030079699,1.028864162,0.041619452,0.001765489,0.331434975,218,353.6,0.9402907,0.648,weak
[Co][O]([Co])[Co].[O-]C(=O)c1ccc(cc1)C(=O)[O-].n1ccc(cc1)C1=NC(=[N]=C([N]1)c1ccncc1)c1ccncc1,8.93138,4.66988,8.7274,0.872025,2493.58,0.6564,0.75273,Co,0.875254816,0.028567313,0.976702598,0.055947283,1.029241767,0.069121111,0.00153987,0.4214454,176,319.6,0.8154364,0.63,weak
[Co].[O-]C(=O)c1cc(OCc2ccncc2)cc(c1)C(=O)[O-].n1ccc(cc1)OCC(COc1ccncc1)(COc1ccncc1)COc1ccncc1,9.68124,5.2532,9.66304,1.03176,6327.11,0.5568,0.539658,Co,0.941612166,0.031451379,1.060830708,0.042962104,1.1288977,0.054623218,0.001872855,0.388280823,708,368.5,0.9441674,0.88,weak
unknown,6.41846,3.35195,6.41846,1.28977,1139.31,0.5522,0.428138,Cd,0.741418192,0.024052247,0.848231625,0.036127045,0.900724331,0.045499932,0.001593061,0.272553229,120,431.6,0.7023022,0.7,unknown
[O-]C(=O)c1ccc(cc1)c1cc2c(cc1c1ccc(cc1)C(=O)[O-])c1cc(c3ccc(cc3)C(=O)[O-])c(cc1c1c2cc(c2ccc(cc2)C(=O)[O-])c(c1)c1ccc(cc1)C(=O)[O-])c1ccc(cc1)C(=O)[O-].[O]12[Zr]34[O]5[Zr]62[O]2[Zr]71[O]4[Zr]14[O]3[Zr]35[O]6[Zr]2([O]71)[O]43,12.90854,5.36266,12.90854,0.847475,23832.1,0.6834,0.806395,Zr,0.808164269,0.024118784,0.886940336,0.043864487,0.94578534,0.052800946,0.001376211,0.398622899,1432,372.4,0.77067286,0.96,none
[O-]C(=O)c1ccc(cc1)c1cc2c(cc1c1ccc(cc1)C(=O)[O-])c1cc(c3ccc(cc3)C(=O)[O-])c(cc1c1c2cc(c2ccc(cc2)C(=O)[O-])c(c1)c1ccc(cc1)C(=O)[O-])c1ccc(cc1)C(=O)[O-].[O]12[Zr]34[O]5[Zr]62[O]2[Zr]71[O]4[Zr]14[O]3[Zr]35[O]6[Zr]2([O]71)[O]43,13.22909,5.54535,13.22909,0.833978,24359.5,0.6874,0.824242,Zr,0.806486273,0.02338383,0.881665697,0.041728294,0.946145516,0.05216951,0.001396592,0.389291812,1432,373.2,0.7670455,0.97,none
[O-]C(=O)c1ccc(c2c1cccc2)C(=O)[O-].[Zn][Zn].n1ccc(cc1)OCC(COc1ccncc1)(COc1ccncc1)COc1ccncc1,3.21704,2.44664,3.21645,1.43499,1527,0.4222,0.294217,Zn,0.897625872,0.033213443,1.024599165,0.046580531,1.085502984,0.063086289,0.001878771,0.345006122,298,394.2,0.618411,0.584076923,superweak
[In].[O-]C(=O)c1ccc(cc1)C#Cc1c2ccccc2c(c2c1cccc2)C#Cc1ccc(cc1)C(=O)[O-].[O],6.12588,5.63641,6.12588,1.14337,933.717,0.54,0.472287,In,0.837208214,0.030762313,0.933264987,0.058856644,0.99019385,0.071931598,0.001529856,0.384772621,108,330.9,0.4607978,0.797104072,superstrong_high_loading
[Mg].[O-]C(=O)c1cc([O])c(cc1[O])C(=O)[O-],11.62878,10.82918,11.62878,0.910088,872.578,0.6568,0.721688,Mg,0.816077595,0.02779412,0.977874194,0.020028374,1.051534304,0.028419729,0.002354567,0.124396883,54,430.4,0.69754934,0.2,strong
[Mg].[O-]C(=O)c1cc([O])c(cc1[O])C(=O)[O-],11.79429,10.71838,11.79358,0.912446,5180.59,0.6516,0.714124,Mg,0.816458459,0.02688509,0.978489169,0.020097477,1.052877702,0.027930777,0.002364192,0.12180776,324,420.5,0.7883661,0.09,strong_high_loading
[Mg].[O-]C(=O)c1cc([O])c(cc1[O])C(=O)[O-],11.57367,10.78479,11.57367,0.929735,850.238,0.6538,0.703211,Mg,0.81906766,0.026546629,0.979602183,0.020436941,1.053906951,0.027927926,0.002348393,0.128921414,54,432.3,0.6840771,0.2,strong
[Co].[O-]C(=O)c1cc([O])c(cc1[O])C(=O)[O-],11.42442,10.86245,11.42442,1.17375,850.029,0.642,0.546964,Co,0.706711622,0.006690796,0.781273269,0.013812546,0.832805681,0.016265535,0.001260941,0.332267651,54,230.4,0.9368019,0.180285714,weak
[Co].[O-]C(=O)c1cc([O])c(cc1[O])C(=O)[O-],11.31681,10.86182,11.31617,1.18734,838.732,0.6408,0.539695,Co,0.709648722,0.006910218,0.783512559,0.013817209,0.835317982,0.016012371,0.001256693,0.336317342,54,230.6,0.9354308,0.180285714,weak
[Ni].[O-]C(=O)c1cc([O])c(cc1[O])C(=O)[O-],11.61966,10.85724,11.61966,1.19871,844.77,0.6526,0.544418,Ni,0.7016782,0.009304289,0.776575549,0.013470982,0.826442283,0.017319132,0.001247641,0.331557721,54,323.9,0.9353369,0.444042328,weak
[Ni].[O-]C(=O)c1cc([O])c(cc1[O])C(=O)[O-],9.15112,3.85127,9.15112,1.42689,1394.41,0.5346,0.374661,Ni,0.797974718,0.020889435,0.900484868,0.024611263,0.961890245,0.024890737,0.001639155,0.313078935,168,233.5,0.95792305,0.708666667,weak
[Ni].[O-]C(=O)c1cc([O])c(cc1[O])C(=O)[O-],11.54467,10.75662,11.54467,1.20772,836.153,0.6508,0.538864,Ni,0.702325004,0.010301301,0.771920761,0.013845075,0.822923803,0.018224271,0.001205988,0.343627395,54,325.3,0.93412477,0.444042328,weak
[La].[O-][n+]1ccc(cc1)C(=O)[O-],4.5927,3.82984,4.55891,1.63094,882.163,0.454,0.278367,La,0.738011511,0.016906183,0.815533801,0.036787438,0.855292662,0.043382386,0.001172811,0.392461968,132,365,0.38004228,0.89962963,weak
[Nd].[O-][n+]1ccc(cc1)C(=O)[O-],4.77313,3.82049,4.75915,1.65695,883.437,0.4568,0.275687,Nd,0.722753335,0.018278217,0.803244313,0.03857594,0.842451423,0.044482735,0.001196981,0.370539713,132,362.3,0.36640453,0.86962963,strong
[Lu].[O-][n+]1ccc(cc1)C(=O)[O-],4.77627,3.78793,4.76976,1.83876,831.591,0.4486,0.243969,Lu,0.674790663,0.018738475,0.748187614,0.037579076,0.787846678,0.042950666,0.00113056,0.341245599,132,350.8,0.38430324,0.65,weak
[La].[O-][n+]1ccc(cc1)C(=O)[O-],4.50005,3.66343,4.49205,1.65025,853.792,0.4446,0.269414,La,0.737440022,0.01725623,0.821703846,0.036529892,0.857811669,0.042742917,0.001203716,0.384351077,132,344.7,0.60322773,0.79962963,strong
[Dy].[O-][n+]1ccc(cc1)C(=O)[O-],4.38092,3.53647,4.37707,1.84481,771.227,0.4278,0.231893,Dy,0.692870545,0.01859112,0.7683722,0.037864378,0.809539547,0.042609201,0.00116669,0.348585924,132,372.3,0.44408596,0.76,strong
[Lu].[O-][n+]1ccc(cc1)C(=O)[O-],4.40729,3.54257,4.35095,1.90166,774.329,0.432,0.22717,Lu,0.674624901,0.018717323,0.74757889,0.037193482,0.78827682,0.04149754,0.001136519,0.339045152,132,346,0.5058015,0.64,strong
[Nd].[O-][n+]1ccc(cc1)C(=O)[O-],4.43748,3.62609,4.43354,1.7168,792.911,0.4248,0.247437,Nd,0.721648437,0.017693569,0.801096749,0.037927194,0.841837313,0.044696106,0.001201889,0.367533101,132,350.1,0.62468296,0.81962963,weak
[Co]O[Co].[O-]C(=O)c1ccc(cc1)C(c1ccc(cc1)C(=O)[O-])N1[N]C=N[CH]1.n1ccc(cc1)c1ccncc1,9.90886,6.495,9.90886,0.766859,8142.67,0.672,0.876302,Co,0.910999683,0.035094476,1.01420325,0.066617522,1.068231563,0.074322193,0.001572319,0.447499921,558,360.8,0.761639,0.746666667,weak
[Co].[Co][Co].[O-]C(=O)c1cc(cc(c1)C(=O)[O-])C(=O)[O-],7.27861,5.1706,7.25898,0.938994,3061.3,0.6458,0.687757,Co,0.810739589,0.014726142,0.902250768,0.036801283,0.951933987,0.045420169,0.001411944,0.394127723,200,341.8,0.80769855,0.669285714,strong
unknown,13.8077,5.81778,13.77407,0.564564,12256,0.7698,1.36353,Fe,0.854668445,0.034169095,0.935225643,0.053468019,0.998597039,0.067068965,0.001439286,0.425746967,480,368.1,0.6230474,0.44,weak
[O]c1cc(cc(c1[O])[O])C1=C2C=CC(=N2)C=c2ccc(=C(C3=NC(=Cc4[nH]c1cc4)C=C3)c1cc([O])c(c(c1)[O])[O])[nH]2.[Zr],5.14326,4.66746,5.14326,1.53864,508.54,0.366,0.237873,Zr,0.836812615,0.007950926,0.971181868,0.007127869,1.087908603,0.005335577,0.00251096,0.086465072,118,370.6,0.9320804,0.65,strong
[O-]C(=O)c1cc(OCc2ccc(cc2)C(=O)[O-])cc(c1)OCc1ccc(cc1)C(=O)[O-].[OH].[Zn],7.23448,6.45356,7.23448,1.3658,1322.27,0.4794,0.351004,Zn,0.858531925,0.025156031,0.957253367,0.052417385,1.014543028,0.061195799,0.001560111,0.397403917,200,391.7,0.19375464,0.59,strong
unknown,4.97041,4.59756,4.96557,1.48054,832.923,0.3822,0.258149,Zn,0.917826655,0.033377587,1.037432382,0.045228462,1.112312278,0.054995781,0.001944856,0.34182409,192,unknown,unknown,unknown,weak
[O-]C(=O)CN(CC(=O)[O-])CCCN(CC(=O)[O-])CC(=O)[O-].[OH2][La],4.2387,3.0724,4.03618,1.62617,1605.4,0.428,0.263196,La,0.843858876,0.031555971,0.926790632,0.030016643,0.995845969,0.027404055,0.001519871,0.390210333,312,366.9,0.8572078,0.71,none
[Ce].[O-]C(=O)CN(CC(=O)[O-])CCCN(CC(=O)[O-])CC(=O)[O-],4.27692,3.02408,4.07564,1.5675,1749.98,0.4668,0.297799,Ce,0.810568988,0.030105779,0.891356404,0.030244231,0.966733125,0.028802644,0.001561641,0.342978359,288,353.1,0.9310524,0.82,none
[Nd].[O-]C(=O)CN(CC(=O)[O-])CCCN(CC(=O)[O-])CC(=O)[O-],4.27264,3.02027,4.06736,1.58687,1705.86,0.4564,0.28761,Nd,0.799054368,0.029784384,0.880026319,0.030776203,0.954454413,0.029606772,0.001554,0.333944873,288,331.6,0.9494381,0.74,none
O=CN(C)C.[Mn].[O-]C(=O)c1ccc(cc1)C(=C(c1ccc(cc1)C(=O)[O-])c1ccc(cc1)C(=O)[O-])c1ccc(cc1)C(=O)[O-],4.70482,3.53716,4.70482,1.2077,1830.62,0.4842,0.400928,Mn,0.930779645,0.03566798,1.027600553,0.068349941,1.072910651,0.080291056,0.00142131,0.512971766,272,440,0.37047678,0.63,strong
[O-]C(=O)c1ccc2-c3c(S(=O)(=O)c2c1)cc(cc3)C(=O)[O-].[Zn].n1ccc(cc1)OCC(COc1ccncc1)(COc1ccncc1)COc1ccncc1,4.90477,2.92555,4.42535,1.3228,2746.41,0.4636,0.350469,Zn,0.909609316,0.028233388,1.024553692,0.059127149,1.073208533,0.071407593,0.001635992,0.429859923,452,349.6,0.8912909,0.51,none
[Cd].[O-]C(=O)c1ccc2-c3c(S(=O)(=O)c2c1)cc(cc3)C(=O)[O-].n1ccc(cc1)OCC(COc1ccncc1)(COc1ccncc1)COc1ccncc1,8.07622,7.49538,8.06653,1.17602,3932.57,0.5466,0.464786,Cd,0.840015372,0.028720571,0.933690485,0.058202731,0.985704731,0.064547368,0.001456894,0.409890769,452,320.6,0.920421,0.743888889,none
[Cu][Cu].[O-]C(=O)c1cc(c[n+](c1)[O-])C(=O)[O-],7.85306,5.37338,7.85306,1.17921,1241.06,0.6004,0.509153,Cu,0.788184256,0.011373533,0.875154045,0.021424521,0.929915969,0.029871737,0.001417317,0.368357094,102,217.4,0.7611994,0.53,weak
CCN(C1=C[CH]C2=C(c3c(OC2=C1)cc(cc3)N(CC)CC)c1ccccc1C(=O)[O-])CC.CCN(C1=C[C]2C(=C(c3c(O2)cc(cc3)N(CC)CC)c2ccccc2C(=O)[O-])C=C1)CC.Cc1cc(c2cc(cc(c2)C(=O)[O-])C(=O)[O-])c(c(c1)c1cc(cc(c1)C(=O)[O-])C(=O)[O-])N.[Zn],7.0133,4.3484,7.01043,1.00765,7377.64,0.557,0.552769,Zn,0.961893876,0.042418879,1.075661575,0.065567531,1.167508947,0.059583139,0.002056151,0.348702052,880,314.1,0.8336798,0.87,strong
Cl[Ni]Cl.n1ccc(cc1)Nc1ccncc1,6.35552,4.69168,5.58877,0.886769,2170.77,0.614,0.692401,Ni,0.887967142,0.046758507,0.993344885,0.090428369,1.030027358,0.097260912,0.001420602,0.4732357,188,379.4,0.91945195,0.51,weak
Cl[Ni]Cl.n1ccc(cc1)Nc1ccncc1,3.56183,2.64337,3.56183,1.32559,498.559,0.4216,0.318047,Ni,0.922843897,0.009209842,1.061163915,0.011554016,1.167264614,0.009114901,0.002444207,0.194951627,94,339.1,0.9493488,0.7,weak
unknown,7.77432,5.11538,6.8875,1.00775,876.38,0.5772,0.572761,Mn,0.879750948,0.02864379,0.975360524,0.055574286,1.030496892,0.06793555,0.001507459,0.434258652,83,388.3,0.788162,0.568709677,strong
[Cd].[O-]C(=O)c1ccc(cc1)Oc1ccc(cc1)C(=O)[O-].[O-]C(=O)c1ccncc1,7.73712,5.42002,7.73712,1.1815,909.508,0.5916,0.500718,Cd,0.73484076,0.025151861,0.830971956,0.039695289,0.887444248,0.052460061,0.001526035,0.283640114,83,339.9,0.8014999,0.664038462,weak
C(Cc1ccncc1)Cc1ccncc1.[Cu].[O-]C(=O)c1cc(OCC=CCOc2cc(cc(c2)C(=O)[O-])C(=O)[O-])cc(c1)C(=O)[O-],5.4856,3.48036,5.39283,1.01468,4013.72,0.5406,0.532778,Cu,0.988363577,0.05427031,1.090198393,0.096897912,1.13238781,0.100301672,0.001440242,0.566231777,524,386.8,0.6951441,0.673745455,unknown
[Eu].[O-]C(=O)c1ccc(cc1)N[C]1NC(=NC(=N1)Nc1ccc(cc1)C(=O)[O-])Nc1ccc(cc1)C(=O)[O-].[O-]C(=O)c1ccc(cc1)N[C]1N[C](Nc2ccc(cc2)C(=O)[O-])N=[C](=N1)[N]c1ccc(cc1)C(=O)[O-],9.93484,8.5685,9.93484,0.895347,6362.76,0.6744,0.753227,Eu,0.767071818,0.028512603,0.854795761,0.05207164,0.903821805,0.059635282,0.0013675,0.363271512,420,415.4,0.9407828,0.87,strong
[O-]C=O.[Zn],4.64754,3.60747,4.61185,1.9285,713.037,0.444,0.230231,Zn,0.728146097,0.019078577,0.786563344,0.028143993,0.822819655,0.043194465,0.000946736,0.447818917,108,298.1,0.57669866,0.630299958,weak
unknown,5.28182,3.39356,5.27451,1.30537,2383.28,0.473,0.362349,Ni,0.892266693,0.028982972,1.00213641,0.061276713,1.050875712,0.070527329,0.00158609,0.426628039,368,342.4,0.8679694,0.829200627,strong
unknown,5.46539,4.21037,5.46539,1.3838,2491.68,0.4418,0.319267,Tb,0.886123894,0.031269625,0.983740732,0.063963348,1.036644564,0.07755773,0.001505207,0.442014053,448,366.3,0.37694576,0.51,none
[Cd].[O-]C(=O)c1ccc(o1)C(=O)[O-],4.4852,3.28413,4.29019,1.70185,456.452,0.4906,0.288275,Cd,0.670472719,0.010214309,0.749066561,0.02050116,0.79869676,0.023248034,0.00128224,0.290627874,55,337.3,0.0987739,0.577558824,weak
[O-]C(=O)c1ccc2c(c1)[nH]c(n2)c1cccnc1.[Zn],6.21817,5.22361,6.21817,0.958222,1118.51,0.5956,0.621568,Zn,0.893372384,0.033680869,1.020372059,0.048201849,1.080735392,0.062653044,0.00187363,0.342389419,106,383.2,0.89566064,0.393646062,strong
[O-]C(=O)c1ccc2c(c1)[nH]c(n2)c1cccnc1.[Zn],6.21845,5.19067,6.21845,0.958171,1112.56,0.5924,0.618261,Zn,0.889492745,0.034292594,1.01672585,0.048183671,1.082646961,0.063790864,0.001931542,0.320248755,106,383.9,0.8985996,0.393646062,strong
O=P(c1ccccc1)(c1ccccc1)c1ccc(cc1)c1cc(nc(c1)c1ccncc1)c1ccncc1.[Co],5.93349,3.83703,5.922,1.11202,1837.02,0.4878,0.438662,Co,0.927018365,0.04498182,1.058971063,0.068320896,1.122308786,0.087218211,0.001952904,0.352582939,268,282.2,0.1756818,0.74,weak
[Cd][Cd].[O-]C(=O)c1ccc(cc1)S(=O)(=O)c1ccc(cc1)C(=O)[O-],5.77161,3.83429,5.76717,1.64404,758.578,0.4506,0.274081,Cd,0.732542058,0.021729025,0.821935848,0.040993934,0.860949055,0.04906738,0.00128407,0.355717828,120,341.5,0.8721565,0.44,none
[O-]C(=O)c1ccc(cc1)S(=O)(=O)c1ccc(cc1)C(=O)[O-].[OH].[Zn],4.82391,4.37452,4.80722,1.69475,662.708,0.4032,0.237912,Zn,0.79748843,0.023806279,0.89485818,0.049168784,0.939342579,0.056476409,0.001418541,0.380740211,130,409.1,0.7428133,0.536071429,none
[Ag].[In].[O-]C(=O)c1cccnc1,5.12243,4.35883,5.12243,1.31283,963.831,0.5358,0.408124,"In,Ag",0.762993154,0.005559476,0.856243732,0.004441711,0.947367425,0.004449316,0.001843743,0.210224822,108,321.9,0.9238385,0.527058824,weak
unknown,3.47607,3.1628,3.47508,1.66069,379.039,0.4728,0.2847,Zn,0.75963784,0.040413141,0.823109263,0.049455485,0.80428915,0.080398983,0.000446513,0.639399166,52,213.7,0.94704217,0.504407801,weak
[O-]C(=O)c1ccc(cc1)c1ccc2c(c1)c1cc(ccc1[nH]2)c1ccc(cc1)C(=O)[O-].[Zn][O]([Zn])([Zn])[Zn],7.59184,6.0757,7.59184,0.90919,13815.8,0.633,0.696224,Zn,0.860432155,0.033562086,0.980582209,0.050695669,1.042811329,0.067644307,0.001823792,0.322948122,1144,365.9,0.4209765,0.48,none
unknown,7.30876,6.02741,7.30876,1.35485,473.316,0.5388,0.397684,"Dy,Co",0.710904316,0.013958286,0.791503915,0.027449892,0.836471577,0.037627612,0.001255673,0.340141189,47,320,0.8244718,0.3675,superstrong_high_loading
[Co].[Ho].[O-]C(=O)c1ncccc1C(=O)[O-],7.17949,5.90683,7.17949,1.37876,476.212,0.5498,0.398764,"Ho,Co",0.707774377,0.01398347,0.787897121,0.026944904,0.835288453,0.037715784,0.001275141,0.330687385,47,319,0.82008016,0.3675,superstrong_high_loading
[Co].[Er].[O-]C(=O)c1ncccc1C(=O)[O-],7.20181,5.92665,7.20181,1.38678,474.299,0.549,0.39588,"Er,Co",0.70471017,0.013353544,0.781698142,0.026541756,0.83122965,0.037847522,0.001265195,0.329727807,47,317.6,0.8204738,0.3675,superstrong_high_loading
[Co].[O-]C(=O)c1ncccc1C(=O)[O-].[Tm],7.17717,5.88475,7.17516,1.39476,472.336,0.5486,0.393329,"Co,Tm",0.70291838,0.012465878,0.78277564,0.026630326,0.829892733,0.035913103,0.001269744,0.32745202,47,317.7,0.8180192,0.3875,superstrong_high_loading
[Ag][Ag].[O-]C(=O)CN1[CH]C=C(C=C1)C(=O)[O-].[O]N(=O)=O,3.08728,2.55648,3.08065,2.71981,285.589,0.2554,0.0939036,Ag,0.618855955,0.014262939,0.676796913,0.030749897,0.724356075,0.029812446,0.001055001,0.304085894,100,351.7,0.46879432,0.25,weak
unknown,4.11766,3.44637,4.11545,1.27215,368.496,0.5078,0.399167,Cu,0.869513417,0.023687902,0.986432406,0.052610474,1.036626456,0.059653788,0.00167113,0.379295126,49,217.8,0.105229974,0.745,weak
unknown,7.85595,5.85903,7.84985,0.911355,3321.23,0.5826,0.639268,Zn,0.943394394,0.037337021,1.064255233,0.067371345,1.136367202,0.077655802,0.001929728,0.372600783,340,281.8,0.85401845,0.71,weak
[O-]C(=O)c1ccc(cc1)C#Cc1c2c(c(c3c1C1c4c(C3c3c1cccc3)cccc4)C#Cc1ccc(cc1)C(=O)[O-])C1c3c(C2c2c1cccc2)cccc3.[Zn][Zn],9.56202,7.99894,9.56202,0.856826,1826.94,0.6026,0.703293,Zn,0.952443934,0.037303749,1.089878583,0.059836667,1.158081273,0.070540148,0.002056373,0.347070559,170,287.7,0.7532928,0.7,weak
[O-]C(=O)c1ccc(o1)C(=O)[O-].[Zn],5.7396,4.59935,5.7396,1.07923,1567.64,0.627,0.580972,Zn,0.770164144,0.013525628,0.868892383,0.022937011,0.924762219,0.02851709,0.001545981,0.313512987,110,281.8,0.31813383,0.36,weak
[Co].[O-]C(=O)c1cc(c(cc1C(=O)[O-])C(=O)[O-])P(=O)([O])[O].c1ccc(c(c1)Cn1cncc1)Cn1cncc1,4.23185,3.46185,4.23185,1.59981,528.807,0.3798,0.237403,Co,0.836705366,0.022847896,0.941422339,0.0327608,0.999852321,0.040368726,0.00163147,0.354979,111,353.5,0.8354146,0.569655172,superstrong_high_loading
[O]S(c1cccc2c1cccc2S([O])([O])[O])([O])[O].[Pr],4.32306,2.50132,4.31433,1.51409,1810.97,0.4084,0.269734,Pr,0.819334274,0.026745794,0.931762329,0.053508587,0.976268237,0.064605744,0.00156934,0.359852745,348,375.6,0.9411663,0.7,none
Cc1nc(C)c(nc1C)C.[Ag]1[Ag][Ag][Ag][Ag][Ag]1.[O-]C(=O)c1cc(cc(c1)N(=O)=O)C(=O)[O-],5.17559,4.77124,5.17559,1.89554,1140.65,0.3868,0.204058,Ag,0.747405674,0.022211876,0.827800097,0.038947224,0.899462778,0.03869676,0.001520571,0.292689653,252,340.2,0.17727014,0.5,weak
unknown,5.29133,4.83031,5.29133,1.86031,1149.63,0.3826,0.205665,Ag,0.738316083,0.026009664,0.802089515,0.054505547,0.844972429,0.058079591,0.001066563,0.421828799,252,338.8,0.18070188,0.51,weak
[O-]C(=O)c1cc(Oc2ccc(cc2)C2=NN=N[N]2)cc(c1)C(=O)[O-].[OH2][Sm][OH2],4.59113,3.81916,4.46155,1.47588,574.546,0.501,0.339459,Sm,0.727160611,0.020386567,0.814985913,0.041908199,0.862168146,0.052618255,0.001350075,0.328911855,76,360.4,0.32488623,0.87,superstrong_high_loading
[O-]C(=O)c1cc(Oc2ccc(cc2)C2=NN=N[N]2)cc(c1)C(=O)[O-].[OH2][Eu][OH2],4.58904,3.79464,4.4485,1.48285,572.73,0.5002,0.337324,Eu,0.723961996,0.020390149,0.808751393,0.042054835,0.855054822,0.052325678,0.001310928,0.33709785,76,360.3,0.29566264,0.85962963,superstrong_high_loading
[O-]C(=O)c1cc(Oc2ccc(cc2)C2=NN=N[N]2)cc(c1)C(=O)[O-].[OH2][Gd],4.63435,3.76627,4.63435,1.46095,590.411,0.521,0.356617,Gd,0.697684896,0.017110327,0.780083936,0.036975529,0.820683418,0.045730228,0.001229985,0.335655923,70,409.1,0.39237505,0.75,none
[O-]C(=O)c1cccc(c1)C(=O)[O-].[Zn].n1ccc(cc1)N1CCN(CC1)c1ccncc1,6.92787,5.95334,6.80105,0.951977,3892.96,0.5938,0.623754,Zn,0.952748827,0.039505181,1.076483212,0.055006267,1.155259144,0.056653157,0.002025103,0.352710951,408,345.7,0.83521634,0.308517857,strong
[Co][OH2][Co][OH2][Co].[O-]C(=O)c1ccc(cc1)c1ccc(cc1C(=O)[O-])C(=O)[O-],5.4668,3.66161,5.4668,1.24631,2746.81,0.4704,0.377434,Co,0.916819982,0.03388304,1.022953556,0.069733924,1.067495067,0.084205755,0.001506751,0.47506007,436,225.5,0.45109868,0.847200627,strong
[Cu].[Cu][OH]1[Cu][OH]([Cu]1)[Cu].[O-]C(=O)c1cc(cc(c1)C(=O)O)C(=O)[O-].[O-]C(=O)c1cc(cc(c1)C(=O)[O-])C(=O)[O-].c1ncn(c1)CCCn1cnnc1,3.71447,2.8097,3.71447,1.63875,655.074,0.404,0.246529,Cu,0.859810744,0.018530318,0.962539822,0.038493177,1.01583846,0.039312176,0.001560277,0.399966004,132,270.6,0.63074666,0.78,none
COc1cc(c2ccc(cc2)C(=O)[O-])c(cc1OC)c1ccc(cc1)C(=O)[O-].[Zn].n1ccc(cc1)NNc1ccncc1,4.66367,3.73123,4.60436,1.24339,2990.96,0.4458,0.358535,Zn,0.971061646,0.043230917,1.088358866,0.086768944,1.139732183,0.100659972,0.001686705,0.476037351,552,306.3,0.79050183,0.412642857,weak
COc1cc(c2ccc(cc2)C(=O)[O-])c(cc1OC)c1ccc(cc1)C(=O)[O-].[Co].[O-]C=O.n1ccc(cc1)NNc1ccncc1,5.3519,3.96561,5.34894,1.06612,2290.39,0.5282,0.49544,Co,0.963519168,0.042247943,1.06507966,0.079994512,1.118344358,0.093366982,0.001548252,0.507092895,294,248.6,0.5609939,0.688,strong
[O-]C(=O)c1ccc(cc1)C(=O)[O-].[O]12[Zr]34[OH]5[Zr]62[OH]2[Zr]71[OH]4[Zr]14[O]3[Zr]35[O]6[Zr]2([O]71)[OH]43,8.57883,4.07716,8.57883,1.22102,1344.25,0.594,0.486477,Zr,0.761312445,0.004758691,0.852397421,0.00481901,0.927677486,0.007286087,0.00166365,0.264851474,114,382,0.85495514,0.84,weak
[Co].[O-]C(=O)c1ccc(cc1)Nc1ccc(cc1)C(=O)[O-].c1ncn(c1)c1ccc2c(c1)c1cc(ccc1o2)n1cncc1,7.28209,5.9399,7.27604,1.20751,1584.58,0.4688,0.388236,Co,0.928551478,0.037995246,1.035466585,0.071848827,1.096743655,0.08374371,0.001681922,0.43158129,256,413.2,0.94540256,0.844212121,strong
[O-]C(=O)c1ccc(cc1)S(=O)(=O)c1ccc(cc1)C(=O)[O-].[OH].[Zn],4.93656,4.54089,4.88782,1.66435,690.877,0.4128,0.248024,Zn,0.803094395,0.023776569,0.900228332,0.043122733,0.948464148,0.050430937,0.001453698,0.375134823,130,410.3,0.7285258,0.536071429,none
[Cd].[O-]C(=O)C1=NN=C([CH]1)C(=O)[O-].[O-]C(=O)c1[n-][nH]c(c1)C(=O)O.[O-]C(=O)c1[nH][n-]c(c1)C(=O)[O-].[OH2][Cd],4.73489,3.16265,4.64092,1.99798,621.808,0.4576,0.229031,Cd,0.639537787,0.011987458,0.70369449,0.020901641,0.754962327,0.0259042,0.001154245,0.29541231,90,295,0.61316067,0.393828054,strong
[Er]12[OH]3[Er]4[OH]2[Er]2[OH]1[Er]3[OH]42.[O-]C(=O)c1ccc(cc1)c1cncc(c1)c1ccc(cc1)C(=O)[O-],12.70758,7.22422,12.52783,0.840959,19540.4,0.7324,0.87091,Er,0.641137657,0.025395721,0.715014119,0.04657248,0.751253146,0.054257563,0.001101155,0.317064091,936,411.2,0.28119612,0.68,none
unknown,12.44548,7.05215,12.44315,0.89958,18458.3,0.7268,0.807932,Lu,0.614658814,0.025476488,0.689120532,0.046805986,0.72561464,0.053281486,0.001109558,0.288119269,936,406.6,0.28268898,0.66,strong
[O-]C(=O)c1cc(CSc2nc3c([nH]2)cccc3)cc(c1)C(=O)[O-].[Zn],5.29331,4.03957,5.28524,1.19117,1146.33,0.5248,0.440576,Zn,0.844348777,0.025937079,0.951352142,0.051301399,0.996629014,0.061583674,0.001522802,0.397795815,136,359.7,0.9196042,0.670571429,none
[O-]C(=O)c1cc(CSc2nc3c([nH]2)cccc3)cc(c1)C(=O)[O-].[Zn].c1ncn(c1)c1ccc(cc1)c1ccc(cc1)n1cncc1,5.29134,3.52181,5.27688,1.40778,1024.39,0.4059,0.288332,Zn,0.902191543,0.032180661,1.010705552,0.06427855,1.065567737,0.076165029,0.001633762,0.421004934,208,376.8,0.928594,0.69,none
[Nd].[O-]C(=O)c1ccc(cc1)Oc1ccc(cc1)C(=O)[O-],5.64911,4.27538,5.64911,1.35969,2574.82,0.4986,0.366702,Nd,0.747590131,0.024454589,0.832788689,0.048019812,0.875351729,0.060214305,0.001277616,0.371411259,332,464.8,0.87965524,0.82962963,none
unknown,5.60355,4.27431,5.58989,1.40562,2455.84,0.486,0.345754,Sm,0.736718892,0.024190867,0.823033773,0.0471267,0.864830728,0.058620029,0.001281118,0.359803038,332,453,0.86181176,0.8,none
unknown,5.61851,4.19073,5.60379,1.41892,2445.15,0.487,0.343219,Eu,0.733847802,0.023961298,0.820931307,0.04724024,0.860467518,0.058432803,0.001266197,0.3619132,332,452.3,0.8684305,0.78,none
Nc1ccc(cc1)Cn1ncnc1.[Cd],5.25157,3.57485,5.24497,1.11534,776.648,0.566,0.507469,Cd,0.838011434,0.053278516,0.959219257,0.082554691,1.023095483,0.078948681,0.00185084,0.292314553,94,306.8,0.8276533,0.5585,weak
[Ni].[O-]C(=O)c1cccc(c1)C(=O)[O-].c1ncn(c1)Cc1ccc(cc1)c1ccc(cc1)Cn1cncc1,3.56425,3.03344,3.56425,1.38292,504.938,0.3914,0.283024,Ni,0.971065955,0.043779498,1.07570119,0.08647511,1.133265686,0.099411465,0.001621997,0.492311883,118,271.1,0.47938436,0.7,strong
Cl[Cu]Cl.n1ccc(cc1)c1ccc(cc1)C(=C(c1ccc(cc1)c1ccncc1)c1ccc(cc1)c1ccncc1)c1ccc(cc1)c1ccncc1,7.39096,6.21369,7.23381,0.859717,7161.05,0.5978,0.695345,Cu,0.925855858,0.049932765,1.061038067,0.079194949,1.108163316,0.09522679,0.001823075,0.393609643,680,376.2,0.18881616,0.856153846,none
Cl[Mn]Cl.n1ccc(cc1)c1ccc(cc1)C(=C(c1ccc(cc1)c1ccncc1)c1ccc(cc1)c1ccncc1)c1ccc(cc1)c1ccncc1,7.38868,6.24423,7.24949,0.847701,7232.38,0.602,0.710156,Mn,0.932411268,0.049900906,1.044021658,0.093722605,1.085047802,0.10306863,0.001526365,0.486265709,680,425,0.116000265,0.8,weak
[Fe].[O-]C(=O)C(=O)[O-],5.27197,4.09919,5.27197,1.0999,744.257,0.656,0.596419,Fe,0.737845625,0.023327699,0.803782505,0.02241356,0.858355444,0.01746403,0.001205098,0.378210156,40,320.8,0.79492444,0.5,weak
unknown,5.23271,4.08654,5.0291,0.937448,710.68,0.6416,0.684411,Mg,0.813003098,0.026424007,0.9536886,0.025090014,1.022910481,0.024192814,0.002099074,0.195191552,40,463.8,0.81691813,0.22,weak
[In].[O-]C(=O)c1cc(cc(c1)C(=O)[O-])C(=O)[O-],6.25511,5.54572,6.24188,0.917254,5955.67,0.7012,0.764456,In,0.723003418,0.013958847,0.812727024,0.02597004,0.858150069,0.031977808,0.001351467,0.324946886,300,386.1,0.8990373,0.9,weak
[Co].n1ccc(cc1)C#Cc1ccc(cc1)C#Cc1ccncc1,8.18028,7.92646,8.18028,0.606579,1446.99,0.7184,1.18435,Co,0.960789202,0.039868804,1.08277909,0.059895893,1.159495335,0.077484152,0.001987061,0.372216411,75,285,0.18933174,0.636666667,weak
[O-]C(=O)c1cc(c2cc(cc(c2)C(=O)[O-])C(=O)[O-])c(cc1c1cc(cc(c1)C(=O)[O-])C(=O)[O-])C(=O)[O-].[Zn][O]1[Zn][O]([Zn]1)[Zn],5.05381,3.72999,5.0367,1.47923,470.101,0.5356,0.362081,Zn,0.730163891,0.01254189,0.823333304,0.020134408,0.871176275,0.023814853,0.001410124,0.314681147,50,232.9,0.6350138,0.54,strong
[Eu].[O-]C(=O)c1cc(cc(c1)C(=O)[O-])c1cc(cc(c1)C(=O)O)C(=O)[O-].[O-]C(=O)c1cc(cc(c1)C(=O)[O-])c1cc(cc(c1)C(=O)[O-])C(=O)[O-],7.10272,5.92088,7.10272,1.4765,841.736,0.521,0.352862,Eu,0.689323881,0.015264529,0.761918385,0.033064695,0.806038933,0.038557061,0.001167151,0.343924384,95,328.2,0.85254997,0.9,superstrong_high_loading
unknown,6.27358,5.44523,6.26604,1.0597,788.339,0.5158,0.486742,Cd,0.949605881,0.006174614,1.087467032,0.003544421,1.222649528,0.004493594,0.002730436,0.130921381,105,301,0.7714554,0.86,weak
[Mn].[O-]C(=O)C1=CC(=S)C(=CC1=S)C(=O)[O-],12.00526,10.79373,12.00526,1.02928,2192.19,0.6738,0.654633,Mn,0.707343569,0.005520939,0.767005674,0.008384147,0.833980226,0.005637053,0.001266367,0.326214858,108,310.6,0.8613632,0.538709677,none
CC(C1=NN=C([N]1)C(C)C)C.[Cu],9.39866,8.82379,9.39866,1.01975,2850.29,0.6156,0.603675,Cu,0.931890506,0.06621605,0.982176701,0.128246605,1.028393693,0.118126064,0.000965032,0.643059144,316,263.1,0.7515293,0.45,superweak
CC(C1=NN=C([N]1)C(O)C)O.[Cu],11.01739,9.30306,11.01739,1.02953,3060.45,0.6564,0.637574,Cu,0.874609339,0.040876416,0.952456712,0.072571888,0.992368269,0.073957814,0.001177589,0.527655183,268,268.9,0.7097366,0.738571429,weak
[Cu].n1ccc(cc1)C#Cc1ccc(cc1)C#Cc1ccncc1,10.72504,10.39704,10.6983,0.765355,2198.55,0.6612,0.863912,"Cu,Si",0.939797256,0.033480666,1.060206439,0.049476589,1.139251488,0.071900567,0.001994542,0.348328581,152,327.2,0.65773803,0.71,strong
unknown,7.19351,6.59001,7.18129,0.985614,1764.02,0.5818,0.590292,Cu,0.895722404,0.035160714,1.017448884,0.049175895,1.076241905,0.059224925,0.001805195,0.364652819,176,279.9,0.6566367,0.87,superstrong_high_loading
[O-]C(=O)c1ccc(cc1)n1cnnc1.[Zn],5.6878,4.46539,5.66932,1.13028,2755.71,0.5308,0.469619,Zn,0.88184119,0.029273639,0.999266779,0.05717413,1.038712626,0.071662424,0.001568714,0.424223507,328,353.8,0.5161396,0.446571429,weak
[Co].[O-]C(=O)c1ccc(cc1)N(c1ccc(cc1)C(=O)[O-])c1ccc(cc1)c1ccc(cc1)N(c1ccc(cc1)C(=O)[O-])c1ccc(cc1)C(=O)[O-],9.5622,8.33335,9.5622,0.705297,4846.16,0.687,0.974058,Co,0.900091725,0.041430207,1.022083615,0.059472414,1.080985195,0.07439944,0.001808935,0.367926367,302,397.7,0.5858222,0.6,weak
[Cd].[O-]C(=O)c1ccc(cc1)N(c1ccc(cc1)C(=O)[O-])c1ccc(cc1)c1ccc(cc1)N(c1ccc(cc1)C(=O)[O-])c1ccc(cc1)C(=O)[O-],10.7636,6.46187,10.7636,0.754034,10136.1,0.6938,0.920118,Cd,0.814360202,0.034290857,0.925564254,0.049802887,0.981260011,0.065027866,0.001668998,0.322912157,604,350.2,0.44573367,0.72,weak
Nc1cc(cc(c1)C(=O)[O-])C(=O)[O-].[Zn].n1cc([nH]c1)c1ccc(cc1)c1[nH]cnc1,3.6645,2.63718,3.64475,1.55981,580.662,0.39,0.25003,Zn,0.858158634,0.02939788,0.96685055,0.059132614,1.021209395,0.071078475,0.001630508,0.378061858,128,324.9,0.59739184,0.485333333,superstrong_high_loading
COc1cc2Cc3cc(c4ccc(cc4)C(=O)[O-])c(cc3Cc3c(Cc2cc1c1ccc(cc1)C(=O)[O-])cc(OC)c(c3)c1ccc(cc1)C(=O)[O-])OC.[Co],6.5579,5.55083,6.35689,0.99702,6692.15,0.5614,0.563078,Co,0.968489784,0.037685761,1.076798856,0.057426842,1.163297621,0.05494304,0.001948078,0.387701323,768,357.7,0.42050087,0.39,strong
[Cu].[O-]C(=O)CC(CC(=O)[O-])CC(=O)[O-].c1ccc(nc1)c1nc(c2ccccn2)c(nc1c1ccccn1)c1ccccn1,9.58251,8.45898,9.58251,0.970064,4069.29,0.6188,0.637896,Cu,0.865884162,0.034018732,0.949351921,0.058385674,1.018437021,0.071431709,0.001525529,0.410622696,368,274.3,0.36100417,0.71,strong
unknown,6.93233,4.45124,6.85649,0.994083,1197.62,0.5916,0.595122,Cd,0.893170678,0.042255449,0.978801177,0.073662563,1.041760052,0.081648348,0.001485894,0.451181159,126,299.1,0.86058986,0.589411765,weak
N1=C[N]N([CH]1)c1ccc(cc1)C1=NN=N[N]1.[O-]C(=O)c1ccc(cc1)[Si](c1ccc(cc1)C(=O)[O-])(c1ccc(cc1)C(=O)[O-])c1ccc(cc1)C(=O)[O-].[Zn][O]([Zn])[Zn],6.19022,3.98017,6.14705,1.28641,2493.15,0.5176,0.402359,"Zn,Si",0.829279809,0.025148734,0.931023308,0.049682334,0.975365706,0.061960387,0.001460859,0.400588972,316,303.4,0.91834986,0.46,strong
C1=N[CH]N([N]1)Cc1ccc(cc1)Cn1cncn1.N1=C[N]N([CH]1)Cc1ccc(cc1)CN1[N]C=N[CH]1.[Co].[O-]C(=O)c1ccc(cc1)S(=O)(=O)c1ccc(cc1)C(=O)[O-],4.87338,4.29506,4.87338,1.26453,1413.13,0.4458,0.352542,Co,0.929080761,0.032392156,1.04237015,0.067101978,1.095299222,0.082697754,0.001662185,0.440485432,240,383.8,0.8221915,0.742,none
[Co][Co].[O-]C(=O)c1ccc(cc1)S(=O)(=O)c1ccc(cc1)C(=O)[O-].c1ncn(c1)Cc1ccc(cc1)Cn1cncc1,4.94127,3.17045,4.9372,1.46846,419.78,0.3848,0.262044,Co,0.909000247,0.032454814,1.022964951,0.066294508,1.065843392,0.080022516,0.001568431,0.450318526,92,347.4,0.89616543,0.55,none
COc1ccc(cc1C(=O)[O-])c1ccc(c(c1)C(=O)[O-])OC.[La],4.90147,3.39592,4.45492,1.38344,1324.14,0.468,0.338286,La,0.847549495,0.026679367,0.945225891,0.040817512,1.014352701,0.04196418,0.001668032,0.351898141,208,402.6,0.66209984,0.98,none
[O-]C(=O)c1ccc(cc1)C=Cc1ccc(cc1)C(=O)[O-].[O-]C(=O)c1ccc(cc1)[CH][CH]c1ccc(cc1)C(=O)[O-].[Tm].[Tm][Tm],10.0181,8.74126,10.0181,0.833314,4450.13,0.7104,0.852499,Tm,0.695733542,0.0281009,0.772270189,0.054449127,0.809549579,0.062396187,0.00113816,0.360828305,246,555.8,0.8298796,0.63,none
[Er].[Er][Er].[O-]C(=O)c1ccc(cc1)C=Cc1ccc(cc1)C(=O)[O-].[O-]C(=O)c1ccc(cc1)[CH][CH]c1ccc(cc1)C(=O)[O-],10.06968,8.83185,10.05254,0.816123,4524.26,0.7096,0.869477,Er,0.69684428,0.028748191,0.777147333,0.054162548,0.811952326,0.062977976,0.00115108,0.359103152,246,552.2,0.8263098,0.62,none
[O-]C(=O)c1ccc2c(c1)ccc(c2)C(=O)[O-].[Zn].n1ccc(cc1)c1ccc(cc1)N(c1ccc(cc1)c1ccncc1)c1ccc(cc1)c1ccncc1,5.88419,4.79322,5.88419,0.951715,1499.8,0.5684,0.597237,Zn,0.946632144,0.041221568,1.054684869,0.084400744,1.10741769,0.10007148,0.001607855,0.473495493,168,311.8,0.69483316,0.78,weak
[O-]C(=O)c1ccc(cc1)C=Cc1ccc(cc1)C(=O)[O-].[Zn].[Zn][Zn].n1ccc(cc1)c1ccc(cc1)N(c1ccc(cc1)c1ccncc1)c1ccc(cc1)c1ccncc1,6.28877,4.52526,6.28877,0.980922,3925.22,0.5758,0.586999,Zn,0.92305324,0.04217135,1.02365463,0.083709563,1.075751316,0.092409196,0.001526981,0.473043123,432,325.5,0.5555179,0.736666667,weak
OC(=O)c1cc(cc(c1)Oc1ccccc1C(=O)[O-])Oc1ccccc1C(=O)[O-].[Co].n1ccc(cc1)c1ccncc1,5.49014,3.54007,5.46518,1.21542,3010.21,0.4534,0.373039,Co,0.947081748,0.032181616,1.06376532,0.069794742,1.11759612,0.08469859,0.001705144,0.446014094,496,314.2,0.58871794,0.89,superstrong_high_loading
[Cd].[O-]C(=O)c1cc([O])c(cc1[O])C(=O)[O-],12.35673,11.5506,12.35673,1.38141,1035.74,0.6856,0.496304,Cd,0.532118095,0.007429004,0.588802743,0.014483871,0.631731636,0.012868834,0.000996135,0.235570098,54,380.7,0.9498073,0.291538462,weak
unknown,6.98109,4.25753,6.45831,1.23299,1932.83,0.5426,0.440068,"Fe,Cr",0.84771649,0.019079791,0.959259556,0.029274395,1.015653027,0.038723527,0.001679365,0.353098481,206,285.2,0.6925333,0.38,strong
I[Cu][Cu]I.[Eu].[O-]C(=O)c1ccncc1,6.92453,5.91349,6.92453,1.13764,1311.82,0.6928,0.608979,"Cu,Eu",0.555756838,0.01521459,0.60669292,0.024009148,0.657026971,0.032834276,0.001012701,0.252046777,66,325.4,0.7248337,0.4205,superstrong_high_loading
O.[Co].[O-]C(=O)C1CCC(CC1)C(=O)[O-],4.25315,3.76589,4.18662,1.20567,691.574,0.508,0.421343,Co,0.980986722,0.05027007,1.061521966,0.079274837,1.122365621,0.087478213,0.001413789,0.560131955,104,336,0.79121643,0.47,none
[Cd].[O-]C(=O)c1cc(cc(c1)C(=O)[O-])[Si](c1cc(cc(c1)C(=O)[O-])C(=O)[O-])(c1cc(cc(c1)C(=O)[O-])C(=O)[O-])C,5.70001,4.0069,5.67007,1.58377,1863.78,0.511,0.322647,"Cd,Si",0.662348245,0.011675257,0.733790364,0.029318013,0.775253907,0.033252277,0.001129057,0.328627685,212,135.1,0.7374973,0.48,none
[O-]C(=O)c1cc(C(=O)[O-])c(c(c1)C(=O)[O-])[O].[Zn].n1ccc(cc1)c1ccncc1,6.83229,2.91537,6.82667,1.28721,1271.19,0.5716,0.444061,Zn,0.748950353,0.015851701,0.831980604,0.03126414,0.887537041,0.038688903,0.001385867,0.337769257,120,305.3,0.8681661,0.680357143,superstrong_high_loading
CN(c1c(F)c(F)c(c(c1F)F)C1=C2C=CC(=C(c3ccc(cc3)n3ccnc3)C3=NC(=C(C4=CC=C(C(=C5N=C1C=C5)c1ccc(cc1)n1ccnc1)[N]4)c1c(F)c(F)c(c(c1F)F)N(C)C)C=C3)[N]2)C.[Fe],14.63467,10.9264,14.63467,0.557505,9404.49,0.7658,1.37362,Fe,0.918246946,0.032849259,1.03053078,0.066640887,1.097324729,0.075828301,0.001790778,0.388595243,428,366.7,0.84484583,0.69,weak
[In].[O-]C(=O)c1ccc(cc1)C1=C2C=CC(=N2)C(=c2ccc(=C(C3=NC(=C(c4[nH]c1cc4)c1ccc(cc1)C(=O)[O-])C=C3)c1ccc(cc1)C(=O)[O-])[nH]2)c1ccc(cc1)C(=O)[O-].[OH],7.89324,5.37061,6.19872,0.873391,1345.64,0.6738,0.771476,In,0.801152114,0.037445363,0.885856798,0.056877573,0.951215899,0.071044509,0.001500638,0.354185025,92,323.8,0.2976848,0.47,weak
unknown,9.06841,8.49257,9.0647,0.87931,3075.55,0.664,0.755138,Zn,0.823969739,0.022065054,0.921294027,0.045720161,0.967437053,0.056798289,0.001434673,0.402098007,208,348.9,0.36349803,0.63,weak
unknown,4.21465,2.85487,4.21465,1.32728,2391.5,0.4518,0.340395,Cd,0.896965192,0.043063459,0.99626741,0.07773913,1.052447346,0.085192499,0.001554822,0.437705777,432,307,0.38994926,0.618639995,strong
[Cd][O]([Cd][OH2]1[Cd][OH2]([Cd]1)[Cd][O]([Cd])[Cd])[Cd].[O-]C(=O)CN(C1=NC(=[N]=C([N]1)N(CC(=O)[O-])CC(=O)[O-])N(CC(=O)[O-])CC(=O)[O-])CC(=O)[O-],4.06616,2.66688,4.05694,2.53681,446.407,0.3582,0.141201,Cd,0.624942289,0.014202677,0.671217991,0.027528281,0.724790468,0.030961428,0.000998482,0.324181623,106,361.5,0.83740556,0.75,unknown
[O-]C(=O)c1ccc(cc1)C(c1ccc(cc1)C(=O)[O-])c1ccc(cc1)C(=O)[O-].[Zn][OH]1[Zn][OH]([Zn]1)[Zn],5.37644,2.95718,5.37644,1.18629,1966.71,0.5186,0.43716,Zn,0.867167356,0.035152972,0.974961793,0.068326379,1.021327912,0.075565971,0.001541606,0.414923741,260,384.5,0.7304377,0.758319923,strong
[Eu].[O-]C(=O)c1ccc(cc1)c1cc(cc(c1)c1ccc(cc1)C(=O)[O-])c1ccc(cc1)C(=O)[O-],6.75856,5.03361,6.74899,1.05574,1117.14,0.6046,0.57268,Eu,0.762103953,0.027973721,0.849271947,0.054713746,0.893731927,0.064029586,0.00131628,0.37433803,98,491.7,0.57333326,0.897692308,none
C(Cc1ccncc1)Cc1ccncc1.[Cd].[O-]C(=O)c1ccc(cc1)Oc1ccc(cc1)C(=O)[O-],5.59392,3.363,5.57947,1.23008,1504.22,0.4914,0.399487,Cd,0.872177802,0.043353867,0.972506195,0.078387657,1.019360666,0.089231273,0.001471829,0.439541531,228,330.6,0.80969334,0.402892157,superstrong_high_loading
unknown,4.73804,2.58755,4.45784,1.19694,1535.22,0.5004,0.418068,Zn,0.900186974,0.032666694,1.009306373,0.066292768,1.06481672,0.076494116,0.001646297,0.415232577,220,392.3,0.58258754,0.74,strong
[Cd].[O-]C(=O)c1cc(Oc2ccc(cc2)c2cc(nc(c2)c2ccncc2)c2ccncc2)cc(c1)C(=O)[O-],5.10322,2.6955,5.0839,1.2961,1452.88,0.4726,0.364633,Cd,0.841403052,0.031496478,0.958445763,0.04812213,1.008153505,0.064472783,0.001667505,0.352374189,220,350,0.6064872,0.92,strong
[O-]C(=O)c1cc(cc(c1)C(=O)[O-])c1cc(cc(c1)C(=O)[O-])C(=O)[O-].[OH].[V],7.31261,7.0938,7.31261,1.11073,810.795,0.5868,0.528303,V,0.846022953,0.021100372,0.93094547,0.039551175,0.996590611,0.046419625,0.001505677,0.397532875,72,538.1,0.6746678,0.637032967,weak
OC(P(=O)(O)[O])c1ccc(cc1)C(P(=O)(O)[O])O.OC(P(=O)(O)[O])c1ccc(cc1)C(P(=O)([O])O)O.[Eu],5.69914,3.57907,5.69914,1.37889,796.856,0.555,0.402497,Eu,0.758608961,0.023717968,0.856239598,0.042435071,0.904819212,0.045782494,0.001462103,0.328153376,86,312.6,0.93150187,0.88,superstrong_high_loading
CC1=C(C(=N[N]1)C)N1C(=O)c2ccc3c4c2c(C1=O)ccc4C(=O)N(C3=O)C1=C(C)N=N[C]1C.CC1=NN=C([C]1N1C(=O)c2ccc3c4c2c(C1=O)ccc4C(=O)N(C3=O)C1=C(C)[N]N=C1C)C.C[C]1N=NC(=C1N1C(=O)c2ccc3c4c2c(C1=O)ccc4C(=O)N(C3=O)[C]1C(=NN=C1C)C)C.[Cu].[Cu][Cu],8.035,4.37134,7.37881,1.12272,3003.4,0.584,0.520167,Cu,0.852464328,0.025825265,0.941360919,0.056931653,1.00525011,0.066104591,0.001527858,0.398274883,312,409,0.94134355,0.6,weak
CC1=NN=C([C]1N1C(=O)c2ccc3c4c2c(C1=O)ccc4C(=O)N(C3=O)C1=C(C)[N]N=C1C)C.CC1=N[N]C(=C1N1C(=O)c2ccc3c4c2c(C1=O)ccc4C(=O)N(C3=O)C1=C(C)[N]N=C1C)C.O=C1N([C]2C(=NN=C2C)C)C(=O)c2c3c1ccc1c3c(cc2)C(=O)N(C1=O)[C]1C(=NN=C1C)C.[Cu].[Cu][Cu],7.51719,4.17605,7.42372,1.13364,2864.45,0.5624,0.496102,Cu,0.852165447,0.026485931,0.94002134,0.057030305,1.007791138,0.065783336,0.001556257,0.38863606,312,408.4,0.9434183,0.6,weak
C(Cc1ccncc1)Cc1ccncc1.[O-]C(=O)CN(C1=NC(=[N]=C([N]1)N(CC(=O)[O-])CC(=O)[O-])N1CCN(CC1)C1=NC(=[N]=C([N]1)N(CC(=O)[O-])CC(=O)[O-])N(CC(=O)[O-])CC(=O)[O-])CC(=O)[O-].[Zn],6.15089,4.65972,6.12558,1.53087,2233.42,0.4218,0.27553,Zn,0.884908794,0.03083054,0.974391777,0.053352042,1.032046997,0.064535941,0.001471382,0.448798814,444,368.3,0.7990906,0.36,superstrong_high_loading
[Co].[O-]C(=O)C1=CC2=NN=NC2=C[CH]1.[O-]C(=O)C1=CC=C2C(=NN=N2)[CH]1.[O-]C(=O)c1ccc2c(c1)N=N[N]2.[OH],5.78961,4.85187,5.78961,1.51985,576.571,0.495,0.325689,Co,0.752692408,0.017182998,0.852243293,0.028695929,0.898373464,0.03505918,0.001456811,0.324552694,74,456.6,0.90964353,0.690666667,weak
[O-]C(=O)c1ccc(cc1)Oc1ccc(cc1)C(=O)[O-].[Tb],7.11031,6.37447,7.11031,1.26291,2856.85,0.5394,0.427108,Tb,0.769243006,0.030919543,0.860791916,0.05388589,0.903701091,0.062678933,0.001344581,0.373975373,330,263.4,0.91335833,0.81,weak
[O-]C(=O)c1ccc(cc1)n1nnc(c1)c1cc(cc(c1)c1nnn(c1)c1ccc(cc1)C(=O)[O-])c1nnn(c1)c1ccc(cc1)C(=O)[O-].[Zn].[Zn]O[Zn],18.21119,15.60206,18.19126,0.462869,17357.9,0.8188,1.76897,Zn,0.864453712,0.026312489,0.972914892,0.051960476,1.030791619,0.06081757,0.001663379,0.373870735,542,340.4,0.4945388,0.76,strong
[Cu].n1ccc(cc1)c1ccncc1,6.9917,3.97103,6.81849,0.920981,4439.49,0.6058,0.657777,Cu,0.908606157,0.045526112,1.015943469,0.084398414,1.05508393,0.094404655,0.001464778,0.48053898,424,unknown,unknown,unknown,none
unknown,9.8599,4.91439,9.80275,0.85444,2627.59,0.6654,0.778755,Zn,0.940914687,0.032893999,1.046493877,0.055011853,1.131643213,0.05039177,0.001907285,0.372134084,204,331.3,0.5337396,0.82,unknown
Cl[Cd]Cl.n1ccc(cc1)c1ccc(cc1)C(=C(c1ccc(cc1)c1ccncc1)c1ccc(cc1)c1ccncc1)c1ccc(cc1)c1ccncc1,7.11368,5.92665,7.11368,0.898524,918.071,0.6028,0.670878,Cd,0.869904133,0.045696138,0.967397214,0.085912269,0.998359475,0.090613738,0.001284553,0.495626581,85,356,0.119158804,0.627692308,weak
[O-]C(=O)c1cc(c2ccc(cc2)C(=O)[O-])c(cc1c1ccc(cc1)C(=O)[O-])C(=O)[O-].[Tb],5.90634,4.81591,5.89969,1.34373,742.943,0.5356,0.398592,Tb,0.719614745,0.021394494,0.80094196,0.039995646,0.848013182,0.048316928,0.001283984,0.34012877,82,431.4,0.7705591,0.9,strong
[Cu].n1ccc(cc1)c1ccc(cc1)c1ccncc1,6.95106,6.36902,6.95106,1.26169,909.175,0.5006,0.396768,"Cu,Ti",0.894745605,0.034390199,0.998473031,0.058729118,1.071877855,0.07599248,0.001771322,0.368402625,136,320.2,0.87632596,0.53,unknown
[O-]C(=O)c1ccc(cc1)Oc1ccc(cc1)C(=O)[O-].[Zn],5.81954,3.69681,5.81954,1.27769,1470.86,0.485,0.37959,Zn,0.882975522,0.025417178,1.010343117,0.039254341,1.072769722,0.052655309,0.001897942,0.324416417,216,341.8,0.8783813,0.64,weak
Cc1sc(cc1C1=C(c2cc(sc2C)c2ccncc2)C(C(C1(F)F)(F)F)(F)F)c1ccncc1.[O-]C(=O)c1ccc(cc1)c1ccc(cc1)C(=O)[O-].[Zn],9.58799,9.15532,9.57654,1.07479,2829.15,0.5528,0.514331,Zn,0.897386054,0.028490502,1.008307559,0.063810576,1.060295822,0.070581465,0.001629098,0.418478958,312,371.7,0.61485857,0.68,weak
Cc1sc(cc1C1=C(c2cc(sc2C)c2ccncc2)C(C(C1(F)F)(F)F)(F)F)c1ccncc1.[O-]C(=O)c1ccc(cc1)c1ccc(cc1)C(=O)[O-].[Zn],9.20401,8.7686,9.17427,1.0858,2766.02,0.546,0.502855,Zn,0.898728399,0.026026483,1.034147804,0.041236455,1.099855768,0.051133975,0.002011274,0.306964875,312,373.4,0.6139616,0.68,weak
Cc1sc(cc1C1=C(c2cc(sc2C)c2ccncc2)C(C(C1(F)F)(F)F)(F)F)c1ccncc1.[O-]C(=O)c1ccc(cc1)c1ccc(cc1)C(=O)[O-].[Zn],9.65194,9.16394,9.65194,1.06105,2915.57,0.5624,0.530043,Zn,0.895273461,0.027574191,1.009489511,0.063501129,1.059085903,0.071219901,0.001638124,0.414606077,312,371.1,0.6124894,0.67,weak
CCc1sc(cc1C1=C(c2cc(sc2CC)c2ccncc2)C(C(C1(F)F)(F)F)(F)F)c1ccncc1.[O-]C(=O)c1ccc(cc1)Oc1ccc(cc1)C(=O)[O-].[Zn],6.24664,3.23188,6.24602,1.19856,1692.97,0.5118,0.427011,Zn,0.900360773,0.027246584,1.032882976,0.037416009,1.095047684,0.05166853,0.001946869,0.328026297,226,351.2,0.874226,0.64,weak
[O-]C(=O)c1ccc(cc1)C1=C2C=CC3=[N]2[Zn]24n5c1ccc5C(=C1[N]2=C(C=C1)C(=c1n4c(=C3c2ccc(cc2)C(=O)[O-])cc1)c1ccc(cc1)C(=O)[O-])c1ccc(cc1)C(=O)[O-].[O]12[Ce]34[O]5[Ce]62[O]2[Ce]71[O]4[Ce]14[O]3[Ce]35[O]6[Ce]2([O]71)[O]43,23.2696,14.5945,23.2696,0.548192,25166.6,0.8262,1.50714,"Ce,Zn",0.702659756,0.010800891,0.771536058,0.012604495,0.853848367,0.011029752,0.001511886,0.246854588,662,278.7,0.5037834,0.59,strong
[O-]C(=O)c1ccc(cc1)c1cc(c2ccc(cc2)C(=O)[O-])c2c3c1ccc1c3c(cc2)c(cc1c1ccc(cc1)C(=O)[O-])c1ccc(cc1)C(=O)[O-].[O]12[Ce]34[O]5[Ce]62[O]2[Ce]71[O]4[Ce]14[O]3[Ce]35[O]6[Ce]2([O]71)[O]43,23.51979,17.73807,23.51979,0.557854,19261.1,0.8114,1.4545,Ce,0.754091264,0.006453427,0.842921628,0.008970642,0.938492363,0.008758959,0.001844011,0.199764572,594,349.5,0.65594196,0.66,strong
[O-]C(=O)c1ccc(cc1)c1cc(c2ccc(cc2)C(=O)[O-])c2c3c1ccc1c3c(cc2)c(cc1c1ccc(cc1)C(=O)[O-])c1ccc(cc1)C(=O)[O-].[O]12[Ce]34[O]5[Ce]62[O]2[Ce]71[O]4[Ce]14[O]3[Ce]35[O]6[Ce]2([O]71)[O]43,12.44211,8.55177,12.44211,0.669755,5020.78,0.7618,1.13743,Ce,0.758462784,0.006104777,0.845553072,0.009244393,0.942261782,0.008790811,0.00183799,0.205462721,198,413.4,0.36545515,0.65,superstrong
[Cu][Cu].[Ga][O]([Ga])[Ga].[O-]C(=O)c1ccc(cc1)c1cc(cc(c1)C(=O)[O-])C(=O)[O-],13.89369,9.71033,13.88485,0.639629,9275.76,0.7748,1.21133,"Ga,Cu",0.798144116,0.021158738,0.893346757,0.036546723,0.954459413,0.047856842,0.001563153,0.334879887,356,274,0.90478027,0.493076923,weak
unknown,7.85652,7.16989,7.84379,0.910783,2312.63,0.6764,0.742658,Cu,0.775107623,0.022525201,0.861490014,0.033690749,0.923198158,0.048164231,0.001480905,0.334948392,144,315.2,0.29126728,0.275,weak
[Cd].[O-]C(=O)c1cc(OCc2ccccc2C(=O)[O-])cc(c1)C(=O)[O-].[O][Cd],5.18297,4.1737,5.16985,1.58081,2009.68,0.4882,0.30883,Cd,0.718508566,0.015180056,0.796306489,0.034431349,0.840998474,0.040762537,0.001224899,0.356556501,272,378.3,0.83887124,0.499411765,none
[O-]C(=O)c1ccc(cc1)NC1=[N]=C(N=C([N]1)Nc1cc(cc(c1)C(=O)[O-])C(=O)[O-])Nc1cc(cc(c1)C(=O)[O-])C(=O)[O-].[Zn],12.49257,9.0047,12.44307,0.622394,5734.41,0.7674,1.23298,Zn,0.832068022,0.019625759,0.933720145,0.041074835,0.992076805,0.050885446,0.001600088,0.359257585,228,317.9,0.5840636,0.77,unknown
[Ce].[O-]C(=O)c1cc(cc(c1)C(=O)[O-])c1ccc(cc1)c1cc(cc(c1)C(=O)[O-])C(=O)[O-],6.50772,5.08568,6.50772,1.09349,1598.13,0.6524,0.596622,Ce,0.670600091,0.014706907,0.751074875,0.03104429,0.785107745,0.034145866,0.001145077,0.334817453,100,442.8,0.1652304,0.7305,none
O[Er].[O-]C(=O)c1ccc(cc1)C#Cc1ccc(cc1)C(=O)[O-],9.75883,8.23795,9.75101,0.888995,1457.61,0.672,0.75591,Er,0.743108274,0.025200249,0.827316062,0.045729294,0.873881509,0.058482415,0.001307732,0.357062291,90,442.5,0.0784193,0.68,unknown
[Cu].[Mo].[O].[O][As]([O])[O].c1ncn(c1)c1ccc(cc1)n1cncc1,5.0989,3.72099,5.07795,1.87096,590.826,0.5442,0.290866,"Cu,As,Mo",0.525124857,0.010635968,0.564562975,0.016216815,0.593479317,0.020515674,0.000683545,0.321815108,49,280.8,0.66253877,0.389574468,none
[Co].[O-]C(=O)c1ccc(cc1)C(=O)[O-].[O-]C(=O)c1ccc(cc1)N(c1ccc(cc1)C(=O)[O-])c1ccc(cc1)C(=O)[O-],10.30033,8.55202,10.29157,0.688299,7530.47,0.7162,1.04054,Co,0.872467721,0.031596742,0.989319417,0.0448818,1.047044829,0.060884663,0.001745771,0.358590775,396,338.8,0.8817833,0.55,weak
unknown,14.89793,5.59896,14.89793,0.684243,9198.1,0.676,0.987953,Zn,1.074559131,0.075935545,1.155724381,0.129134178,1.236643151,0.12435801,0.00162084,0.588348153,750,312.6,0.37282285,0.86,weak
[O-]C(=O)c1ccc2c(c1)ccc(c2)C(=O)[O-].[Yb],4.44624,2.68084,4.43788,1.52115,545.211,0.5052,0.332117,Yb,0.67192302,0.019013798,0.76746488,0.032735015,0.799427004,0.043302088,0.00127504,0.300007695,68,537.4,0.7563734,0.5,superstrong_high_loading
N#C[C](c1ccc(cc1)[C](C#N)C#N)C#N.[Rh][Rh],5.28665,3.62054,5.28665,1.13119,999.327,0.6256,0.553048,Rh,0.795286508,0.024403336,0.87526132,0.044507089,0.937522514,0.044628593,0.00142236,0.371530761,80,230.9,0.9307412,0.4615,unknown
CC(N1C(=O)c2ccc3c4c2c(C1=O)ccc4C(=O)N(C3=O)C(C(=O)[O-])C)C(=O)[O-].[Cd].n1ccc(cc1)c1ccncc1,6.1592,5.62314,6.1592,1.2809,3382.44,0.4818,0.376143,Cd,0.87918871,0.024220649,0.993096781,0.035946046,1.068324394,0.040869547,0.001891357,0.3182284,504,313.5,0.57647043,0.482892157,strong
CC(N1C(=O)c2ccc3c4c2c(C1=O)ccc4C(=O)N(C3=O)C(C(=O)[O-])C)C(=O)[O-].O=C1N(c2ccncc2)C(=O)c2c3c1ccc1c3c(cc2)C(=O)N(C1=O)c1ccncc1.[Cd],5.4861,4.07609,5.34736,1.28843,2349.19,0.4842,0.375807,Cd,0.888327521,0.022525453,1.011445142,0.033162843,1.084703849,0.038945244,0.001963763,0.307508355,348,338.2,0.5083052,0.88,strong
CC(C(=O)[O-])NCc1ccncc1.[Zn],5.73481,5.39718,5.73481,0.993165,998.806,0.6106,0.614802,Zn,0.924312003,0.047756084,0.993364099,0.088496805,1.040460431,0.090389689,0.001161484,0.579526014,100,244.4,0.8671497,0.77,weak
[O-]C(=O)c1cc(O)c(cc1O)C(=O)[O-].[O-]C(=O)c1cc([O])c(cc1[O])C(=O)[O-].[Tb],5.91874,5.47496,5.91205,1.78672,707.282,0.5374,0.300775,Tb,0.57294331,0.012991939,0.6360669,0.018961044,0.669027771,0.026674857,0.000960845,0.289717048,72,316.7,0.8578632,0.569388889,none
unknown,15.48597,6.62234,15.4779,0.747785,21119.4,0.7402,0.989857,Cu,0.80568751,0.012917756,0.876530734,0.030037353,0.946302085,0.039243745,0.001406146,0.38402243,944,289,0.935468,0.73,weak
[O-]C(=O)c1cc(cc(c1)C(=O)[O-])c1ccc(c(c1)C(=O)[O-])c1cc(cc(c1)C(=O)[O-])C(=O)[O-].[Zn],5.9825,4.52202,5.95371,0.974976,2466.3,0.6284,0.644529,Zn,0.794962104,0.018756796,0.900369471,0.026274178,0.965793956,0.039967621,0.001708319,0.28913036,176,337.2,0.81092966,0.94,weak
O=C1N(c2ccncc2)C(=O)c2c3c1ccc1c3c(cc2)C(=O)N(C1=O)c1ccncc1.[Ni].[O-]C(=O)c1ccc2c(c1)ccc(c2)C(=O)[O-],5.95504,5.06167,5.95504,1.06415,1111.76,0.5496,0.516467,Ni,0.89364806,0.027660247,1.028894481,0.041309101,1.08354452,0.054791303,0.001898965,0.337391408,120,295.4,0.3377759,0.85,weak
O=C1N(c2ccncc2)C(=O)c2c3c1ccc1c3c(cc2)C(=O)N(C1=O)c1ccncc1.[Ni].[O-]C(=O)c1ccc(cc1)C(=O)[O-],4.90255,3.60054,4.84723,1.17221,926.162,0.5246,0.447531,Ni,0.888068147,0.026967126,1.023099001,0.041409359,1.073962708,0.054101409,0.001858946,0.344412328,114,288.4,0.11869812,0.92,weak
[O-]C(=O)c1ccc(cc1)C[NH](Cc1ccc(cc1)C(=O)[O-])CCCN(Cc1ccc(cc1)C(=O)[O-])Cc1ccc(cc1)C(=O)[O-].[Zn],9.30214,8.99325,9.30214,0.820062,3395.04,0.6228,0.759455,Zn,1.005783651,0.03947336,1.150963253,0.055439897,1.223905938,0.058520553,0.002181223,0.363456275,308,397.9,0.4301612,0.07,strong
[Cu][Cu].n1ccc(cc1)C1=C2C=CC3=[N]2[Cu]24n5c1ccc5C(=C1[N]2=C(C=C1)C(=c1n4c(=C3c2ccncc2)cc1)c1ccncc1)c1ccncc1,6.09567,3.24003,6.09567,1.10967,7236.95,0.5248,0.472931,Cu,0.897343385,0.041641734,1.023946488,0.060998587,1.087533782,0.079288917,0.001901904,0.337274832,948,403.6,0.6713785,0.788884985,weak
[Mn].[Mn]Br.[O-]C(=O)c1ccc(cc1)C(=O)[O-],5.61168,3.75163,5.59503,1.20785,1301.97,0.5796,0.47986,Mn,0.719067779,0.015516817,0.794819686,0.033238818,0.833260218,0.04048504,0.001141924,0.382709026,106,384.6,0.66825616,0.38,strong
[Mn].[Mn]Br.[O-]C(=O)c1ccc(cc1)C(=O)[O-],5.53656,4.25232,5.53208,1.1993,1350.62,0.597,0.497791,Mn,0.71784839,0.016313951,0.788457549,0.034632758,0.833207328,0.042687456,0.001153589,0.376081474,106,411.2,0.30584016,0.38,strong
Cl[Mn].[Mn].[O-]C(=O)c1ccc(cc1)C(=O)[O-],5.63922,4.18387,5.63922,1.08784,1326.07,0.5966,0.548424,Mn,0.807202537,0.017529964,0.890308614,0.039370371,0.93684879,0.047988145,0.001296463,0.424358096,106,418.8,0.28584623,0.43,strong
[Mn][OH2][Mn].[O-]C(=O)c1ccc(cc1)c1ccc(cc1)C(=O)[O-],6.59676,5.16721,6.59676,1.02117,1560.84,0.5656,0.553875,Mn,0.92814665,0.032292546,1.032488825,0.064404869,1.085430826,0.075820114,0.001572842,0.464860817,166,375.4,0.62713265,0.686821429,superstrong_high_loading
Cl[Mn].[Mn].[O-]C(=O)c1ccc(cc1)C(=O)[O-],5.53754,3.57096,5.5212,1.10132,1308.97,0.5962,0.541349,Mn,0.809944616,0.017693053,0.894736414,0.0390374,0.938405665,0.045910846,0.00128461,0.431415224,106,383.6,0.71271265,0.43,strong
[Mn]O[Mn].[O-]C(=O)c1ccc(cc1)c1ccc(cc1)C(=O)[O-],6.72323,5.2222,6.72323,1.00193,1538.78,0.5484,0.547345,Mn,0.927073092,0.030623365,1.027440155,0.06136956,1.084448641,0.071417837,0.001573755,0.462172873,162,381.7,0.9003182,0.68425,superstrong_high_loading
[Mn]O[Mn].[O-]C(=O)c1ccc(cc1)c1ccc(cc1)C(=O)[O-],6.63577,5.16378,6.63577,1.02111,1497.21,0.5438,0.532559,Mn,0.922706349,0.031258627,1.025964696,0.062404472,1.082056925,0.070794059,0.001593506,0.45251564,162,396.8,0.8964206,0.67425,superstrong_high_loading
[Cd].[O]S(c1cccc2c1cccc2S([O])([O])[O])([O])[O].c1ccc2c(c1)c(Cn1cncc1)c1c(c2Cn2cncc2)cccc1,5.82411,3.99559,5.60333,1.33995,849.889,0.4652,0.347177,Cd,0.850384653,0.03024168,0.959309428,0.045987783,1.026833135,0.059394095,0.001764485,0.327939384,138,370.4,0.8239861,0.653888889,none
[Co].[O-]C(=O)c1cc(cc(c1)C(=O)[O-])c1ccc(cc1)c1cc(cc(c1)C(=O)[O-])C(=O)[O-].c1ncn(c1)c1ccc(cc1)n1cncc1,4.62849,4.01864,4.62726,1.23641,607.917,0.4812,0.389191,Co,0.906516024,0.034752016,1.02733543,0.055110222,1.091170136,0.070051369,0.001846541,0.362051135,94,399.8,0.516711,0.949545455,none
unknown,5.73567,4.77717,5.71225,2.15211,2534.64,0.4186,0.194507,"Pr,Cu",0.559566781,0.014674094,0.598794215,0.029900357,0.632646523,0.035941536,0.000730797,0.341223408,408,299.6,0.346968,0.83,none
[Cd].[O-]C(=O)c1cc(cc(c1)C(=O)[O-])c1ccc(cc1)c1cc(cc(c1)C(=O)[O-])C(=O)[O-],7.67731,6.18207,7.60654,0.933546,5044.04,0.653,0.699484,Cd,0.764736193,0.018013613,0.86832934,0.030432268,0.9199484,0.043145255,0.001552122,0.307761921,330,459.4,0.9622166,0.699411765,strong
unknown,9.47679,8.12374,9.47596,0.79115,4181.82,0.671,0.848133,Zn,0.868238426,0.027542575,0.974569491,0.053831657,1.028818394,0.066532548,0.0016058,0.395178882,274,376.5,0.46920407,0.49,strong
[Cu].[O-]C(=O)c1cc(nc(c1)c1ccncc1)c1ccncc1,3.88407,2.62017,3.88407,1.32478,1323.93,0.4286,0.323524,Cu,0.932684699,0.03251449,1.040632405,0.069094475,1.105993998,0.082003252,0.001733093,0.41985449,252,276.8,0.7392289,0.745333333,strong
[Cu]O[Cu]Br.[O-]C(=O)c1cc(nc(c1)c1ccncc1)c1ccncc1,6.57016,6.08023,6.53615,1.34639,936.605,0.4896,0.363639,Cu,0.808211143,0.023661073,0.909891043,0.058118337,0.950237222,0.064454149,0.001420261,0.392355194,132,339.2,0.85704106,0.8055,strong
[Cd].[O-]C(=O)c1cc(cc(c1)C(=O)[O-])c1ccc(c(c1)c1cc(cc(c1)C(=O)[O-])C(=O)[O-])C(=O)[O-],6.66442,4.36546,6.66442,1.04515,2824.47,0.6632,0.634547,Cd,0.696474209,0.012626876,0.774137129,0.029301794,0.827930373,0.03613679,0.001314562,0.306083996,176,374.5,0.724203,0.729411765,strong
[Cd].[O-]C(=O)CC(=O)[O-],5.28781,3.77959,5.27614,1.37375,890.188,0.547,0.398181,Cd,0.74757915,0.021605822,0.835776107,0.047607551,0.88019326,0.056536622,0.001326141,0.357033458,100,176.3,0.7264989,0.400058824,strong
[O-]C(=O)CC(=O)[O-].[Zn],4.60833,3.89453,4.60399,1.1772,914.601,0.5598,0.475534,Zn,0.87024312,0.028322361,0.975700377,0.056071916,1.020147492,0.068190837,0.001499044,0.430698363,100,208.8,0.81889355,0.371333333,strong
[Ni].[O-]C(=O)c1cc(ccc1C(=O)O)c1ccc(nc1)C(=O)[O-].n1ccc(cc1)c1ccncc1,5.99567,4.91511,5.994,1.11829,1576.06,0.5306,0.474475,Ni,0.918301885,0.030156,1.03509824,0.066069131,1.085411621,0.077189982,0.001671097,0.428053173,196,321,0.9163768,0.855746843,strong
O[Cu]O.[Cu].[Cu][Cu].[O-]C(=O)c1cncc(c1)C(=O)[O-],9.66995,5.60506,9.57348,0.979009,2858.88,0.6792,0.693763,Cu,0.773972081,0.012056155,0.84474881,0.031258882,0.903382717,0.033743189,0.001294106,0.387763978,170,272.1,0.89553833,0.61,weak
C1CN2CCN1CC2.[O-]C(=O)c1ccc(s1)C(=O)[O-].[Zn][Zn],7.81562,5.42195,7.80607,0.965805,5196.86,0.6478,0.670736,Zn,0.824876595,0.031063184,0.897501207,0.051556506,0.952802045,0.055167233,0.001279255,0.443987539,384,307,0.94192034,0.261821862,weak
[Cd].[O-]C(=O)c1cc(NC2=NN=N[N]2)cc(c1)C(=O)[O-],6.66243,5.97827,6.66243,1.09891,2874.74,0.6632,0.603506,Cd,0.70064634,0.013072356,0.774323356,0.024687081,0.822362254,0.031770277,0.001217159,0.339771622,184,355.3,0.67033947,0.47,weak
[Cu][Cu].[Cu][O]1([Cu])[Cu][O]([Cu]1)([Cu])[Cu].[O-]C(=O)c1ccc(cc1)c1cncc(c1)c1ccc(cc1)C(=O)[O-],11.55212,8.55341,11.53604,0.606791,21973.8,0.7988,1.31643,Cu,0.775446691,0.021001998,0.84074887,0.036217542,0.896436678,0.046217316,0.0012099,0.414079123,728,340.9,0.8486905,0.458,none
[Nd].[O-]C(=O)c1c(F)c(F)c(c(c1F)F)C(=O)[O-],4.57962,3.51168,4.57962,1.96606,727.672,0.4322,0.219831,Nd,0.642128055,0.009150475,0.706798467,0.010124282,0.768367773,0.008903024,0.001262397,0.263925753,100,356.1,0.92317736,0.66962963,none
[O-]C(=O)c1c(F)c(F)c(c(c1F)F)C(=O)[O-].[Pr],4.62788,3.52991,4.62788,1.93637,729.473,0.4296,0.221858,Pr,0.64992138,0.007277194,0.710150419,0.007984066,0.774897452,0.00703761,0.001249761,0.274240164,100,353.8,0.9288523,0.64962963,none
[Cd].[O-]C(=O)C1=CC=CN([CH]1)Cc1cc(cc(c1)C(=O)[O-])C(=O)[O-],4.21366,3.19293,4.10203,1.75271,303.421,0.389,0.221942,Cd,0.778632226,0.018532465,0.875742613,0.031259535,0.937654831,0.040025983,0.001590226,0.307430771,64,352.4,0.89893234,0.24,strong
N1=C[N]N([CH]1)c1ccc(cc1)N(c1ccc(cc1)N1[N]C=N[CH]1)c1ccc(cc1)N1[N]C=N[CH]1.[O-]C(=O)c1ccc(cc1)c1cccc(c1)c1ccc(cc1)C(=O)[O-].[Zn],4.84074,2.72589,4.80971,1.30022,1740.54,0.4114,0.316409,Zn,0.945753966,0.037865098,1.059958239,0.07845214,1.120864209,0.091601515,0.001751102,0.429306287,356,289.9,0.78135693,0.806666667,weak
N1=C[N]N([CH]1)c1ccc(cc1)N(c1ccc(cc1)N1[N]C=N[CH]1)c1ccc(cc1)N1[N]C=N[CH]1.[O-]C(=O)c1ccc(cc1)c1cccc(c1)c1ccc(cc1)C(=O)[O-].[Zn],4.84708,2.74228,4.48751,1.29059,1775.68,0.4166,0.322798,Zn,0.949471107,0.038284745,1.065816567,0.078255668,1.125185425,0.092502266,0.001757143,0.431824254,356,287.2,0.79182446,0.806666667,weak
unknown,7.38092,6.02143,7.38092,1.46462,694.457,0.4782,0.3265,Mn,0.765470968,0.012654176,0.846088987,0.033184384,0.886062204,0.034974202,0.001205912,0.410471401,84,405.8,0.4969566,0.38,weak
[Cu][O]1[Cu][O]([Cu]1)[Cu].[O-]C(=O)c1cc(NCc2ccccc2)cc(c1)C(=O)[O-],8.52958,6.20939,8.35496,1.03066,8445.9,0.599,0.581178,Cu,0.869063765,0.029757616,0.955952312,0.060448981,1.011726357,0.069328126,0.001426626,0.446261735,792,270,0.671522,0.39,none
unknown,7.02325,4.60671,7.02137,0.727537,4203.96,0.6596,0.906621,Zn,0.9599392,0.058876503,1.077503734,0.097644897,1.138482016,0.095562015,0.001785428,0.433741795,324,308.8,0.8729853,0.41,unknown
CCCOc1cc(cc(c1)C(=O)[O-])C(=O)[O-].[Zn].n1ccc(cc1)c1ccncc1,4.6791,3.61937,4.6791,1.23333,566.183,0.4738,0.384163,Zn,0.950576825,0.044701849,1.054745207,0.082114079,1.098250785,0.089202552,0.00147674,0.517665422,94,318.9,0.7560863,0.837484772,strong
[Mn].[O-]C=O,4.37093,2.54585,4.35025,1.35105,489.439,0.524,0.387848,Mn,1.011120009,0.050427122,0.989558134,0.069435297,1.101085774,0.07488192,0.000899658,0.719041135,52,274,0.86739135,0.447428571,weak
unknown,7.11177,5.86116,7.09322,0.955031,4085.28,0.6272,0.656733,Cd,0.793766995,0.030460947,0.882389479,0.0580479,0.93738944,0.072313713,0.001436224,0.368503415,332,350.9,0.7757227,0.87,weak
[Co].[O-]C(=O)c1ccc(c2c1cccc2)C(=O)[O-].c1ncn(c1)c1cc(cc(c1)n1cncc1)n1cncc1,5.57112,2.41312,5.55074,1.18055,1519.61,0.4916,0.416414,Co,0.92093252,0.036356722,1.036465652,0.069952381,1.094530169,0.083535257,0.001735976,0.40971768,224,430.5,0.8108567,0.919545455,strong
unknown,4.98997,4.13343,4.96073,1.17603,1985.57,0.5252,0.446588,Co,0.886466599,0.024255507,0.988089314,0.056119875,1.046868,0.063497536,0.001604014,0.41240307,243,343.5,0.7431194,0.639666667,weak
[Co][OH]1[Co][OH]([Co]1)[Co].[O-]C(=O)c1ccc(cc1)c1cc(cc(c1)c1ccc(cc1)C(=O)[O-])c1ccc(cc1)C(=O)[O-].c1cc(cc(c1)c1[nH]cnc1)c1[nH]cnc1,5.34521,4.18072,5.34521,1.19937,1813.35,0.4848,0.404213,Co,0.895496529,0.029430464,0.996449035,0.061306099,1.053677941,0.07481534,0.001581814,0.428239561,260,328.5,0.63089585,0.61,superstrong_high_loading
[Ce].[O-]C(=O)c1ccc(c2c1cccc2)C(=O)[O-],5.47859,5.00035,5.46825,1.13175,1630.09,0.602,0.531918,Ce,0.722430421,0.020564278,0.796859031,0.03923571,0.852036679,0.05178961,0.001296063,0.336820144,136,562.6,0.1123372,0.55,none
unknown,15.0078,14.73657,15.0078,0.723045,4836.16,0.717,0.991639,"Ni,Co",0.85272695,0.024938208,0.962496701,0.037842313,1.026971419,0.051221999,0.001742445,0.337542716,255,286.3,0.8295809,0.67,strong
[Cu][Cu].[O-]C(=O)c1cc(cc(c1)c1cccc2c1cccc2c1cc(cc(c1)C(=O)[O-])C(=O)[O-])C(=O)[O-],11.60438,5.76316,11.60438,0.730864,2839.82,0.719,0.983767,Cu,0.813648238,0.02252771,0.883618649,0.042898973,0.952479318,0.056459228,0.001388311,0.397339955,144,286.7,0.94966984,0.527,weak
CC(C(=O)Nc1cc(ccc1C(=O)[O-])C(=O)[O-])O.[Cd],11.50272,8.4606,11.50272,0.806632,1661.21,0.6698,0.830366,Cd,0.946751315,0.037135402,1.063232613,0.044938108,1.152362518,0.038439458,0.002056112,0.334476274,125,275,0.943455,0.660045455,weak
unknown,4.72798,2.52331,4.6,1.29595,1211.97,0.4348,0.335506,Zn,0.919333808,0.033651344,1.032280597,0.070545572,1.089152318,0.084613493,0.001698185,0.419224122,220,335.9,0.90236986,0.167333333,weak
C[C](c1cccnc1)[N][N][C](c1cccnc1)C.[O-]C(=O)c1ccc(cc1)S(=O)(=O)c1ccc(cc1)C(=O)[O-].[Zn][Zn],5.00855,3.32708,4.96749,1.3331,563.337,0.4626,0.347012,Zn,0.896372451,0.032373288,1.002434244,0.065447496,1.044099928,0.075379458,0.001477275,0.46392271,92,371.7,0.9492396,0.404527778,none
[Cd].[O-]C(=O)c1cc2n(cnc2cc1C(=O)[O-])Cc1ccc(cc1)Cn1cnc2c1cc(C(=O)[O-])c(c2)C(=O)[O-],5.32034,4.43488,5.30558,1.43174,875.931,0.5136,0.358725,Cd,0.725610457,0.014530487,0.829076526,0.024922726,0.883788154,0.031746298,0.001581777,0.259203107,108,308.6,0.84932625,0.8,superstrong_high_loading
[Cr].[Mn].[O-]C(=O)C(=O)[O-],6.2194,5.33977,6.21712,1.03133,8737.15,0.6582,0.638203,"Cr,Mn",0.79716777,0.013716235,0.861599902,0.020871577,0.915563177,0.014372611,0.001183954,0.443726356,468,376.2,0.67213833,0.38,none
[Cr].[Mn].[O-]C(=O)C(=O)[O-],6.2241,5.33349,6.2241,1.03133,8726.54,0.6574,0.637427,"Cr,Mn",0.780323429,0.016263986,0.855023039,0.021419862,0.903564107,0.014483296,0.001232407,0.414961152,468,376.9,0.6736468,0.38,none
[Eu].[O-]C(=O)c1ccc2c(c1)c1ccc(cc1c1c2cc(cc1)C(=O)[O-])C(=O)[O-],10.42322,6.14247,10.35015,0.781314,3182.95,0.7352,0.940979,Eu,0.701101761,0.016731505,0.782499895,0.038775782,0.830717191,0.046138601,0.001296154,0.317785614,148,494.5,0.59831536,0.667692308,none
[Eu].[O-]C(=O)c1ccc2c(c1)c1ccc(cc1c1c2cc(cc1)C(=O)[O-])C(=O)[O-],12.07806,7.91919,12.06396,0.656783,3929.63,0.763,1.16172,Eu,0.69973875,0.017601607,0.780481551,0.036754401,0.833404617,0.045385308,0.001336659,0.303377773,148,452,0.52520144,0.667692308,none
[Co].[O-]C(=O)c1ccc(cc1)c1ccc(cc1)C(=O)[O-],6.70333,5.01996,6.69634,0.928459,4920.68,0.6046,0.651187,Co,0.883225669,0.030656758,0.983072582,0.060840962,1.038191794,0.073981716,0.001549661,0.425781912,428,420.4,0.77077746,0.542732095,strong
[Co].[Mg].[O-]C(=O)c1ccc(cc1)c1ccc(cc1)C(=O)[O-],6.57785,4.83765,6.5715,0.905268,4863.99,0.601,0.663892,"Co,Mg",0.902682138,0.032464302,1.017932024,0.061706806,1.071911835,0.077475957,0.001692297,0.405204727,428,439.1,0.7524102,0.43625,strong
CC(C1=Nc2c([N]1)cccc2)[O].[O-]C(=O)C1CCC(C1(C)C)(C)C(=O)[O-].[Zn],5.55465,3.62286,5.53628,1.20725,1668.82,0.5156,0.427086,Zn,0.960747675,0.057461418,1.02670131,0.097452687,1.092419671,0.095490727,0.00131672,0.565770901,256,379.5,0.24520022,0.637857143,strong
[O-]C(=O)c1c(F)c(F)c(c(c1F)F)c1c(F)c(F)c(c(c1F)F)C(=O)[O-].[Zn],7.57818,5.57079,7.57818,1.11124,3390.87,0.631,0.567832,Zn,0.752978725,0.007269251,0.83648194,0.007284342,0.910123627,0.005347996,0.001571449,0.283187608,216,344,0.69281304,0.671538462,strong
unknown,4.80806,4.03828,4.76244,1.50833,1064.73,0.4782,0.317038,Zn,0.818975833,0.014693116,0.926436447,0.01138159,1.000436578,0.011207661,0.001814607,0.280170339,148,406.1,0.93988967,0.837975095,weak
CCCCCCOc1cc(C=Cc2ccncc2)c(cc1C=Cc1ccncc1)OCCCCCC.[O-]C(=O)c1ccc(cc1)S(=O)(=O)c1ccc(cc1)C(=O)[O-].[Zn][Zn],5.3698,3.52897,5.34657,1.23878,1507.52,0.4594,0.370848,Zn,0.967527984,0.052340722,1.071685388,0.090429717,1.110036621,0.097780105,0.001425086,0.550969774,272,358.4,0.9486003,0.65,none
CC(c1cc2Sc3cc(cc(c3[O])Sc3cc(cc(Sc4c(c(Sc(c1)c2[O])cc(c4)C(C)(C)C)[O])c3[O])C(C)(C)C)C(C)(C)C)(C)C.[Ni].[O-]C(=O)c1cc(cc(c1)C(=O)[O-])c1cncnc1.[O]S(=O)(=O)[O],7.26101,4.11236,7.26032,1.13249,4195.73,0.5362,0.473471,Ni,0.940438074,0.047188898,1.032499474,0.082426982,1.132781056,0.072647581,0.00192343,0.362039097,536,367.3,0.75798464,0.88,none
O=C(c1ccc(cc1)C(=O)NCC(=O)[O-])NCC(=O)[O-].[In].[OH],4.95019,4.49382,4.94851,1.62926,358.741,0.4292,0.263433,In,0.815012817,0.023793413,0.908305316,0.027473188,0.971733499,0.032339917,0.001567207,0.349828157,66,306.9,0.49677458,0.5005,weak
Cc1nccn1CCCn1ccnc1C.[Cu].[O-]C(=O)c1ccc(cc1)C(=O)[O-],4.1714,3.40897,4.16731,1.14721,1246.92,0.4986,0.434618,Cu,0.979881969,0.049265224,1.086904711,0.081383058,1.146561474,0.07484383,0.001666795,0.487737778,192,344.7,0.59887797,0.928226601,strong
Cc1nccn1CCCn1ccnc1C.[Co][Co].[O-]C(=O)c1ccc(cc1)C(=O)[O-],5.14896,3.62698,5.05778,1.20211,1801.83,0.5014,0.417101,Co,0.931358688,0.03595087,1.024469166,0.063976546,1.095592583,0.067844475,0.001642339,0.442321514,260,366.2,0.66430926,0.759655172,weak
unknown,5.61438,4.77354,5.61438,1.06296,883.612,0.5302,0.498795,Co,0.914148143,0.038507564,1.02651097,0.070409666,1.081587453,0.088525011,0.001674393,0.42137794,110,390,0.8423482,0.652,weak
unknown,5.02261,3.88863,5.02261,1.35951,1484.35,0.503,0.369985,Cd,0.771649326,0.022985158,0.853992915,0.049144941,0.903928537,0.058558234,0.001322792,0.380213024,196,383.4,0.9158026,0.765813955,strong
[La].[O]P(=O)(Cc1cc(CP(=O)([O])[O])c(cc1CP(=O)([O])[O])CP(=O)([O])[O])[O],6.01098,4.02105,6.01098,1.68325,913.971,0.4892,0.290629,La,0.69572065,0.012534485,0.781124475,0.013673968,0.821149648,0.013641735,0.00125429,0.326996765,112,359.3,0.7281445,0.67,none
[Co].[O-]C(=O)c1cc(CN2[N]C(=N[C]2c2ccncc2)c2ccncc2)cc(c1)C(=O)[O-],4.22907,2.83701,4.01008,1.35477,489.834,0.436,0.321826,Co,0.908763059,0.026070399,1.025678024,0.053474033,1.082710232,0.062069502,0.001739472,0.39690201,88,365,0.77326286,0.84,weak
[Mn].[O-]C(=O)c1cc(CN2[N]C(=N[C]2c2ccncc2)c2ccncc2)cc(c1)C(=O)[O-].[O-]C(=O)c1cc(cc(c1)C(=O)[O-])Cn1nc(nc1c1ccncc1)c1ccncc1,5.32496,3.69453,5.31953,1.07797,3026.6,0.5406,0.501499,Mn,0.912053791,0.029165131,1.01343321,0.056876638,1.074137248,0.067774676,0.001620835,0.432582652,352,427,0.9768088,0.57,weak
[O-]C(=O)c1cc(N2[N]C=N[CH]2)c(cc1N1[N]C=N[CH]1)C(=O)[O-].[Zn],5.6478,4.32887,5.6478,0.978504,784.887,0.636,0.649972,Zn,0.831088864,0.023585157,0.917436578,0.037122078,0.990789449,0.048186777,0.001597006,0.354152915,58,323.6,0.8290927,0.426875,weak
Cl[Cd]Cl.c1cc(CN(Cc2cccc(c2)Cn2cncc2)Cc2cccc(c2)Cn2cncc2)cc(c1)Cn1cncc1,5.68146,2.54273,5.68146,1.36333,2859.84,0.4128,0.302788,Cd,0.903344739,0.044390428,1.018292323,0.069333174,1.093709328,0.066540736,0.001903646,0.338839398,608,326.4,0.8129902,0.65,weak
[Mg].[O-]C(=O)c1ccc(cc1)OCC(COc1ccc(cc1)C(=O)[O-])(COc1ccc(cc1)C(=O)[O-])COc1ccc(cc1)C(=O)[O-],5.47287,4.32297,4.85327,1.13852,3758.44,0.4872,0.427924,Mg,0.975777276,0.039120674,1.104910476,0.070905746,1.170553356,0.082516561,0.001947761,0.402030756,568,397.7,0.35578942,0.43,strong
O=N(=O)C1=N[CH]C=N1.[N]1C=NN=N1.[Zn],5.61495,4.15563,5.61495,1.46672,1502.67,0.4874,0.332305,Zn,0.778291917,0.016235883,0.881065803,0.02181311,0.939467467,0.03205494,0.001611756,0.302160637,194,369.3,0.7115322,0.863333333,weak
unknown,7.04303,4.2161,7.03432,1.03683,1326.29,0.5904,0.569427,Y,0.869986267,0.01715801,0.976636937,0.040162595,1.037865816,0.04498122,0.001678795,0.373917923,116,388.1,0.78367877,0.55,weak
[Cd].[O-]C(=O)c1ccc(cc1)Oc1cc(cc(c1)Oc1ccc(cc1)C(=O)[O-])Oc1ccc(cc1)C(=O)[O-],8.81733,7.87055,8.81145,0.989946,5664.53,0.6474,0.653975,Cd,0.76426579,0.022728304,0.857087297,0.044880392,0.909444476,0.059312299,0.001451787,0.335473784,420,359.1,0.78924793,0.779411765,strong
unknown,6.20249,5.40528,6.09893,1.04005,2422.63,0.6076,0.584205,Pr,0.792039898,0.025523234,0.881456824,0.052550101,0.933257692,0.057280981,0.001412178,0.37465586,208,417.2,0.9260808,0.92,none
[Co].[O-]C(=O)c1cc(cc(c1)n1cnnc1)n1cnnc1.[OH],4.4232,4.15363,4.39073,1.47031,648.07,0.4332,0.294631,Co,0.867666201,0.030194083,0.982573101,0.055095088,1.026423823,0.063497459,0.001587576,0.403236024,116,297.8,0.25581312,0.696212121,superstrong_high_loading
[Cd].[O-]C(=O)c1ccc2c(c1)ccc(c2)C(=O)[O-].c1ncn(c1)c1cc(cc(c1)n1cncc1)n1cncc1,7.69675,5.41267,7.69675,1.0546,2071.4,0.5896,0.559076,Cd,0.82403092,0.027878904,0.914456708,0.054796079,0.974402592,0.065846688,0.001503717,0.377995892,196,351.8,0.7254911,0.51,unknown
[Cd].[O-]C(=O)c1cc(cc(c1)c1ccc(cc1)C(=O)O)c1ccc(cc1)C(=O)[O-],3.94811,3.22222,3.93583,1.65857,364.246,0.3848,0.232007,Cd,0.804472596,0.02511227,0.90017294,0.054382671,0.951883026,0.063155816,0.001474104,0.369573016,80,355.2,0.8456585,0.46,unknown
[O-]C(=O)c1cc(cc(c1)C(=O)[O-])Cn1nc(nc1c1ccncc1)c1ccncc1.[Zn],4.56185,3.67847,4.43809,1.24594,1207.1,0.4872,0.39103,Zn,0.883400769,0.030072611,0.996956002,0.059706507,1.049919851,0.070444255,0.001665191,0.393942086,176,348.8,0.8683183,0.79,weak
[Cu][Cu].[O-]C(=O)c1ccc(s1)c1ccc(cc1)N(c1ccc(cc1)c1ccc(s1)C(=O)[O-])c1ccc(cc1)c1ccc(s1)C(=O)[O-],6.142,4.96141,6.13182,1.17524,1928.96,0.4988,0.424423,Cu,0.871757955,0.026610899,0.974298515,0.056652946,1.02759536,0.066345286,0.001558374,0.412453024,248,267,0.86281127,0.64,strong
[Zn].n1ccc(cc1)C=Cc1ccncc1,4.85029,3.71599,4.85029,1.29828,528.987,0.4274,0.329204,Zn,0.977361271,0.053195043,1.081896061,0.092196111,1.130276466,0.106285007,0.001529152,0.527974751,108,309.1,0.6634777,0.71089881,weak
[Co].[O-]C(=O)c1cc([O])c(cc1[O])C(=O)[O-],7.70477,5.78407,7.70477,1.38138,746.878,0.5628,0.407419,Co,0.765445045,0.019276523,0.855435406,0.012991181,0.857243332,0.032091839,0.000917983,0.504747256,66,291.1,0.60882336,0.545376344,weak
[Co].[O-]C(=O)c1cc([O])c(cc1[O])C(=O)[O-],11.52622,10.85638,11.52562,1.17257,862.552,0.6508,0.555022,Co,0.702261101,0.010017176,0.770437122,0.016231517,0.826148021,0.018220614,0.001238869,0.332677863,54,230.9,0.9372656,0.180285714,weak
[Co].[O-]C(=O)c1cc([O])c(cc1[O])C(=O)[O-],11.37157,10.81985,11.3699,1.17979,2553.64,0.6462,0.547726,Co,0.705104787,0.010058742,0.77781245,0.01410639,0.830481437,0.016867229,0.001253767,0.332314614,162,245.5,0.9299389,0.180285714,weak
[Co].[O-]C(=O)c1cc([O])c(cc1[O])C(=O)[O-],11.48102,10.84497,11.48102,1.17528,850.246,0.643,0.547104,Co,0.702206942,0.009884345,0.776145625,0.014073136,0.827704584,0.016979566,0.001254976,0.329443968,54,230.9,0.93694794,0.180285714,weak
N1=CC=N[N]1.[CH]1C=NN=N1.[Cd].[N]1C=CN=N1,6.42627,4.13446,6.42627,1.52446,3650.08,0.5618,0.368524,Cd,0.602902698,0.027079356,0.654741927,0.036975088,0.752518855,0.049465509,0.001496162,0.146397945,360,306.3,0.743285,0.82,weak
O=C(c1ccc(s1)C(=O)Nc1cc(cc(c1)C(=O)[O-])C(=O)[O-])Nc1cc(cc(c1)C(=O)[O-])C(=O)[O-].[Ni][OH2][Ni],11.74076,5.45981,11.74076,0.798725,22336.1,0.7108,0.889918,Ni,0.836969065,0.017640359,0.926644688,0.039602618,0.985642937,0.048429742,0.001486739,0.396060342,1200,371.7,0.8818451,0.715,strong
unknown,17.39177,16.57119,17.39177,0.768967,1967.98,0.7576,0.985218,Zn,0.740030009,0.018673263,0.830172284,0.030066683,0.882023708,0.038272085,0.001419937,0.32043072,84,372.3,0.9503851,0.490643223,weak
O=C1c2ccc(cc2C(=O)c2c1cc(cc2)C(=O)[O-])C(=O)[O-].[Mn].[O-]C(=O)c1ccc2c(c1)C(=O)c1c(C2=O)ccc(c1)C(=O)[O-],7.60082,6.12799,7.60082,0.922419,2717.35,0.6176,0.669544,Mn,0.864059852,0.014969421,0.964135496,0.036061898,1.02203101,0.045198172,0.001579712,0.397176391,203,404.6,0.47460434,0.758461538,strong
O=C1c2ccc(cc2C(=O)c2c1cc(cc2)C(=O)[O-])C(=O)[O-].[Mn].[O-]C(=O)c1ccc2c(c1)C(=O)c1c(C2=O)ccc(c1)C(=O)[O-],8.46431,6.42171,8.4452,0.884009,2972.23,0.6474,0.732346,Mn,0.858162312,0.016147763,0.963488998,0.036918914,1.018970813,0.044611168,0.001608085,0.384044284,203,403.7,0.5218724,0.7,none
[O-]C(=O)c1ccc2c(c1)c1cc(ccc1n2c1ccccc1)C(=O)[O-].[Zn][O]([Zn])([Zn])[Zn],10.48991,3.42602,10.4591,0.893598,6006.97,0.6386,0.714639,Zn,0.826325398,0.028093424,0.927232445,0.05405151,0.981692796,0.067259231,0.001553674,0.367964321,452,421.4,0.6862246,0.38,strong
Cc1nccn1c1ncnc(c1)n1ccnc1C.[Co][Co].[O-]C(=O)c1ccc(c2c1cccc2)C(=O)[O-],4.25065,2.91668,4.25065,1.36161,1655.11,0.4314,0.31683,Co,0.908506536,0.030352703,1.01532826,0.064528345,1.07059153,0.076308096,0.00162085,0.430844629,304,385,0.8007305,0.818226601,weak
[Co]12[OH]3[Co]4[OH]2[Co]2[OH]4[Co]4[OH]5[Co]3[OH]1[Co]5[OH]24.[O-]C(=O)c1ccc(cc1)N(c1ccc(cc1)C(=O)[O-])c1ccc(cc1)C(=O)[O-].n1ccc(cc1)c1ccncc1,9.53481,8.88161,9.53034,0.75846,5002.96,0.683,0.900509,Co,0.876529273,0.035282345,0.95708618,0.061617357,1.024388899,0.070933104,0.001478596,0.435159426,316,304.6,0.8827287,0.78,weak
Cc1ncn(c1)c1cc(cc(c1)C(=O)[O-])C(=O)[O-].[Cu][Cu],4.386,2.77373,4.38022,1.18538,915.343,0.5308,0.447789,Cu,0.857648984,0.025843765,0.949159886,0.054438404,1.007632529,0.063542976,0.001499835,0.413204727,108,305.7,0.7951859,0.5,weak
[Cu][Cu].[O-]C(=O)c1cc(cc(c1)n1cncc1)C(=O)[O-],4.3583,3.52183,4.33176,1.10472,1062.45,0.6016,0.544574,Cu,0.829857358,0.023001791,0.914932167,0.046524385,0.988935942,0.05735337,0.001590786,0.354466779,96,293.8,0.7197384,0.62,unknown
[Cu][Cu].[O-]C(=O)c1cc(cc(c1)n1ccnc1C)C(=O)[O-],4.78705,3.66848,4.77757,1.10662,2167.13,0.5866,0.530085,Cu,0.864326142,0.02564371,0.927452466,0.050602657,1.015815171,0.062651003,0.00151489,0.405652994,216,390.1,0.672141,0.538461538,weak
unknown,4.55268,2.94362,4.55268,1.96126,914.267,0.5476,0.279208,Er,0.53833733,0.013329579,0.591147552,0.021737295,0.614298532,0.025947036,0.000759612,0.31539693,92,435.9,0.31789994,0.7,none
[Co].[Fe].[O-]C(=O)C1=CC=C[CH]1.[O-]C(=O)C1=C[CH]C=C1.[O-]C(=O)[C]1C=CC=C1.n1ccc(cc1)c1ccncc1,4.61119,3.38932,4.58689,1.35961,4175.34,0.4386,0.322592,"Co,Fe",0.880964363,0.034913827,0.987159196,0.069339436,1.030344726,0.082235192,0.001493804,0.443324824,736,375.6,0.51763934,0.465,unknown
[Co].[O-]C(=O)c1ccc(cc1)C1=C2C=CC(=C(c3ccncc3)C3=NC(=C(C4=CC=C(C(=C5N=C1C=C5)c1ccncc1)[N]4)c1ccc(cc1)C(=O)[O-])C=C3)[N]2,5.76378,2.59733,5.76378,1.30886,1164.6,0.4028,0.307748,Co,0.91615707,0.039114543,1.072359069,0.053676077,1.133254212,0.075212323,0.002170971,0.28075012,237,555,0.8948114,0.69,none
[Cu].n1ccc(cc1)c1ccncc1,6.17614,3.45944,6.17614,0.793068,2027.6,0.644,0.812036,Cu,0.949896367,0.00343123,1.092327571,0.004350138,1.231361212,0.003355999,0.002814648,0.106068092,164,322,0.8744968,0.576666667,weak
[Cu].[In].[O-]C(=O)c1ccc(nc1)c1ccc(cn1)C(=O)[O-],4.60859,4.02814,4.60366,1.25332,3877.6,0.552,0.440431,"In,Cu",0.770585612,0.01868569,0.864337351,0.030264769,0.930294372,0.042136503,0.001597088,0.296091785,400,382.1,0.7474628,0.46,none
[O-]C(=O)c1ccc(nc1)c1ccc(cn1)C(=O)[O-].[Sc],6.15436,5.5019,6.1489,0.885831,1910.11,0.624,0.704423,Sc,0.911496545,0.025938515,1.010128195,0.046931975,1.092833491,0.062342622,0.001813369,0.370140099,148,437.3,0.46676618,0.38225,weak
[Cd].[O-]C(=O)c1ccc(cc1)OCC(COc1ccc(cc1)C(=O)[O-])(COc1ccc(cc1)C(=O)[O-])COCC(COc1ccc(cc1)C(=O)[O-])(COc1ccc(cc1)C(=O)[O-])COc1ccc(cc1)C(=O)[O-].c1ccc2c(c1)n(cn2)c1ccc(cc1)n1cnc2c1cccc2,7.74783,5.36023,7.74751,1.11086,2749.79,0.569,0.512217,Cd,0.841242009,0.035166059,0.927764484,0.063427982,0.988677275,0.072737171,0.001474353,0.403204488,304,343.1,0.7057628,0.87,weak
[O-]C(=O)C.[O-]C(=O)c1ccc(cc1)P(c1ccc(cc1)C(=O)[O-])c1ccc(cc1)C(=O)[O-].[O]12[Zr]34[OH]5[Zr]62[OH]2[Zr]71[OH]4[Zr]14[O]3[Zr]35[O]6[Zr]2([O]71)[OH]43,6.81859,3.42446,6.81859,1.47843,1786.44,0.4964,0.335762,Zr,0.809177363,0.024384637,0.895187075,0.03934872,0.960500686,0.038224287,0.001513233,0.358656745,242,343.5,0.8795562,0.848,strong
[O-]C(=O)c1ccc(cc1)c1cc(cc(c1)c1ccc(cc1)C(=O)[O-])c1ccc(cc1)C(=O)[O-].[Yb][Yb],4.73732,3.96673,4.63776,1.32706,1868.68,0.4734,0.356727,Yb,0.791481158,0.033460498,0.895144765,0.054221853,0.948879491,0.067052419,0.001573983,0.327607642,284,481.5,0.8889427,0.68,weak
[O-]C(=O)c1ccc(cc1)c1cc(cc(c1)c1ccc(cc1)C(=O)[O-])c1ccc(cc1)C(=O)[O-].[Yb][Yb],4.69534,3.91556,4.66517,1.33415,1898.95,0.4746,0.355733,Yb,0.80251498,0.034118107,0.909357334,0.053650629,0.964930644,0.06708408,0.001624157,0.323812827,292,440.5,0.9334472,0.69,strong
unknown,14.85353,14.56405,14.85148,0.975636,2116.74,0.7028,0.720351,In,0.691639227,0.01873209,0.760420656,0.031687329,0.808828331,0.042686794,0.001171891,0.343467541,108,346.3,0.8479349,0.56,strong
O=C1C(=O)C(=C1Nc1cccc(c1)C(=O)[O-])Nc1cccc(c1)C(=O)[O-].[Co].n1ccc(cc1)c1ccncc1,6.44898,5.79069,6.44898,0.956026,2307.46,0.5874,0.614419,Co,0.917557619,0.032763424,1.023113469,0.065977638,1.088662321,0.079733487,0.001711047,0.410911347,228,349.1,0.7802036,0.922622378,strong
I[Cu]12[Cu]3[Cu]1[Cu]23(I)(I)I.N#CC1=C(C#N)[N]C=N1,6.57032,4.77193,6.45987,2.49229,2729.27,0.5826,0.233761,Cu,0.332412838,0.005382032,0.346273954,0.007452468,0.347586331,0.011760574,0.000151735,0.288983814,144,335.1,0.27593464,0.12,weak
[Zn]O[Zn].c1ncn(c1)c1ccc(cc1)N(c1ccc(cc1)n1cncc1)c1ccc(cc1)n1cncc1,7.35718,3.96602,7.35718,1.02207,3770.38,0.5612,0.549082,Zn,0.903969656,0.055079515,1.024536227,0.086799169,1.101612469,0.094244142,0.001976428,0.318289605,452,364.8,0.69391185,0.89,none
[Dy].[O-]C(=O)c1ccc(cc1)Oc1ccc(cc1)C(=O)O.[O-]C(=O)c1ccc(cc1)Oc1ccc(cc1)C(=O)[O-],6.16695,4.19416,6.16695,1.12346,1164.52,0.5828,0.518756,Dy,0.781753068,0.026598262,0.869091138,0.049348414,0.918184283,0.065181891,0.001364312,0.378833575,112,319.8,0.91658694,0.7305,none
[Ag].c1ncn(c1)c1cc(n2cncc2)c(cc1n1cncc1)n1cncc1,5.14616,3.58328,5.13576,1.21648,643.84,0.5238,0.430587,Ag,0.792068974,0.036596409,0.881375239,0.068990405,0.941769833,0.07898548,0.001497009,0.347785012,82,310,0.89978373,0.82,weak
[Co].[O]P(=O)(c1ccc(cc1)C(c1ccc(cc1)P(=O)(O)[O])(c1ccc(cc1)P(=O)(O)[O])c1ccc(cc1)P(=O)(O)[O])O.[O]P(=O)(c1ccc(cc1)C(c1ccc(cc1)P(=O)([O])O)(c1ccc(cc1)P(=O)([O])O)c1ccc(cc1)P(=O)([O])O)O,5.67015,4.23977,5.67015,1.18335,2399.41,0.5668,0.478981,Co,0.84144715,0.024935319,0.935145437,0.052636383,0.976507017,0.059020377,0.001350599,0.444990336,252,349.9,0.6657554,0.52,weak
[O-]C(=O)c1cc(nc(c1)n1[n-]cc(c1)C(=O)[O-])n1[n-]cc(c1)C(=O)[O-].[Sc][O]([Sc])[Sc],11.9339,9.85072,11.9312,0.70807,4219.33,0.7214,1.01883,Sc,0.861161498,0.019409742,0.946350537,0.034740708,1.039428255,0.044119572,0.001782668,0.325046445,198,341.3,0.43638474,0.5,superstrong_high_loading
unknown,10.87974,10.56887,10.87974,0.821251,2343.39,0.6408,0.780273,Cu,0.901312347,0.030567812,1.022848416,0.059011642,1.079649421,0.066345404,0.001783371,0.377090306,178,297.2,0.32223344,0.93,weak
[La].[O-]C(=O)c1ccc(cc1)OCc1cc(cc(c1)C(=O)[O-])C(=O)[O-],5.92518,4.70219,5.92518,1.07981,3503.26,0.6298,0.583249,Ho,0.724970293,0.020980419,0.800360216,0.036761451,0.854428634,0.048901803,0.001294583,0.340148854,264,453,0.72784173,0.91,none
[Er].[O-]C(=O)c1ccc(cc1)OCc1cc(cc(c1)C(=O)[O-])C(=O)[O-],6.36827,4.93975,6.36827,1.16272,3446.52,0.6278,0.539943,La,0.677569183,0.019316541,0.737695483,0.037672321,0.793450466,0.04750926,0.001158813,0.330653888,264,476.9,0.8369567,0.71,none
[O-]C(=O)c1ccc(cc1)OCc1cc(cc(c1)C(=O)[O-])C(=O)[O-].[Pr],6.03249,4.77547,6.02231,1.08763,3494.61,0.63,0.579243,Er,0.720165247,0.020427024,0.785533794,0.038447963,0.841104175,0.049534716,0.001209389,0.35898149,264,437.7,0.7507888,0.87,none
[Gd].[O-]C(=O)c1ccc(cc1)OCc1cc(cc(c1)C(=O)[O-])C(=O)[O-],6.52949,4.89625,6.0606,1.11647,1761.73,0.6294,0.563739,Pr,0.695320045,0.019146487,0.774355925,0.026190382,0.83613679,0.035511656,0.001408167,0.275745646,132,487,0.85689294,0.91,none
[Ho].[O-]C(=O)c1ccc(cc1)OCc1cc(cc(c1)C(=O)[O-])C(=O)[O-],6.37123,4.90916,6.37123,1.15112,3501.89,0.6346,0.55129,Gd,0.681792087,0.019884523,0.742379761,0.036871331,0.798231715,0.047411607,0.001164396,0.33326249,264,476.4,0.8297218,0.74,none
[Eu].[O-]C(=O)c1ccc(cc1)OCc1cc(cc(c1)C(=O)[O-])C(=O)[O-],6.24436,4.87463,6.24436,1.11531,3476.41,0.6274,0.562532,Eu,0.698382367,0.021435463,0.766873524,0.036624513,0.82246438,0.047619952,0.00124082,0.32828638,264,473.5,0.80079895,0.92,none
[O-]C(=O)c1ccc(cc1)OCc1cc(cc(c1)C(=O)[O-])C(=O)[O-].[Sm],6.62817,4.99333,6.62817,1.08613,1799.73,0.6348,0.58446,Sm,0.697866204,0.020180907,0.768492792,0.038667051,0.822944136,0.049193211,0.001250779,0.32532828,132,470.2,0.83332896,0.92,none
[Ce].[O-]C(=O)c1ccc(cc1)OCc1cc(cc(c1)C(=O)[O-])C(=O)[O-],6.00337,4.76533,6.00337,1.08396,3504.76,0.6308,0.581942,Ce,0.722477071,0.020153509,0.789702664,0.037684563,0.848168639,0.048307221,0.001256916,0.346862305,264,465.8,0.74710083,0.83,none
[O-]C(=O)c1ccc(cc1)OCc1cc(cc(c1)C(=O)[O-])C(=O)[O-].[Tb],5.97358,4.67804,5.97358,1.16947,3260.97,0.608,0.519893,Tb,0.690019281,0.018718565,0.770099106,0.026209552,0.834244138,0.034116934,0.001442249,0.260000507,264,467.8,0.77506393,0.92,none
[O-]C(=O)c1ccc(cc1)OCc1cc(cc(c1)C(=O)[O-])C(=O)[O-].[Tb],5.81268,4.48764,5.81268,1.1567,3342.55,0.6164,0.532897,Tb,0.691830807,0.018232448,0.768149235,0.025097221,0.833236214,0.035043318,0.001414054,0.269486496,264,461.1,0.8062834,0.88,none
[Nd].[O-]C(=O)c1ccc(cc1)OCc1cc(cc(c1)C(=O)[O-])C(=O)[O-],6.42297,4.95585,6.42249,1.09106,3547.05,0.6368,0.583653,Nd,0.713133012,0.021007405,0.779495506,0.037392817,0.837498623,0.048368406,0.001243656,0.341429408,264,441.2,0.75657284,0.86,none
unknown,6.35964,4.91311,6.35964,1.14845,3454.78,0.6278,0.546651,Dy,0.685343933,0.01948747,0.749069748,0.036262263,0.803070744,0.047532259,0.001177268,0.333784302,264,476.9,0.8255036,0.83,none
unknown,5.81131,4.43098,5.81131,1.10281,3353.97,0.6158,0.558393,La,0.729433142,0.019306383,0.817273975,0.026479432,0.880665054,0.03577011,0.001512319,0.279812366,264,452.3,0.75177133,0.91,none
unknown,6.40417,5.34406,6.38653,1.11521,1472.39,0.6588,0.590743,Cu,0.735714813,0.011914482,0.803986166,0.027021857,0.858102493,0.032056363,0.001223877,0.370910943,96,265.3,0.2997094,0.728226601,weak
[Mn].[O-]C(=O)c1cc(cc(c1)C(=O)[O-])c1cc(cc(c1)C(=O)[O-])C(=O)[O-].c1ncn(c1)c1ccc(cc1)n1cncc1,4.55427,3.42113,4.54771,1.29793,479.335,0.4374,0.336997,Mn,0.921641828,0.030795248,1.028678296,0.066073951,1.079551385,0.075770265,0.001579096,0.457273713,84,349.9,0.90649784,0.565238095,strong
[Cu].[O-]C(=O)C.[O-]C(=O)c1ccc(cc1)n1cncc1.[OH],5.63644,5.13832,5.63644,1.4695,748.738,0.462,0.314393,Cu,0.855555718,0.029402821,0.931404082,0.063266564,0.98163716,0.076855976,0.001260814,0.48158061,126,280.8,0.78952765,0.81,weak
[Cd].[O-]C(=O)c1cc(cc(c1)C(=O)[O-])N1C(=O)c2ccc3c4c2c(C1=O)ccc4C(=O)N(C3=O)c1cc(cc(c1)C(=O)[O-])C(=O)[O-],5.64538,3.43129,5.64538,1.05613,2310.68,0.5682,0.538002,Cd,0.860514792,0.017563918,0.975067773,0.037276728,1.035592828,0.041764311,0.00175078,0.344285337,218,378.1,0.9082532,0.389411765,strong
[O-]C(=O)c1ccc(cc1)c1cc(c2ccc(cc2)C(=O)[O-])c2c3c1ccc1c3c(cc2)c(cc1c1ccc(cc1)C(=O)[O-])c1ccc(cc1)C(=O)[O-].[O]12[Zr]34[O]5[Zr]62[O]2[Zr]71[O]4[Zr]14[O]3[Zr]35[O]6[Zr]2([O]71)[O]43,30.19427,28.66711,30.19427,0.457711,18653.9,0.8432,1.84221,Zr,0.761212342,0.031661049,0.839056974,0.052807481,0.898465212,0.058487321,0.001372529,0.352526464,486,468.1,0.94884896,0.94,none
unknown,6.21597,3.42309,6.2013,1.38038,4102.13,0.4962,0.359465,Eu,0.762219073,0.026143589,0.84715762,0.05373268,0.895406283,0.064819833,0.001331872,0.368772426,572,362.7,0.85888296,0.71,none
[O-]C(=O)c1ccc(cc1)c1cc(cc(n1)c1ccc(cc1)C(=O)[O-])c1ccncc1.[Tb][OH]1[Tb][OH]2[Tb]1[OH]1[Tb]2[OH]([Tb]1)[Tb],6.30191,3.57459,6.27878,1.40117,3968.41,0.4814,0.343571,Tb,0.752948481,0.025520511,0.83698094,0.053968439,0.882860321,0.064770432,0.001299118,0.36957181,572,383.8,0.750336,0.63,none
[Cd].[O-]C(=O)c1cccc(c1c1c(cccc1C(=O)[O-])C(=O)[O-])C(=O)[O-].c1ccc(cn1)C1=NC(=[N]=C([N]1)c1cccnc1)c1cccnc1,8.32557,5.01245,8.32557,1.21185,2604.57,0.5504,0.45418,Cd,0.756313169,0.021274457,0.845457739,0.043430661,0.900930152,0.051135245,0.00144617,0.328074246,272,360,0.9600098,0.592,superstrong_high_loading
[Cd].[O-]C(=O)c1cccc(c1c1c(cccc1C(=O)[O-])C(=O)[O-])C(=O)[O-].c1ccc(cn1)C1=NC(=[N]=C([N]1)c1cccnc1)c1cccnc1,7.34755,4.0707,7.34755,1.30533,2302.95,0.5242,0.401584,Cd,0.758451027,0.020698757,0.84583356,0.042988299,0.903792041,0.051305161,0.00145341,0.327331993,272,378.1,0.96152925,0.602,superstrong_high_loading
[Cd].[O-]C(=O)c1cccc(c1c1c(cccc1C(=O)[O-])C(=O)[O-])C(=O)[O-].c1ccc(cn1)C1=NC(=[N]=C([N]1)c1cccnc1)c1cccnc1,5.68584,4.20744,5.68438,1.18259,2754.36,0.568,0.480301,Cd,0.756190186,0.021811499,0.841491389,0.042320035,0.900776901,0.051584818,0.001445867,0.326765991,272,350.5,0.96325564,0.592,superstrong_high_loading
unknown,4.74523,2.60819,4.74283,1.95175,1713.18,0.4206,0.215499,Zn,0.677140707,0.011236367,0.749667138,0.011847822,0.81000483,0.014918615,0.001328641,0.280579792,280,395.2,0.9110666,0.54,weak
[O-]C(=O)c1ccc(cc1)CNCc1ccc(cc1)C(=O)[O-].[Zn][Zn],15.28978,13.75598,15.28978,0.693667,3608.79,0.7206,1.03883,Zn,0.892912977,0.044559536,0.987953053,0.077356747,1.042082227,0.078782086,0.001491692,0.452223713,210,330.7,0.87678444,0.537661538,weak
unknown,4.22949,3.16585,4.20483,1.37884,463.23,0.4174,0.302719,Zn,0.888122227,0.030140542,1.004130196,0.063615439,1.054233884,0.073347003,0.001661117,0.400771302,88,404.4,0.4778852,0.81,weak
[O-]C(=O)c1cncc(c1)c1cc(cc(c1)C(=O)[O-])C(=O)[O-].[Zn],6.77542,5.74655,6.77542,0.904611,3403.72,0.663,0.732912,Zn,0.837836007,0.018188108,0.952788509,0.031323399,1.000385567,0.039910183,0.001625496,0.361413233,224,347.8,0.55782217,0.773571429,weak
[Cd].[O-]C(=O)c1cncc(c1)c1cc(cc(c1)C(=O)[O-])C(=O)[O-],7.05077,6.2187,6.92901,0.984578,3602.48,0.6732,0.683745,Cd,0.741449134,0.015027351,0.836329625,0.026802493,0.891472991,0.034976782,0.001500239,0.298000422,224,327.2,0.68355364,0.55,weak
[O-]C(=O)CN1C(=O)c2ccc3c4c2c(C1=O)ccc4C(=O)N(C3=O)CC(=O)[O-].[Zn].n1ccc(cc1)C=Cc1ccncc1,5.50326,4.37361,5.49957,1.30104,717.717,0.4478,0.344187,Zn,0.915891742,0.02580481,1.041304221,0.038888533,1.112371974,0.050575314,0.001964802,0.335508503,122,291.4,0.27582872,0.710508812,weak
[Cu].[O-]C(=O)CN1C(=O)c2ccc3c4c2c(C1=O)ccc4C(=O)N(C3=O)CC(=O)[O-].n1ccc(cc1)C=Cc1ccncc1,4.92734,3.30383,4.84517,1.35179,645.981,0.42,0.310698,Cu,0.913722916,0.026805857,1.040088619,0.039063798,1.106539619,0.049270691,0.001928167,0.345258589,122,242.2,0.18757796,0.834282801,strong
[O-]C(=O)c1ccc(cc1)C#Cc1cc(C#Cc2ccc(cc2)C(=O)[O-])c(cc1C#Cc1ccc(cc1)C(=O)[O-])C#Cc1ccc(cc1)C(=O)[O-].[O]12[Zr]34[O]5[Zr]62[O]2[Zr]71[O]4[Zr]14[O]3[Zr]35[O]6[Zr]2([O]71)[O]43,9.619,8.95222,9.619,0.888944,4910.55,0.665,0.748079,Zr,0.798893772,0.023645758,0.862543816,0.03827721,0.929811451,0.053067739,0.001309177,0.405537805,300,415.8,0.81290364,0.96,unknown
[Cd].[O-]C(=O)c1cc(cc(c1)c1ccc(cc1C(=O)[O-])C(=O)[O-])c1ccc(cc1C(=O)[O-])C(=O)[O-].c1ncn(c1)Cc1ccc(cc1)Cn1cncc1,4.80079,3.30608,4.80079,1.50984,895.594,0.4482,0.296852,Cd,0.796234915,0.024481681,0.883296648,0.050340787,0.941186512,0.059511782,0.001449516,0.366242102,152,348.8,0.92737925,0.672,strong
[Cu][Cu].[O-]C(=O)c1cncc(c1)Oc1ccc(c(c1)C(=O)[O-])C(=O)O,5.49534,3.34203,5.46995,1.23935,1031.78,0.5278,0.425868,Cu,0.855520701,0.020275797,0.959643665,0.045196948,1.012148474,0.049995519,0.001566278,0.394240415,120,395.6,0.34790635,0.699983581,weak
unknown,7.19713,5.66467,7.19713,1.0797,1150.86,0.5586,0.517366,Nd,0.870087284,0.040320663,0.959918331,0.066580131,1.049333862,0.055758692,0.001792466,0.332416805,134,357.1,0.55453026,0.94,superstrong_high_loading
[Co].[O-]C(=O)c1ccc(cc1)C(=O)[O-].c1nc(cc(n1)n1cncc1)n1cncc1,6.91333,5.90513,6.91333,0.838175,4682.34,0.6704,0.799833,Co,0.856783652,0.025124525,0.963605899,0.03517091,1.025788612,0.050148185,0.00169005,0.357208694,300,374.8,0.9182273,0.428571429,weak
[Dy].[O-]C(=O)c1cc(NCc2ccncc2)cc(c1)C(=O)[O-],3.73369,2.82471,3.73369,1.68514,1800.49,0.4022,0.238675,Dy,0.757160831,0.027232393,0.838868217,0.054633599,0.885678058,0.063763095,0.001285172,0.377425408,368,318.4,0.9140167,0.67,none
[Eu].[O-]C(=O)c1cc(NCc2ccncc2)cc(c1)C(=O)[O-],3.68928,2.98786,3.68625,1.65352,1801.77,0.4024,0.24336,Eu,0.773541086,0.02757824,0.854426005,0.05427888,0.907428132,0.064581228,0.00133887,0.376527077,368,345.6,0.9122597,0.71,none
[Gd].[O-]C(=O)c1cc(NCc2ccncc2)cc(c1)C(=O)[O-],3.70895,3.01422,3.70895,1.66716,1770.8,0.395,0.236929,Gd,0.766363837,0.027384495,0.850619484,0.054956813,0.899597585,0.063360204,0.001332337,0.372542182,368,343.2,0.9100851,0.72,none
[O-]C(=O)c1cc(NCc2ccncc2)cc(c1)C(=O)[O-].[Sm],3.72178,2.99213,3.72178,1.62431,1891.62,0.4162,0.256233,Sm,0.779899955,0.027556155,0.860615457,0.055810183,0.908978219,0.065336236,0.001290783,0.398057288,368,378,0.9025614,0.69,none
[O-]C(=O)c1cc(NCc2ccncc2)cc(c1)C(=O)[O-].[Yb],3.68514,2.8452,3.68514,1.75432,1693.26,0.3866,0.22037,Yb,0.741073307,0.026998721,0.818626411,0.054366552,0.864298638,0.06197626,0.001232253,0.376710792,368,320.2,0.9008635,0.59,none
[Er].[O-]C(=O)c1cc(NCc2ccncc2)cc(c1)C(=O)[O-],3.76328,3.01033,3.75796,1.68864,1801.01,0.3998,0.236759,Er,0.756106237,0.026712954,0.838612734,0.053820134,0.885020255,0.062819158,0.00128914,0.37538068,368,302,0.9148395,0.6,none
[O-]C(=O)c1cc(NCc2ccncc2)cc(c1)C(=O)[O-].[Tb],3.74664,2.97877,3.69638,1.67209,1823.75,0.4068,0.243289,Tb,0.76346303,0.02787109,0.842595732,0.05537733,0.890571729,0.064497644,0.001271087,0.387329713,368,342.7,0.9105256,0.71,none
[Ho].[O-]C(=O)c1cc(NCc2ccncc2)cc(c1)C(=O)[O-],3.73924,3.02928,3.73924,1.68858,1788.36,0.3986,0.236056,Ho,0.755795481,0.027573279,0.835249013,0.053552193,0.883238426,0.062747315,0.001274429,0.378710665,368,309.4,0.9144392,0.64,none
unknown,6.5487,6.36755,6.54198,0.961571,930.712,0.554,0.576141,Co,0.925458823,0.047985317,1.017483756,0.089532799,1.071746306,0.095287808,0.001462875,0.492890102,106,337.1,0.897768,0.75,strong
unknown,9.07824,5.11386,9.07824,1.03663,2999.99,0.5456,0.52632,Co,0.919612661,0.03918957,1.05245112,0.058052465,1.113757108,0.07646428,0.001941444,0.349101399,354,400.8,0.91138744,0.858,weak
[O-]C(=O)C=CC(=O)[O-].[Sm],5.24348,4.37673,5.23973,1.59006,384.3,0.5724,0.359986,Sm,0.594600379,0.011266071,0.630896714,0.021769519,0.679246775,0.025602492,0.000846464,0.338652237,32,316.1,0.7266374,0.698888889,none
[O-]C(=O)C=CC(=O)[O-].[Tb],5.32073,4.35505,5.32073,1.63759,384.292,0.5742,0.350636,Tb,0.567795035,0.011728422,0.611070902,0.021244851,0.652332845,0.026278409,0.000845378,0.314517259,32,353,0.6947034,0.828888889,none
[Cd].[O-]C(=O)c1cc(OCc2ccncc2)cc(c1)C(=O)[O-],4.62065,3.00983,4.62065,1.52516,380.769,0.4558,0.298854,Cd,0.760935667,0.021976855,0.848490213,0.049542155,0.889872431,0.05387523,0.001289368,0.381820762,60,396.8,0.9201709,0.469558824,strong
O=N(=O)c1cc(ccc1c1cc(cc(c1)C(=O)[O-])C(=O)[O-])C(=O)[O-].O[Gd],5.85143,4.17377,5.84965,1.37849,2720.36,0.5618,0.407547,Gd,0.702881729,0.016528275,0.781321437,0.034061281,0.823923011,0.034809529,0.001210413,0.345730904,264,387,0.7074788,0.62,none
[Co].[O-]C(=O)c1ccc(cc1)c1ccc(cc1)C(=O)[O-],5.63295,4.71185,5.60435,0.895584,2099.28,0.6308,0.704344,Co,0.863833383,0.029228494,0.983271284,0.045178471,1.033504182,0.065213842,0.001696708,0.36635515,162,360.1,0.659242,0.56625,strong
[O-]C(=O)c1ccc(cc1)c1nc(c2ccc(cc2)C(=O)[O-])c(nc1c1ccc(cc1)C(=O)[O-])c1ccc(cc1)C(=O)[O-].[Pb],4.65844,3.66349,4.60566,1.93177,730.413,0.4376,0.226528,Pb,0.582134612,0.017820378,0.656835328,0.036349142,0.6967839,0.041951983,0.001146493,0.243978774,120,369.7,0.83409476,0.569411765,weak
[Ce].[O-]C(=O)c1ccc(cc1)c1nc(c2ccc(cc2)C(=O)O)c(nc1c1ccc(cc1)C(=O)O)c1ccc(cc1)C(=O)[O-].[O-]C(=O)c1ccc(cc1)c1nc(c2ccc(cc2)C(=O)[O-])c(nc1c1ccc(cc1)C(=O)[O-])c1ccc(cc1)C(=O)[O-],4.76524,3.42014,4.45473,1.44395,709.509,0.4422,0.306243,Ce,0.809401778,0.024930548,0.905715,0.051278981,0.956343009,0.061112069,0.001469412,0.376192285,120,320.9,0.9260974,0.86,superstrong_high_loading
[La].[O-]C(=O)c1ccc(cc1)c1nc(c2ccc(cc2)C(=O)O)c(nc1c1ccc(cc1)C(=O)O)c1ccc(cc1)C(=O)[O-].[O-]C(=O)c1ccc(cc1)c1nc(c2ccc(cc2)C(=O)[O-])c(nc1c1ccc(cc1)C(=O)[O-])c1ccc(cc1)C(=O)[O-],4.77475,3.38214,4.77475,1.445,706.164,0.4412,0.305329,La,0.81188201,0.02530328,0.908194078,0.051466898,0.957431743,0.061124514,0.001455497,0.383078547,120,321,0.9167644,0.81,superstrong_high_loading
O=C1c2cc(ccc2-c2c1cc(cc2)c1cc(cc(c1)C(=O)[O-])C(=O)[O-])c1cc(cc(c1)C(=O)[O-])C(=O)[O-].[Eu],5.55831,3.99162,5.52732,1.33728,1682.88,0.5162,0.386008,Eu,0.757397874,0.017048844,0.863159655,0.0305921,0.911435963,0.042740499,0.001540381,0.304864521,204,383.6,0.8277502,0.82,none
O=C1c2cc(ccc2-c2c1cc(cc2)c1cc(cc(c1)C(=O)[O-])C(=O)[O-])c1cc(cc(c1)C(=O)[O-])C(=O)[O-].[Tb],5.37255,3.53538,5.28365,1.38303,1569.28,0.4926,0.356174,Tb,0.747974652,0.016974203,0.853510523,0.030717546,0.903181266,0.042857931,0.001552066,0.291665663,204,367.3,0.81493515,0.77,none
unknown,5.35684,3.53187,5.11398,1.39151,1596.78,0.5016,0.360473,Dy,0.7451461,0.016720467,0.84901869,0.030479004,0.898876823,0.042410501,0.001537307,0.292956342,204,385.1,0.8856449,0.7,none
O=C1c2cc(ccc2-c2c1cc(cc2)c1cc(cc(c1)C(=O)[O-])C(=O)[O-])c1cc(cc(c1)C(=O)[O-])C(=O)[O-].[Gd],5.37591,3.59599,5.37482,1.37105,1588.61,0.4956,0.361474,Gd,0.751401529,0.016876694,0.856027895,0.03123822,0.904542469,0.043664108,0.001531409,0.301330676,204,372.4,0.8058342,0.78,none
unknown,4.76059,3.60611,4.76025,1.42845,594.979,0.4302,0.301166,Cd,0.848365643,0.030569478,0.942724376,0.064930684,0.99717688,0.074278919,0.001488112,0.408582971,110,363.1,0.8516562,0.747104278,weak
NC1=NC(=[N]=C([N]1)N)c1ccncc1.NC1=[N]=C(N)N=C([N]1)c1ccncc1.[Co][Co].[O-]C(=O)c1ccc(cc1)Oc1ccc(cc1)C(=O)[O-],9.82648,4.70794,9.8113,0.984461,9854.04,0.5948,0.604189,Co,0.897651073,0.029975689,1.00008201,0.055927149,1.060309862,0.07360741,0.001626588,0.416708552,936,399,0.9408227,0.868226601,unknown
[Co][OH]1[Co][OH2][Co]21[OH2][Co][OH]2[Co].[O-]C(=O)c1ccc2c(c1)c1cc(ccc1n2Cc1ccc(cc1)Cn1c2ccc(cc2c2c1ccc(c2)C(=O)[O-])C(=O)[O-])C(=O)[O-],5.35519,4.50996,5.35519,1.18156,2247.98,0.5056,0.42791,Co,0.883377123,0.027449538,0.999281594,0.040522778,1.053250227,0.057362371,0.001698731,0.384080444,294,337,0.8901393,0.67,superstrong_high_loading
C(Cc1ccncc1)Cc1ccncc1.[Co].[O-]C(=O)c1ccc2c(c1)c1cc(ccc1n2Cc1ccc(cc1)Cn1c2ccc(cc2c2c1ccc(c2)C(=O)[O-])C(=O)[O-])C(=O)[O-],5.31366,3.51306,5.22613,1.18543,1471.73,0.4678,0.394624,Co,0.967198291,0.048779723,1.064507021,0.087534004,1.120472231,0.092095949,0.001532739,0.514267056,252,325.3,0.37951702,0.843076923,strong
unknown,6.02273,3.21078,5.26405,1.17078,1478.39,0.476,0.406566,Co,0.952235451,0.045030212,1.056423181,0.083360747,1.109137665,0.090371039,0.001569022,0.490107678,240,325.1,0.42508608,0.863076923,strong
Cl[C]1C(=O)C(=O)[C](C(=O)C1=O)Cl.[Er],5.28005,3.47451,5.28005,1.69558,506.391,0.5412,0.319184,Er,0.558343613,0.008639579,0.5937454,0.01036709,0.638719544,0.013449024,0.000803759,0.315620425,38,312.6,0.9581826,0.47,none
Cl[C]1C(=O)C(=O)[C](C(=O)C1=O)Cl.[Er],5.63408,3.90895,5.6322,1.34705,1496.71,0.6354,0.471696,Er,0.561838165,0.011242433,0.591270372,0.009682342,0.636044051,0.014352678,0.000742059,0.336663595,76,303.4,0.9480673,0.56,none
Cl[C]1C(=O)C(=O)[C](C(=O)C1=O)Cl.[Er],5.26289,4.14433,5.26289,1.29893,786.585,0.644,0.495793,Er,0.571049143,0.013250186,0.601180565,0.01179938,0.647420348,0.016496642,0.000763712,0.339250806,38,315.6,0.95266414,0.57,none
unknown,7.26622,6.52759,7.07921,0.939898,1012.54,0.5706,0.607087,Ni,0.924225683,0.049014304,1.025435034,0.091900004,1.086202821,0.101724688,0.001619771,0.445034531,112,340.9,0.4496784,0.74,weak
unknown,6.85714,3.82432,6.85714,0.973127,986.766,0.5786,0.594578,Cd,0.901606958,0.051920394,0.989406311,0.098100099,1.052973863,0.096233185,0.001513669,0.451544873,111,388.8,0.8613046,0.81,weak
[Co][OH2][Co].[O-]C(=O)c1cc(c2ccc(cc2)C(=O)[O-])c(cc1C(=O)[O-])c1ccc(cc1)C(=O)[O-].n1ccc(cc1)CCc1ccncc1,5.35697,2.97763,5.35234,1.2779,782.686,0.4778,0.373896,Co,0.878647138,0.029983578,0.980353964,0.058017985,1.033287379,0.068823618,0.001546402,0.422855314,116,322.9,0.17415193,0.541648352,strong
[O-]C(=O)c1ccc(cc1)C(=O)[O-].[Zn],7.20343,5.1239,7.20151,0.967943,1885.16,0.6444,0.665741,Zn,0.815477227,0.021306967,0.914163483,0.040236462,0.966428979,0.054488769,0.001509518,0.370358763,134,392.5,0.8233336,0.639642857,weak
unknown,5.26305,3.46561,5.0192,1.60118,2137.98,0.4712,0.294283,Cd,0.772421539,0.016604517,0.860369264,0.02241453,0.922703354,0.02433526,0.001502818,0.325845034,324,285.8,0.1255858,0.759411765,none
unknown,5.31114,4.55393,5.30322,1.17917,1956.6,0.513,0.435053,Cd,0.863514703,0.035782118,0.955227574,0.07050326,1.009938472,0.080953503,0.001464238,0.430410391,260,278.8,0.5795232,0.859545455,none
[O-]C(=O)c1cc(NC2=NC(=[N]=C([N]2)Nc2cc(cc(c2)C(=O)[O-])C(=O)[O-])Nc2cc(cc(c2)C(=O)[O-])C(=O)[O-])cc(c1)C(=O)[O-].[Zn].[Zn][O]([Zn])[Zn],9.69734,4.09287,5.83715,0.886402,15331.3,0.6664,0.751804,Zn,0.821669091,0.018039605,0.937679266,0.030138026,0.987297217,0.038995265,0.001656281,0.335850082,956,412.7,0.5470132,0.69,unknown
[O-]C(=O)c1cc(NC2=NC(=[N]=C([N]2)Nc2cc(cc(c2)C(=O)[O-])C(=O)[O-])Nc2cc(cc(c2)C(=O)[O-])C(=O)[O-])cc(c1)C(=O)[O-].[Zn].[Zn][O]([Zn])[Zn],9.65699,4.07308,5.76892,0.887986,15414.2,0.6712,0.755867,Zn,0.821357613,0.017413806,0.938241043,0.030473008,0.989479121,0.039126944,0.001681215,0.32793398,956,412.3,0.53652805,0.69,unknown
Cc1cc(cc(c1)c1cc(cc(c1)C(=O)[O-])C(=O)[O-])c1cc(cc(c1)C(=O)[O-])C(=O)[O-].[Cu][Cu],11.30481,6.66246,11.30481,0.711262,5595.05,0.735,1.03337,Cu,0.82071753,0.022926438,0.903764113,0.049950272,0.957740353,0.055355559,0.001370228,0.41449412,270,308.2,0.93550104,0.367,weak
[Mn].[O-]C(=O)c1cc(cc(c1)c1cc(nc(c1)c1ccccn1)c1ccccn1)C(=O)[O-],5.4427,4.33077,5.44236,1.08115,2910.39,0.526,0.486518,Mn,0.906446004,0.027972053,1.007535768,0.058423363,1.076675661,0.072908495,0.001702297,0.401082012,352,417.7,0.80066574,0.66,weak
unknown,5.79654,5.54886,5.79654,1.18954,318.032,0.5582,0.469257,Mn,0.80807237,0.034699621,0.897705115,0.052225763,0.984598402,0.049812716,0.00176526,0.278950848,34,304.2,0.642044,0.45,weak
[O-]C(=O)c1cc(ccc1c1ccc(c(c1)N(=O)=O)C(=O)[O-])C(=O)[O-].[Zn][OH]1[Zn][OH]([Zn]1)[Zn].n1ccc(cc1)c1ccncc1,6.88202,3.80287,6.88202,1.27922,1645.21,0.5012,0.391801,Zn,0.837990721,0.024372404,0.946906301,0.050415951,0.991697635,0.059369415,0.001537069,0.38755735,216,320.4,0.52883023,0.746605985,strong
[Ni][OH2][Ni].[O-]C(=O)c1cc(ccc1c1ccc(c(c1)N(=O)=O)C(=O)[O-])C(=O)[O-].[OH2][Ni].n1ccc(cc1)c1ccncc1,5.84904,4.05574,5.84904,1.24538,1653.19,0.4924,0.395382,Ni,0.900747093,0.025379666,1.008956521,0.060542822,1.059616587,0.068352075,0.001588695,0.433730171,238,273.1,0.5972835,0.857285304,strong
[In].[O-]C(=O)c1ccc(cc1)C(=O)[O-].[O-]C(=O)c1ccc(cc1)S(=O)(=O)c1ccc(cc1)C(=O)[O-],6.45976,4.16361,6.45976,1.05675,2243.44,0.612,0.579134,In,0.804337339,0.023734857,0.904175064,0.044486845,0.949872931,0.054802938,0.001455356,0.376753872,184,378.8,0.8344578,0.829411765,none
[In].[O-]C(=O)c1ccc(cc1)c1ccc(cc1)C(=O)[O-],7.94208,4.72487,7.9272,1.13415,5320.26,0.562,0.495526,In,0.807467356,0.02483027,0.905258626,0.054760338,0.943092992,0.063410283,0.001356256,0.410583268,540,328.7,0.8662492,0.679411765,weak
unknown,6.70349,4.78212,6.69739,1.4561,2531.2,0.5562,0.381979,Cd,0.697737225,0.010788663,0.769725272,0.022117268,0.823314054,0.026194391,0.001255768,0.324073285,252,294.4,0.706892,0.5895,unknown
[Cd]I.[O-]C(=O)c1ccc(cc1)C(=O)[O-].n1ccc(cc1)C1=C[CH]N(C=C1)Cc1ccc(cc1)CN1[CH]C=C(C=C1)c1ccncc1,6.25875,4.356,5.64144,1.39764,1497.11,0.515,0.368477,Cd,0.685674186,0.023179687,0.778158483,0.037838069,0.826340263,0.050105927,0.001406661,0.271059705,184,359.9,0.4499684,0.829411765,weak
O=N(=O)c1cc(cc(c1)c1cc(cc(c1)C(=O)[O-])C(=O)[O-])c1cc(cc(c1)C(=O)[O-])C(=O)[O-].[O-]C=O.[Zn].[Zn][Zn],9.76418,6.94382,9.71131,0.796242,7242.64,0.7228,0.907764,Zn,0.821756809,0.015117918,0.912699242,0.034106883,0.964850207,0.042899947,0.001430934,0.398941862,368,368.1,0.6099918,0.75,strong
[Eu].[O-]C(=O)c1cc(CN2C=CC=C([CH]2)[O])cc(c1)C(=O)[O-].[O-]C(=O)c1cc(CN2[CH]C=CC(=C2)[O])cc(c1)C(=O)[O-].[O-]C=O,3.18745,2.54225,3.18736,2.04542,486.235,0.3198,0.15635,Eu,0.729917719,0.022739657,0.801758144,0.041350859,0.847054951,0.046040903,0.001171372,0.382929958,136,331.6,0.36750567,0.76,strong
[O-]C(=O)c1cncc(c1)C(=O)[O-].[Pr],4.97189,3.79936,4.61458,1.59835,807.039,0.4998,0.312697,Pr,0.657893306,0.011189703,0.723161016,0.02950924,0.763245838,0.03236654,0.001053525,0.34603286,94,390.9,0.2662809,0.7405,none
unknown,5.33905,3.63207,5.33384,1.63918,1638.1,0.5058,0.30857,Eu,0.633893556,0.012537974,0.705659248,0.02631851,0.744049217,0.030269373,0.001101557,0.308989198,188,357.1,0.55244046,0.74962963,none
Nc1nc(N)c(cc1c1cc(cc(c1)C(=O)[O-])C(=O)[O-])c1cc(cc(c1)C(=O)[O-])C(=O)[O-].[Cu][Cu],10.56906,5.22934,9.73766,0.792792,5049.83,0.717,0.904399,Cu,0.808145785,0.024737828,0.895710358,0.042040971,0.966109675,0.057225814,0.001579639,0.337114992,270,286,0.90738034,0.585,weak
[Cd].[O-]C(=O)c1ccc(cc1)c1cc(cc(c1)c1ccc(cc1)C(=O)[O-])c1ccc(cc1)C(=O)[O-].n1ccc(cc1)Sc1ccncc1,6.0594,4.09029,6.05531,1.18064,1191.87,0.5348,0.452973,Cd,0.811506106,0.031545177,0.920765744,0.05026221,0.983526713,0.068047761,0.001720206,0.303194059,141,310.4,0.8780072,0.6625,none
[Cd].[O-]C(=O)c1ccc(cc1)c1cc(cc(c1)c1ccc(cc1)C(=O)[O-])c1ccc(cc1)C(=O)[O-].n1ccc(cc1)SSc1ccncc1,6.26064,4.91879,6.26064,0.939663,1850.08,0.635,0.675775,Cd,0.800722885,0.031098168,0.891600861,0.057664936,0.94785537,0.072828283,0.001471325,0.36509601,143,355.4,0.5183102,0.88,none
FC(C1=C(c2ccc(cc2)C2=C(N=N[C]2C(F)(F)F)C(F)(F)F)C(=N[N]1)C(F)(F)F)(F)F.FC(C1=NN=C([C]1c1ccc(cc1)C1=C([N]N=C1C(F)(F)F)C(F)(F)F)C(F)(F)F)(F)F.[Co].[OH],3.40112,2.79036,3.38339,1.63923,1130.53,0.4414,0.269272,Co,0.784975602,0.012313916,0.877938155,0.019831273,0.938799587,0.019992122,0.00153824,0.328853834,168,319.6,0.5381284,0.75,weak
[Cd].[O-]C(=O)c1ccc(cc1)C(c1ccc(cc1)C(=O)[O-])N1[N]C=N[CH]1.c1ncn(c1)c1ccc(cc1)n1cncc1,9.03531,8.71363,9.03531,0.89021,2643.78,0.6576,0.738702,Cd,0.824062641,0.030219041,0.915709491,0.05560735,0.978603893,0.06793737,0.001545413,0.365230959,196,339.7,0.82933354,0.66,weak
Cc1nccn1c1ccc(cc1)n1ccnc1C.[Cd].[O-]C(=O)c1ccc(cc1)C(c1ccc(cc1)C(=O)[O-])N1[N]C=N[CH]1,9.07712,6.4111,9.07296,0.774713,3300.91,0.6964,0.898913,Cd,0.836248088,0.036120798,0.926796423,0.064906371,0.994065544,0.073196931,0.001578175,0.366675588,208,342.5,0.8410716,0.55,weak
C(Oc1cc2Cc3cc(OCCn4cncc4)c(cc3Cc3c(Cc2cc1OCCn1cncc1)cc(OCCn1cncc1)c(c3)OCCn1cncc1)OCCn1cncc1)Cn1cncc1.[Cd].[O-]C(=O)c1cccc(c1)C(=O)[O-],7.76646,4.38395,7.73061,1.06139,6313.41,0.573,0.53986,Cd,0.878574616,0.037612625,0.971038894,0.068392079,1.032713595,0.080942201,0.00154139,0.421289268,696,424.2,0.7867805,0.89,unknown
C(Oc1cc2Cc3cc(OCCn4cncc4)c(cc3Cc3c(Cc2cc1OCCn1cncc1)cc(OCCn1cncc1)c(c3)OCCn1cncc1)OCCn1cncc1)Cn1cncc1.[Cd].[O-]C(=O)c1cccc(c1)C(=O)[O-],7.75652,4.77709,7.63592,1.04806,6565.49,0.5884,0.561416,Cd,0.877842905,0.040404522,0.961833396,0.070383,1.026377653,0.082694996,0.001485347,0.435479701,696,322.4,0.72821665,0.97,weak
unknown,5.74581,3.91778,5.74581,1.10163,2606.1,0.5546,0.503435,Zn,0.891862956,0.031331648,1.01992138,0.043534948,1.078911807,0.060429754,0.001870489,0.342227728,296,449,0.734867,0.639473068,weak
O=Cc1ccc(cc1OCc1ccncc1)OCc1ccncc1.[Co][Co].[O-]C(=O)c1ccc(cc1)C(=O)[O-],5.67777,3.97572,5.67106,1.08616,2602.24,0.5552,0.511159,Co,0.91323149,0.030448264,1.038456092,0.044510213,1.098112315,0.06106389,0.001848808,0.369517077,296,444.1,0.56905144,0.768226601,weak
[Cd].[O-]C(=O)c1ccc(cc1)c1cc(cc(n1)c1ccc(cc1)C(=O)[O-])c1ccccc1.c1cc(nc(c1)n1cncc1)n1cncc1,4.73171,2.7922,4.69008,1.23174,942.686,0.4876,0.395864,Cd,0.860834508,0.03970767,0.962767208,0.074576709,1.020854329,0.086239155,0.001600198,0.38808264,142,425.9,0.9322956,0.65,weak
[Co].[O-]C(=O)c1ccc(cc1)c1cc(cc(n1)c1ccc(cc1)C(=O)[O-])c1ccccc1.c1cc(nc(c1)n1cncc1)n1cncc1,4.4792,2.75315,4.44811,1.18114,853.026,0.4572,0.387082,Co,0.930804974,0.043016006,1.041802019,0.081234373,1.102221993,0.093414607,0.00171417,0.424983427,142,412.7,0.92531705,0.7,weak
[Co][OH]1[Co][OH]([Co]1)[Co].[O-]C(=O)c1ccncc1,6.50079,4.27513,6.45342,1.1763,2924.58,0.5514,0.468757,Co,0.853499037,0.02929605,0.938712704,0.056740842,0.985936704,0.06797948,0.001324377,0.462517648,320,306.6,0.93441975,0.607538462,weak
[Cd].[O-]C(=O)c1cc2ccccc2c(c1O)Cc1c(O)c(cc2c1cccc2)C(=O)[O-].n1ccc(cc1)c1ccncc1,5.71543,3.55888,5.62291,1.26251,1923.79,0.4508,0.357067,Cd,0.899924183,0.037011792,1.007945934,0.076891867,1.065236253,0.090937256,0.001653121,0.412443212,336,296,0.5431953,0.683008812,weak
[O-]C(=O)c1ccc(c(c1)Br)C(=O)[O-].[O].[V],3.74263,3.52093,3.74263,1.82841,234.429,0.4164,0.227738,V,0.678889989,0.006626867,0.755096656,0.007941711,0.831633597,0.005105306,0.001527436,0.220604117,36,405.8,0.107286006,0.13,weak
[O-]C(=O)c1ccc(c(c1)C(F)(F)F)C(=O)[O-].[O].[V],6.81587,4.8163,6.59242,1.2417,886.24,0.554,0.446162,V,0.828165108,0.004761032,0.921387522,0.008537571,1.01260525,0.004083976,0.001844401,0.275178798,84,360.1,0.8841741,0.1525,weak
[O-]C(=O)c1ccc(c(c1)C(F)(F)F)C(=O)[O-].[O].[V],3.34574,2.72553,3.32076,1.75338,214.68,0.379,0.216154,V,0.80873708,0.007520587,0.91210721,0.008362825,1.002204886,0.006343617,0.001934678,0.230545739,42,325.1,0.94049776,0.18,weak
[O-]C(=O)c1ccc(c(c1)Br)C(=O)[O-].[O].[V],7.16507,5.97028,7.12671,1.39001,821.42,0.5546,0.398989,V,0.678568195,0.006168937,0.758077148,0.00769701,0.831423307,0.005292085,0.001528551,0.221029991,72,415.9,0.13309625,0.1425,weak
[O-]C(=O)c1ccc2c(c1)ccc(n2)C(=O)[O-].[Zn],4.96882,3.23985,4.96869,1.54267,1086.68,0.4498,0.291572,Zn,0.800987283,0.020556279,0.903636762,0.040154764,0.950834614,0.048331682,0.001498473,0.360687226,176,396.4,0.848441,0.779096307,weak
O=C1O[Cd]234O[C](O2)c2ccc(-c5ccc(-n6c7ccc(-c8ccc1cc8)cc7c1cc(-c7ccc([C](O3)O4)cc7)ccc61)cc5)cc2.[OH2][Cd][OH2],8.63493,7.5169,8.63493,0.777562,2318.71,0.6896,0.886875,Cd,0.82297577,0.036342293,0.9312502,0.055358473,0.985756112,0.062662107,0.001627803,0.343596164,145,351.6,0.45026064,0.74,strong
I[Cu]([Cu][Cu][Cu](I)I)I.[Cu][Cu](I)I.c1ccc(cn1)C#Cc1cc(C#Cc2cccnc2)cc(c1)C#Cc1cccnc1,5.36632,4.23886,5.30805,1.62361,5848.21,0.4688,0.28874,Cu,0.638784391,0.019178016,0.687461922,0.039924934,0.73408156,0.047195269,0.000952972,0.353235863,784,322.9,0.40160048,0.24,weak
I[Cu][Cu]I.[Cu][Cu](I)I.c1ccc(cn1)C#Cc1cc(C#Cc2cccnc2)cc(c1)C#Cc1cccnc1,4.80042,4.04778,4.55664,1.47054,3022.86,0.5016,0.341099,Cu,0.692936071,0.022771841,0.768358192,0.041576778,0.822157421,0.046597351,0.001292213,0.308875838,384,318,0.38601398,0.41,weak
I[Cu]([Cu][Cu][Cu](I)I)I.[Cu][Cu](I)I.c1ccc(cn1)C#Cc1cc(C#Cc2cccnc2)cc(c1)C#Cc1cccnc1,5.33884,4.22932,5.28829,1.62361,5858.19,0.4696,0.289232,Cu,0.637894636,0.019245147,0.686904271,0.040127496,0.735386249,0.047605846,0.000974916,0.345507738,784,322.8,0.39849192,0.24,weak
[O-]C(=O)c1ccc(cc1)C(c1ccc(cc1)C(=O)[O-])N1[N]C=N[CH]1.[Zn],5.8685,3.23791,5.84844,1.26621,1738.32,0.4674,0.369134,Zn,0.939857866,0.031602528,1.060035738,0.063829552,1.120695297,0.075596488,0.001808374,0.407265295,288,297,0.94784486,0.696809524,strong
[O-]C(=O)c1ccc(cc1)Oc1ccc(cc1)C(=O)[O-].[Zn].n1ccc(cc1)CNc1ccc(cc1)NCc1ccncc1,6.88365,6.42016,6.88365,1.17237,1321.25,0.4996,0.426144,Zn,0.930024894,0.038999085,1.032099844,0.075537895,1.08622004,0.085014974,0.001561951,0.469431918,192,345.4,0.712395,0.639071429,weak
[O-]C(=O)c1ccc(cc1)Oc1ccc(cc1)C(=O)[O-].[Zn].n1ccc(cc1)CNc1cccc2c1cccc2NCc1ccncc1,6.75137,6.49633,6.75137,1.17359,1372.84,0.4932,0.42025,Zn,0.925968274,0.040223491,1.028444429,0.076431807,1.083560329,0.086541217,0.001575921,0.461085488,204,337.5,0.7196278,0.636571429,weak
[O-]C(=O)c1ccc(cc1)N(c1ccc(cc1)c1ccc(s1)C(=O)[O-])c1ccc(cc1)c1ccc(s1)C(=O)[O-].[Zn][O]([Zn])([Zn])[Zn],13.71134,11.05968,13.63062,0.575121,12153.7,0.7768,1.35067,Zn,0.799064147,0.031526521,0.876138048,0.049151195,0.944191047,0.060742485,0.001451269,0.36518693,452,320.8,0.78004324,0.62,weak
[Cu].[O]S(=O)(=O)[O].n1ccc(cc1)c1nnc(s1)c1ccncc1,4.13577,3.75215,4.12059,1.57483,701.985,0.4162,0.264283,Cu,0.824252303,0.018197119,0.937675464,0.035695722,0.977846555,0.046151325,0.001535943,0.375678228,124,360,0.48356122,0.78,none
[Eu][OH]1[Eu][OH]2[Eu]1[OH]1[Eu]2[OH]([Eu]1)[Eu].[O-]C(=O)c1ccc(cc1)c1cc(cc(n1)c1ccc(cc1)C(=O)[O-])c1ccncc1.[O-]C=O,6.21597,3.42309,6.2013,1.38038,4102.13,0.4962,0.359465,Eu,0.762219069,0.026143597,0.84715762,0.053732684,0.895406279,0.064819825,0.001331872,0.368772421,572,362.7,0.85888296,0.71,none
unknown,10.88667,9.06105,10.88653,0.720926,8589.19,0.7458,1.0345,Cd,0.751613662,0.028593953,0.836610996,0.047579052,0.889605501,0.057827295,0.001379918,0.34297195,396,348.4,0.8064163,0.82,unknown
C(Cc1ccncc1)Cc1ccncc1.CCOc1cc(cc(c1)C(=O)[O-])C(=O)[O-].[Zn],4.96581,3.72779,4.96581,0.977105,7192.25,0.5606,0.573736,Zn,0.977720551,0.053047222,1.086837418,0.089892369,1.120197283,0.095408548,0.001424767,0.562916518,848,347.4,0.89988756,0.673879549,strong
[Eu].[O-]C(=O)c1ccc(o1)C(=O)[O-],5.86311,4.43195,5.84537,1.49411,1912.81,0.5616,0.375876,Eu,0.605360706,0.010503119,0.666221471,0.020581939,0.710807902,0.024064155,0.001054472,0.291731505,164,347.9,0.9351301,0.678,none
[O-]C(=O)c1ccc(o1)C(=O)[O-].[Pr],5.86694,4.44854,5.79091,1.45065,1938.47,0.569,0.392238,Pr,0.631262276,0.010238144,0.691637681,0.020306213,0.737602405,0.023520322,0.001063401,0.314643671,164,360,0.9373069,0.688,none
[Ce].[O-]C(=O)c1ccc(o1)C(=O)[O-],5.96486,4.52282,5.9502,1.41157,1989.99,0.5696,0.403522,Ce,0.635060764,0.01001593,0.697166956,0.019273258,0.746719042,0.023128919,0.001116583,0.30217828,164,353.7,0.9017972,0.69,none
unknown,5.58354,4.31725,5.56917,1.52568,1809.16,0.5282,0.346207,Nd,0.664946664,0.017233034,0.731870612,0.026248016,0.770767194,0.03549717,0.001058205,0.352156302,188,313.4,0.8077737,0.63962963,none
Cc1[nH][n-]c(c1c1c(C)[n-][nH]c1C)C.[Fe][OH][Fe].[O-]C(=O)c1cc(C(=O)[O-])c(cc1C(=O)[O-])C(=O)[O-],9.27312,7.76131,9.27312,0.929682,2174.54,0.6422,0.690774,Fe,0.869615181,0.018620938,0.945843322,0.042875253,1.002691889,0.046018942,0.001330767,0.473614985,152,352.2,0.9245436,0.744107143,superstrong_high_loading
unknown,8.30046,4.48716,8.20229,0.915941,2864.82,0.6098,0.665764,In,0.836969078,0.032272504,0.937627126,0.061661632,0.990295978,0.075349981,0.001533269,0.384986581,244,376.8,0.6947948,0.6,weak
[Co][Co].[O-]C(=O)c1cc(cc(c1)n1ccnc1C)C(=O)[O-],4.97073,3.79815,4.88109,1.05942,2263.94,0.5956,0.562192,Co,0.876656928,0.024976453,0.956123575,0.050749449,1.035377718,0.066670436,0.001587208,0.400529976,216,365.2,0.7890835,0.558461538,weak
Cc1ncn(c1)c1cc(cc(c1)C(=O)[O-])C(=O)[O-].[Co][Co],4.45932,2.75223,4.45652,1.15956,965.111,0.5558,0.479321,Co,0.880680121,0.026897477,0.96594602,0.057686894,1.031922203,0.066878314,0.001512421,0.430168824,108,329.8,0.83001864,0.62,weak
unknown,4.73706,3.80127,4.73096,1.12986,2410.69,0.5288,0.468025,Zn,0.923255396,0.044639378,1.055637296,0.071316812,1.161616162,0.06760695,0.002383608,0.212573602,328,423.8,0.6869297,0.797281106,weak
unknown,5.05505,4.1455,5.05505,1.17803,4507.05,0.5154,0.437512,Zn,0.951517874,0.040794163,1.07235402,0.065839859,1.168789966,0.061434287,0.002172721,0.303768296,656,409.1,0.644132,0.787281106,weak
C[C]1N=NC(=C1c1ccc(cc1)C(=O)[O-])C.[O-]C(=O)c1ccc(cc1)c1c(C)[n-][nH]c1C.[Zn],4.554,3.89796,4.49806,1.20302,2151.9,0.5026,0.417781,Zn,0.948698126,0.042531783,1.068529993,0.069806862,1.169939689,0.064834965,0.002212416,0.2880438,328,413.1,0.6530862,0.787281106,weak
C[C]1N=NC(=C1c1ccc(cc1)C(=O)[O-])C.[O-]C(=O)c1ccc(cc1)c1c(C)[n-][nH]c1C.[Zn],4.62934,3.86669,4.61383,1.21861,4148.98,0.4908,0.402752,Zn,0.947752462,0.042352715,1.066310259,0.067308898,1.167733006,0.064663305,0.002199805,0.290666675,656,403.6,0.5887277,0.787281106,weak
[Cu][Cu].[O-]C(=O)c1cc(cc(c1)C(=O)[O-])C1=CS[C]2[C]1SC=C2c1cc(cc(c1)C(=O)[O-])C(=O)[O-].[O-]C(=O)c1cc(cc(c1)C(=O)[O-])[C]1[CH]S[C]2[C]1S[CH][C]2c1cc(cc(c1)C(=O)[O-])C(=O)[O-].[O-]C(=O)c1cc(cc(c1)C(=O)[O-])c1csc2c1scc2c1cc(cc(c1)C(=O)[O-])C(=O)[O-],10.89818,6.83827,10.89818,0.754762,5697,0.7296,0.966663,Cu,0.777720883,0.013541355,0.857770731,0.029112605,0.920151991,0.036689456,0.001424311,0.353372322,252,301.6,0.79679847,0.655,weak
[Cu].[O-]C(=O)c1cc(CN2[CH]C=C(C=C2)c2ccncc2)cc(c1)C(=O)[O-].n1ccc(cc1)c1ccncc1,5.99609,3.11493,5.98424,1.00861,2018.47,0.5542,0.549468,Cu,0.930222795,0.045150916,1.044633267,0.067552496,1.108042972,0.07545711,0.001778202,0.405262385,236,270.9,0.84555715,0.854708333,weak
unknown,5.35568,4.08168,5.35568,0.994093,2899.05,0.5392,0.542404,Co,0.955421762,0.042174225,1.070453667,0.08029794,1.127835956,0.096090905,0.001724142,0.447787455,352,408,0.9138192,0.95,strong
[Al][O]([Al])[Al].[O-]C(=O)c1cc(cc(c1)c1ccc(cc1)C(=O)[O-])c1ccc(cc1)C(=O)[O-],14.37984,5.64079,14.3344,0.526238,11963.8,0.7748,1.47234,Al,0.915040623,0.039900455,1.042645708,0.051595327,1.120230827,0.068236253,0.002051902,0.307806674,480,418.5,0.48530447,0.44,weak
Nc1c(cc(cc1c1ccc(cc1)C(=O)[O-])c1ccc(cc1)C(=O)[O-])c1ccc(cc1)C(=O)[O-].[Cu].[Cu][Cu],12.06834,10.9241,12.06767,0.611163,8994.05,0.7582,1.24058,Cu,0.861763185,0.033999721,0.958807745,0.062898775,1.012794537,0.071936095,0.001510314,0.415845425,412,342.9,0.3631057,0.345,superstrong_high_loading
unknown,6.44914,4.98557,6.44588,1.08887,2924.85,0.6016,0.552498,Cu,0.796684306,0.022194238,0.886370826,0.033302979,0.948230019,0.049984694,0.001515457,0.346685053,244,308.4,0.547417,0.62,weak
unknown,6.7048,6.22727,6.70073,1.41086,1782.33,0.579,0.410387,In,0.696884283,0.017645349,0.775643428,0.030049838,0.823124567,0.030410596,0.001262403,0.323376432,160,351.9,0.8215488,0.592038462,strong
[O-]C(=O)c1ccc(cc1NC1=NC(=[N]=C([N]1)Nc1cc(ccc1C(=O)[O-])C(=O)[O-])Nc1cccc(c1)C(=O)[O-])C(=O)[O-].[Zn],16.8948,8.02784,16.8948,0.676953,5228.28,0.761,1.12416,Zn,0.820074691,0.018438838,0.912271747,0.037176141,0.978671619,0.050907033,0.001585969,0.34858344,228,353.9,0.7443563,0.82,weak
[O-]C(=O)c1ccc(cc1)C1=C2C=CC3=[N]2[Cu]24n5c1ccc5C(=C1[N]2=C(C=C1)C(=c1n4c(=C3c2ccc(cc2)C(=O)[O-])cc1)c1ccc(cc1)C(=O)[O-])c1ccc(cc1)C(=O)[O-].[O]12[Zr]34[O]5[Zr]62[O]2[Zr]71[O]4[Zr]14[O]3[Zr]35[O]6[Zr]2([O]71)[O]43,25.91648,14.4538,25.91648,0.455109,24106,0.848,1.86329,"Cu,Zr",0.713079022,0.028536803,0.794163809,0.042944162,0.856571112,0.05011935,0.001434921,0.285715667,566,403.9,0.90507734,0.84,none
C(Cn1cnnn1)Cn1cnnn1.[Cu],4.90578,3.35404,4.62625,1.26602,2962.62,0.4674,0.36919,Cu,0.959151421,0.039516011,1.092997713,0.045605934,1.169362391,0.033648642,0.00210211,0.33809878,512,304.6,0.13584748,0.775,weak
[Zn].c1ncn(c1)c1ccc(cc1)N(c1ccc(cc1)n1cncc1)c1ccc(cc1)n1cncc1,8.48692,7.9488,8.43055,0.885577,4800.22,0.6288,0.710045,Zn,0.899321927,0.053217647,0.9872164,0.098492222,1.053797256,0.100838483,0.001544753,0.439448211,448,341.3,0.53150743,0.62,weak
O=C1N([C]2C(=NN=C2C)C)C(=O)c2c3c1ccc1c3c(cc2)C(=O)N(C1=O)[C]1C(=NN=C1C)C.[Cu]1[OH][Cu][OH][Cu][OH][Cu][OH][Cu][OH][Cu][OH][Cu][OH][Cu][OH][Cu][OH][Cu][OH][Cu][OH][Cu][OH]1,9.0116,6.2013,7.1862,1.11923,3141.52,0.5752,0.513925,Cu,0.88734902,0.0244185,0.984632891,0.059452861,1.044097188,0.06401241,0.001567482,0.42340778,336,354,0.9352185,0.85,weak
[Cu][Cu].[O-]C(=O)c1cc(cc(c1)C(=O)[O-])N1C(=O)c2ccc3c4c2c(C1=O)ccc4C(=O)N(C3=O)c1cc(cc(c1)C(=O)[O-])C(=O)[O-],10.48635,6.7463,10.48635,0.846448,3902.94,0.6932,0.818952,Cu,0.811173536,0.015160943,0.903754575,0.033768749,0.96708264,0.039622418,0.001559091,0.348321719,224,262,0.9383313,0.735,weak
unknown,7.32024,5.03082,7.32024,0.831356,1941.61,0.6774,0.814813,Cu,0.810117098,0.015456524,0.900184045,0.03291649,0.972839388,0.043092061,0.001627223,0.32485216,112,251.4,0.9354981,0.655,weak
[Co].[Co][O]([Co])[Co].[O-]C(=O)c1ccc(cn1)C(=O)[O-].n1ccc(cc1)c1cc(nc(c1)c1ccncc1)c1ccncc1,10.68617,9.69952,10.6848,0.964058,4742.29,0.6008,0.623199,Co,0.895575166,0.025173922,1.00656026,0.058255466,1.052694456,0.068028629,0.001571193,0.435025784,422,363.5,0.928869,0.816212121,weak
[O-]C(=O)c1ccc(cc1)c1nc(c2ccc(cc2)C(=O)[O-])c(nc1c1ccc(cc1)C(=O)[O-])c1ccc(cc1)C(=O)[O-].[Sc]O[Sc],6.81679,4.02175,6.80919,0.953061,1365.54,0.5916,0.620737,Sc,0.893494606,0.0297695,1.014106915,0.04506282,1.078496946,0.059370299,0.001850023,0.347857965,122,464.7,0.92483485,0.55,none
O=C(c1ccncc1)NN=Cc1ccncc1.[Co].[O-]C(=O)c1ccc(cc1)Oc1ccc(cc1)C(=O)[O-],6.08907,3.5319,6.07808,1.18713,1398.84,0.4618,0.389004,Co,0.931893818,0.035525391,1.065364049,0.056625643,1.117199265,0.07741653,0.001853054,0.389583313,220,415.8,0.83000576,0.989545455,weak
[Co].n1n[nH]c(n1)c1ccc(cc1)C1=C2C=CC(=C(c3ccc(cc3)c3[nH]nnn3)C3=NC(=C(C4=CC=C(C(=C5N=C1C=C5)c1ccc(cc1)c1[nH]nnn1)[N]4)c1ccc(cc1)c1[nH]nnn1)C=C3)[N]2,5.24103,3.51737,4.99848,1.1714,1337.4,0.4998,0.42667,Co,0.895242562,0.029995237,1.014697682,0.062693663,1.088556666,0.073809396,0.001933141,0.322899611,194,476.3,0.90098464,0.6,weak
[In].[O-]C(=O)c1ccc(cc1)N(c1ccc(cc1)C(=O)[O-])c1ccc(cc1)C(=O)[O-],6.66333,6.44658,6.66333,1.04616,3449.59,0.59,0.563967,In,0.825743388,0.028993644,0.929096426,0.053477689,0.980712605,0.069081143,0.001549692,0.369458548,326,377.6,0.90869707,0.61,strong
[O-]C(=O)c1cc(cc(c1)C(=O)[O-])c1cc(cc(c1)C(=O)[O-])C(=O)[O-].[Zn].n1ncn[nH]1,5.73229,4.20006,5.69836,0.920894,1459.99,0.678,0.736241,Zn,0.803239889,0.023218094,0.897788895,0.039437543,0.959363996,0.051423123,0.001561241,0.340363219,92,338.5,0.38478848,0.508571429,strong
[O-]C(=O)c1ccc(cc1)c1cc(c2ccc(cc2)C(=O)[O-])c2c(c1)c1cc(cc(c1[nH]2)c1ccc(cc1)C(=O)[O-])c1ccc(cc1)C(=O)[O-].[O]12[Zr]34[O]5[Zr]62[O]2[Zr]71[O]4[Zr]14[O]3[Zr]35[O]6[Zr]2([O]71)[O]43,13.93085,11.69175,13.93085,0.603775,8487.07,0.7862,1.30214,Zr,0.755616843,0.032407915,0.841196248,0.046182779,0.909035236,0.055250456,0.001534184,0.298318403,308,373.2,0.9271315,0.96,none
NC1=NN=C([N]1)N.NC1=[N]=C(N=N1)N.[Co].[O-]C(=O)c1cc(nc(c1)C(=O)[O-])C(=O)[O-],6.62081,2.52169,6.61251,1.4611,1257.33,0.5014,0.343167,Co,0.812434418,0.025509196,0.918619997,0.037982774,0.964841102,0.046622612,0.001524067,0.365208449,166,369.6,0.82354,0.63952381,weak
NC1=NN=C([N]1)N.NC1=[N]=C(N=N1)N.[Co].[O-]C(=O)c1cc(nc(c1)C(=O)[O-])C(=O)[O-],6.69036,2.58208,6.69013,1.44077,1279.65,0.5032,0.349259,Co,0.803796203,0.024650559,0.918404149,0.040070612,0.960182414,0.045483871,0.001563862,0.346775853,166,365.9,0.8246611,0.63952381,weak
[O-]C(=O)c1cc(Oc2cc(cc(c2)C(=O)[O-])C(=O)[O-])cc(c1)C(=O)[O-].[Zn],5.01483,2.84606,4.98407,1.36643,2270.41,0.5304,0.388164,Zn,0.794042468,0.017357744,0.887335203,0.032376946,0.944492856,0.037750862,0.001504504,0.348713819,260,346.8,0.7872956,0.72,weak
[Cd].[O-]C(=O)c1cc(cc(c1)C(=O)O)[C]1N[N]C(=N1)c1cc(cc(c1)C(=O)O)C(=O)[O-].[O-]C(=O)c1cc(cc(c1)C(=O)[O-])[C]1N[N]C(=N1)c1cc(cc(c1)C(=O)[O-])C(=O)[O-],5.10831,3.00785,5.09305,1.56842,3331.54,0.4816,0.30706,Cd,0.739259375,0.013925303,0.83260702,0.032013685,0.890265086,0.035231387,0.001510057,0.292190504,464,400.2,0.78442746,0.62,unknown
[O-]C(=O)c1ccc(cc1)C(=O)[O-].[O]12[Zr]34[O]5[Zr]62[O]2[Zr]71[O]4[Zr]14[O]3[Zr]35[O]6[Zr]2([O]71)[O]43,8.89938,5.56526,8.89938,1.10193,3162.97,0.6322,0.573719,Zr,0.751367884,0.008086619,0.823004623,0.007767481,0.902077074,0.015352624,0.001507092,0.298001031,220,327.6,0.8459042,0.92,weak
NC1=C2[N]C=[N]=C2[N]C=N1.NC1=NC=[N]=C2C1=NC=N2.[O-]C(=O)c1ccc(cc1)C1=C2C=CC3=[N]2[Zn]24n5c1ccc5C(=C1[N]2=C(C=C1)C(=c1n4c(=C3c2ccc(cc2)C(=O)[O-])cc1)c1ccc(cc1)C(=O)[O-])c1ccc(cc1)C(=O)[O-].[Zn]O[Zn].[Zn][Zn],16.87479,10.45402,16.67621,0.511629,16735.3,0.795,1.55386,Zn,0.830096295,0.032865187,0.922333364,0.053935833,0.985186822,0.064937012,0.001550905,0.369721984,582,366.1,0.72167695,0.663076923,unknown
CCOc1cc(cc(c1)C(=O)[O-])C(=O)[O-].[Zn],6.98194,5.60229,6.98194,1.36836,1931.28,0.4848,0.354294,Zn,0.869866342,0.031893228,0.963426305,0.056066364,1.006943159,0.063758984,0.001370768,0.46697641,288,393.3,0.92485416,0.61,weak
[O-]C(=O)c1cc(cc(c1)C(=O)[O-])N1CCCC1.[Zn],7.25206,5.23684,7.25206,1.49695,856.205,0.4308,0.287785,Zn,0.892389502,0.045274684,0.978906595,0.064659831,1.034376845,0.07139503,0.001419873,0.471601949,174,347.6,0.8231964,0.51,weak
unknown,8.26266,7.05303,8.26266,0.805392,2740.94,0.6268,0.778254,Ni,1.100784793,0.059672207,1.216868569,0.091993296,1.33055948,0.081421188,0.002297747,0.411859544,264,320.5,0.3473547,0.77,strong
[O-]C(=O)C1=CC2=NN=NC2=C[CH]1.[O-]C(=O)C1=C[C]2C(=NN=N2)C=C1.[O-]C(=O)c1ccc2c(c1)[N]N=N2.[O].[Zn],4.03404,3.63636,4.03404,1.85988,422.225,0.4296,0.230983,Zn,0.719499261,0.010673695,0.809353459,0.020518449,0.850804258,0.026630405,0.00131305,0.333651501,70,501.4,0.9630712,0.668241135,strong
[O-]C(=O)[C]1C=CC2=NN=NC2=C1.[O-]C(=O)c1ccc2c(c1)[N]N=N2.[OH].[Zn],4.72948,4.20723,4.72948,1.7212,484.988,0.455,0.26435,Zn,0.731354334,0.01616826,0.825281988,0.024774856,0.873770757,0.032278204,0.001424164,0.31167821,74,490.9,0.93776053,0.618241135,weak
[O-]C(=O)C1=C[C]2C(=NN=N2)C=C1.[O-]C(=O)[C]1C=CC2=NN=NC2=C1.[O-]C(=O)c1ccc2=N[N]N=c2c1.[OH].[Zn],6.82151,5.80512,6.80153,1.46035,1361.84,0.542,0.371145,Zn,0.731828861,0.016749812,0.833883242,0.027459858,0.875423466,0.032197405,0.001435946,0.311130737,148,486.5,0.91067713,0.598241135,weak
[O-]C(=O)C1=CC2=NN=N[C]2C=C1.[O-]C(=O)C1=CC=C2C(=NN=N2)[CH]1.[OH].[Zn],4.80099,4.24264,4.79674,1.75109,491.169,0.4688,0.267719,Zn,0.723149203,0.016674366,0.823281341,0.029502276,0.861298361,0.034158591,0.001381492,0.31905425,74,494.7,0.9331262,0.618241135,weak
[O-]C(=O)C1=CC2=NN=N[C]2C=C1.[O-]C(=O)C1=CC=C2C(=NN=N2)[CH]1.[O-]C(=O)C1=C[CH]C2=NN=NC2=C1.[OH].[Zn],6.95277,5.98087,6.95277,1.43309,1417.95,0.5538,0.386439,Zn,0.730108164,0.015838567,0.832422621,0.025976585,0.874565336,0.032152147,0.001444572,0.306765271,148,484.4,0.90887725,0.608241135,weak
Cl[Fe][O]([Fe]Cl)([Fe]Cl)([Fe]Cl)([Fe]Cl)[Fe]Cl.[Fe].[O]CC(c1ccncc1)(C[O])C[O],6.95143,4.41404,6.94893,1.20742,4201.43,0.5698,0.471916,Fe,0.814391303,0.032556388,0.876669328,0.056672909,0.918643274,0.066441524,0.00104252,0.505019402,424,295.2,0.9352145,0.7,strong
[O-]C(=O)C(=O)[O-].[U],5.53669,4.08743,5.53669,1.58284,1126.46,0.7254,0.458289,U,0.387309013,0.015067293,0.407164432,0.014894698,0.426160475,0.019417199,0.000388515,0.270897857,40,481.7,0.90706486,0.5705,none
[O-]C(=O)C(=O)[O-].[U],5.5795,4.2018,5.5795,1.5717,1137.89,0.7276,0.462937,U,0.386229733,0.014699582,0.408777517,0.014113766,0.428811556,0.019243574,0.000425818,0.258903224,40,483,0.9065769,0.5705,none
[O-]C(=O)C1=CC(=CN([CH]1)Cc1cc(cc(c1)C(=O)[O-])C(=O)[O-])C(=O)[O-].[Zn].n1ccc(cc1)C=Cc1ccncc1,5.33318,4.51857,5.33318,1.2193,660.753,0.4864,0.398918,Zn,0.906339256,0.026046957,1.024786886,0.057264027,1.067439512,0.063807489,0.001611003,0.435670991,92,357.4,0.8667458,0.765857143,strong
O=C1N(c2ccncc2)C(=O)c2c3c1ccc1c3c(cc2)C(=O)N(C1=O)c1ccncc1.[O-]C(=O)c1ccc(cc1)c1cc(cc(c1)c1ccc(cc1)C(=O)[O-])c1ccc(cc1)C(=O)[O-].[Zn],9.51234,6.58632,9.51234,0.872302,14474.2,0.639,0.732544,Zn,0.877731826,0.031469112,1.004707547,0.04650445,1.063159221,0.06525384,0.001854274,0.332870319,1144,363.4,0.6110895,0.8492,weak
[O-]C(=O)c1ccc(cc1)c1cc(cc(c1)c1ccc(cc1)C(=O)[O-])c1ccc(cc1)C(=O)[O-].[Zn].n1ccc(cc1)C=Cc1ccncc1,9.12982,7.14176,9.12087,0.95221,10481.1,0.6014,0.631583,Zn,0.881614327,0.037403501,0.987083283,0.069848667,1.037301497,0.080602386,0.001556872,0.42376128,984,358.7,0.8054358,0.773076923,strong
[O-]C(=O)c1ccncc1N.[Zn],7.5175,7.32289,7.5175,1.28441,671.005,0.5094,0.396602,Zn,0.89324951,0.037002144,1.018787087,0.069435006,1.049055358,0.075708706,0.001558058,0.441710185,93,352.3,0.8929114,0.572846582,weak
[O-]C(=O)c1ccncc1N.[Zn],5.15766,4.14913,5.13354,1.04759,1287.28,0.5978,0.570641,Zn,0.874898216,0.034004363,0.998406953,0.062439953,1.040462333,0.073562362,0.001655641,0.391781424,124,342.5,0.8142303,0.483418011,strong
CC([S])(C)C.[Ag][Ag][Ag][Ag][Ag][Ag].[O-]C(=O)c1c(F)c(F)c(c(c1F)F)C(=O)[O-],9.76235,8.74983,9.75824,1.38549,1826.81,0.6146,0.443598,Ag,0.633375319,0.027984003,0.672373391,0.060119527,0.688870782,0.061954803,0.000554955,0.470639039,156,318.9,0.9707938,0.74,none
I[Cu][Cu]I.[O]CC(c1ccncc1)(C[O])C[O].[Sb],9.81656,8.96763,9.81656,1.25967,1094.08,0.617,0.489811,"Cu,Sb",0.675954525,0.030540628,0.733759811,0.059748972,0.782102514,0.06689461,0.00106148,0.359087654,98,128.6,0.9339752,0.751574468,weak
O1[W]23O[W]45O[W]61O[W]17O[W]8(O3)O[W]3(O2)O[W]2(O5)O[W]5(O4)O[W](O6)(O1)[O]1[Ni]46[O]7[Ni]7[O]8[Ni]8([O]3[Ni]3[O]2[Ni]2([O]5[Ni]1[O]62)[O]83)[O]47.[O-]C(=O)c1cc(cc(c1)S([O])([O])[O])C(=O)[O-],14.763,10.54169,14.71059,1.68701,16468.2,0.6806,0.403435,"Ni,W",0.467791439,0.012133595,0.517478669,0.018103532,0.536432176,0.015647845,0.000686407,0.266991517,940,309.9,0.70454943,0.86,none
[O-]C(=O)c1ccc(c(c1)n1cncc1)C(=O)[O-].[Pb],3.58998,2.74204,3.58821,2.29138,493.197,0.389,0.169767,Pb,0.549164676,0.015300038,0.616721247,0.031133945,0.647114397,0.036588379,0.000979497,0.261509413,96,341.5,0.8846769,0.386666667,strong
[O-]C(=O)c1ccc(c(c1)n1cncc1)C(=O)[O-].[Pb].[Zn],4.69165,3.22734,4.56152,1.64147,741.76,0.5002,0.304727,"Zn,Pb",0.652108169,0.017770112,0.723180135,0.032977096,0.773489869,0.042482499,0.001213817,0.291423442,96,405.3,0.9146662,0.485708061,strong
unknown,4.53308,3.49171,4.42212,1.25677,1155.98,0.4502,0.35822,Zn,0.972791064,0.048035019,1.090936718,0.081068738,1.133603658,0.092650362,0.001608126,0.502933067,216,330.4,0.94774413,0.3155,strong
unknown,8.04199,6.84939,8.03136,1.34828,3216.5,0.5658,0.419645,Zn,0.777471653,0.008715428,0.869101916,0.018976178,0.942703656,0.018582346,0.00165232,0.284780396,304,253.4,0.17629042,0.7892,unknown
[O-]C(=O)c1cc([O])c(cc1[O])C(=O)[O-].[Zn],11.72528,10.94185,11.72528,1.2148,895.803,0.6724,0.553505,Zn,0.673729754,0.007859666,0.754863028,0.014324072,0.800922165,0.016650857,0.001271924,0.297998211,54,379.5,0.9391357,0.309904762,weak
[Mg].[O-]C(=O)c1cc([O])c(cc1[O])C(=O)[O-],11.69438,10.88135,11.69438,0.912549,868.9,0.6558,0.718646,Mg,0.817637359,0.026645493,0.977136721,0.020384855,1.050929772,0.028360091,0.002332924,0.132044506,54,428.3,0.6947347,0.2,strong
CCC(Oc1cc(c(cc1c1ccncc1)OC(CC)C)c1ccncc1)C.[Cd],4.68036,2.65083,4.68036,1.25706,966.031,0.4564,0.363068,Cd,1.013616155,0.050840422,1.132486717,0.073020641,1.239249662,0.062104127,0.002256335,0.33873357,186,341.2,0.7346257,0.75,unknown
[Co].[O-]C(=O)c1ccc(cc1)C(=O)[O-],4.52917,3.15863,4.06442,1.33738,1087.53,0.4536,0.339171,Co,0.890952858,0.029002257,1.012036238,0.042519785,1.075001022,0.055707228,0.001840482,0.348494801,178,328.6,0.70480967,0.61047619,weak
[O-]C(=O)c1ccc(cc1)C(=O)[O-].[Zn].n1ccc(cc1)C1=C[N]N=C1.n1ccc(cc1)[C]1C=NN=C1,6.35126,3.89746,6.30302,1.1595,3721.76,0.557,0.480379,Zn,0.847200513,0.028929737,0.953911905,0.059684072,0.994539115,0.072929911,0.001473386,0.416198735,416,400.9,0.92316806,0.86,weak
[Co][OH2][Co].[O-]C(=O)c1ccc(cc1)CN(Cc1ccc(cc1)C(=O)[O-])Cc1ccc(cc1)CN(Cc1ccc(cc1)C(=O)[O-])Cc1ccc(cc1)C(=O)[O-],6.81117,3.35123,4.82683,1.10096,2454.23,0.5056,0.459236,Co,0.959623755,0.040435785,1.077106362,0.061403062,1.154541781,0.061421831,0.00194918,0.38154421,348,326.3,0.6104683,0.5,strong
[Cu][Cu].[O-]C(=O)c1cccc(c1)CN(Cc1cccc(c1)C(=O)[O-])Cc1ccc(cc1)CN(Cc1cccc(c1)C(=O)[O-])Cc1cccc(c1)C(=O)[O-],5.89219,4.68009,5.88995,1.07871,1344.59,0.5488,0.508755,Cu,0.939806951,0.038490223,1.065250393,0.053252828,1.140555098,0.058241527,0.002007481,0.345918965,168,273.8,0.8366796,0.66,weak
[Cu][Cu].[O-]C(=O)c1ccc(cc1)CN(Cc1ccc(cc1)C(=O)[O-])Cc1ccc(cc1)CN(Cc1ccc(cc1)C(=O)[O-])Cc1ccc(cc1)C(=O)[O-],7.91934,5.67788,7.91934,0.791477,4450.48,0.6664,0.841971,Cu,0.92873732,0.040616706,1.033527558,0.060900569,1.113976062,0.060334876,0.001852387,0.37707805,336,264.8,0.81285644,0.68,weak
[Cd].[O-]C(=O)c1ccc(cc1)CN(Cc1ccc(cc1)C(=O)[O-])Cc1ccc(cc1)CN(Cc1ccc(cc1)C(=O)[O-])Cc1ccc(cc1)C(=O)[O-],8.1647,6.44559,8.1647,1.18247,2770.53,0.552,0.466818,Cd,0.839441059,0.034644087,0.94431173,0.051910609,1.010803566,0.050951314,0.001713625,0.331750013,336,293.1,0.79374635,0.51,weak
[Co][Co].[O-]C(=O)c1ccc(cc1)Oc1ccc(cc1)C(=O)[O-].n1ccc(cc1)CN1CCN(CC1)Cc1ccncc1,5.72885,3.8313,5.70465,1.09146,5755.39,0.5262,0.482106,Co,0.952615871,0.042502679,1.053772849,0.076037741,1.105028729,0.086849116,0.001524129,0.503694147,768,377.5,0.954149,0.626571429,weak
O=CC1=CN=N[CH]1.O=CC1=C[N]N=C1.O=C[C]1C=NN=C1.[Cu][O]([Cu])[Cu],6.81528,6.08875,6.79376,0.965779,9415.31,0.6958,0.720454,Cu,0.730840734,0.025012678,0.789449322,0.043618749,0.85240268,0.054658345,0.001215619,0.365430765,544,384.5,0.6067231,0.63,strong
unknown,9.17583,8.64048,9.17583,1.0131,2114.07,0.5522,0.545061,Zn,0.953060187,0.043371664,1.05303348,0.085664815,1.119569555,0.097941857,0.001665094,0.459104953,256,373.8,0.53267074,0.738,weak
[Cd].[O-]C(=O)c1ccc(cc1)C(c1ccc(cc1)C(=O)O)N1[CH]N=C[N]1.[O-]C(=O)c1ccc(cc1)C(n1cncn1)c1ccc(cc1)C(=O)O,5.31056,4.33584,5.28858,1.06706,1778.65,0.5364,0.502691,Cd,0.932128581,0.038264822,1.046566684,0.0749161,1.107001167,0.0913718,0.001748726,0.416511432,226,373,0.92450225,0.58,weak
CC(=NN=C(c1ccncc1)C)c1ccncc1.C[C](c1ccncc1)[N][N][C](c1ccncc1)C.[Cd].[O]S(c1cccc(c1)S([O])([O])[O])([O])[O],4.95457,3.98467,4.95457,1.26932,1020.84,0.4728,0.372483,Cd,0.916506868,0.039062571,1.018678444,0.080528835,1.066100477,0.091739442,0.001495936,0.476850957,166,314.5,0.9525994,0.66962963,none
CC(=NN=C(c1ccncc1)C)c1ccncc1.C[C](c1ccncc1)[N][N][C](c1ccncc1)C.[Cd].[O]S(c1cccc(c1)S([O])([O])[O])([O])[O],5.12055,4.28801,4.95112,1.2824,998.032,0.467,0.364162,Cd,0.914740755,0.039558444,1.014601977,0.080502993,1.062574931,0.091503306,0.001478342,0.47988627,166,316.5,0.9498993,0.66962963,none
unknown,12.01795,6.64379,12.00877,0.69055,5687.44,0.7446,1.07827,Cu,0.80487024,0.020841619,0.890789055,0.033452339,0.958884276,0.046608901,0.00154014,0.345798729,252,299.7,0.93649673,0.354142857,weak
CN(c1cc(cc(c1)C(=O)[O-])C(=O)[O-])C.[Cu][Cu],6.65873,6.2066,6.65873,1.3407,989.452,0.4918,0.366823,Cu,0.910737017,0.027273885,0.994755925,0.051007732,1.084121183,0.048054989,0.001733842,0.38969346,150,255.6,0.76587445,0.391,weak
[Cu][OH][Cu].[O-]C(=O)C.n1ccc(cc1)c1ccncc1,3.78171,3.0048,3.78171,1.27306,2858.67,0.4768,0.37453,Cu,0.910101231,0.049339471,1.012903974,0.073371672,1.078036555,0.074085325,0.001679353,0.412573617,464,238.5,0.8906461,0.656431611,strong
unknown,4.44149,3.49683,4.4345,1.44129,451.492,0.494,0.342749,Cd,0.756357952,0.019158653,0.853386499,0.046472662,0.887883987,0.050502025,0.00131526,0.372201684,60,378.4,0.9471812,0.418786765,strong
OC(=O)c1ccc(cc1c1ncccc1C(=O)[O-])C(=O)[O-].[Cd],6.07712,4.50995,6.0724,1.09274,1483.02,0.6136,0.561523,Cd,0.75588199,0.02044974,0.851180313,0.037052762,0.903706311,0.044073426,0.001478243,0.319537743,116,372.9,0.896014,0.469411765,strong
[Gd].[O-]C(=O)c1cccc(c1)C1=C2C=CC(=C(c3ccc(cc3)C(=O)[O-])C3=NC(=C(C4=CC=C(C(=C5N=C1C=C5)c1ccc(cc1)C(=O)[O-])[N]4)c1cccc(c1)C(=O)[O-])C=C3)[N]2.[O-]C=O.[Zn],7.12981,4.09174,6.66707,1.10693,3623.5,0.5738,0.518369,"Zn,Gd",0.791776212,0.027112352,0.9029145,0.04037875,0.956021138,0.056524737,0.001642449,0.308713381,360,388,0.27065954,0.837692308,strong
O=N(=O)c1cc(ccc1c1cc(cc(c1)C(=O)[O-])C(=O)[O-])C(=O)[O-].[Pr],9.00205,4.40372,9.00205,1.40849,3583.89,0.54,0.383389,Pr,0.701341941,0.013093819,0.783007103,0.03048096,0.825257777,0.035329043,0.001239158,0.336163514,372,368.2,0.27112502,0.92962963,none
unknown,9.05552,7.88042,9.05263,1.04794,3101.99,0.5398,0.515107,Co,0.90048095,0.033016591,0.997166077,0.064456248,1.053798488,0.073727786,0.001533175,0.447203787,360,423.9,0.7218815,0.823076923,superstrong_high_loading
O=C(NCc1cccnc1)CCCCCCC(=O)NCc1cccnc1.[Cd].[O-]C(=O)c1ccc(c2c1cccc2)C(=O)[O-],6.31819,4.66502,6.31819,1.43358,2030.85,0.435,0.303437,Cd,0.871563625,0.031416013,0.984081928,0.042841133,1.056025085,0.046770435,0.001844615,0.324941769,392,311.8,0.5072839,0.660045455,strong
unknown,5.35578,4.72548,5.35578,1.09315,1102.35,0.586,0.536067,Zn,0.822351031,0.006775253,0.926413023,0.007554402,1.030970883,0.006513875,0.002086199,0.196408831,102,354.4,0.914169,0.14,strong
unknown,6.56099,4.66938,5.82209,0.935651,1967.59,0.6002,0.641479,Zn,0.9147936,0.009378413,1.029185075,0.011905145,1.150464893,0.009609392,0.002356713,0.206631663,182,287.6,0.70990026,0.68,weak
I[Cu]1(I)[Cu][Cu]1(I)I.I[Cu]1[Cu]([Cu]1(I)I)(I)I.[Ce].[O-]C(=O)c1ccc(cc1)N1[CH]C=C(C=C1)c1ccncc1,5.52909,3.39426,5.24983,2.07776,3791.75,0.4284,0.206184,"Ce,Cu",0.527666231,0.016342486,0.587001002,0.030056824,0.617971161,0.037748608,0.000903049,0.261478876,592,339.6,0.9132342,0.37,none
O=Cc1ccc(cc1[O])c1ccncc1.[Cu],10.63307,10.00815,10.63307,0.979363,1341.98,0.5736,0.585687,Cu,0.912158205,0.041679296,1.026868419,0.068813845,1.084030429,0.076504594,0.001718722,0.406132907,141,259.4,0.86521435,0.79,none
O=Cc1ccc(cc1[O])c1ccncc1.[Zn],5.10201,4.50206,5.10201,1.20147,628.789,0.4926,0.409996,Zn,0.912799786,0.045231744,1.034788119,0.067513463,1.094636227,0.083706778,0.001818364,0.377647166,94,255.3,0.54514,0.699588465,weak
O=Cc1ccc(cc1[O])c1ccncc1.[Co],11.21785,10.48012,11.21785,0.908128,1477.69,0.5916,0.65145,Co,0.918930886,0.040694291,1.013907085,0.081211192,1.067243208,0.082606049,0.001483123,0.480933933,141,199.7,0.9250335,0.809545455,weak
[Cd].[O-]C(=O)c1cc(cc(c1)C(=O)[O-])C(=O)[O-],6.58089,5.84984,6.57291,1.22093,2171.49,0.6246,0.511576,Cd,0.686834913,0.009519802,0.756198686,0.020892231,0.80994054,0.025247692,0.001231056,0.320121686,152,364.3,0.91700596,0.6605,weak
unknown,6.26168,4.12981,6.2474,1.14101,1334.23,0.5508,0.482731,Cd,0.814946034,0.029619969,0.911594296,0.05607739,0.973682962,0.07105352,0.001587369,0.344495182,149,408.7,0.6016899,0.87,weak
[Cu][Cu].[O-]C(=O)C=Cc1ccnc2c1cccc2,4.5981,3.70181,4.37494,1.23582,2320.79,0.4694,0.379829,Cu,0.91299489,0.040106837,1.00857676,0.076562932,1.070986149,0.086788674,0.001579913,0.444549862,376,355.1,0.8474133,0.857001069,weak
[O-]C(=O)c1cncc(c1)C(=O)[O-].[Zn],6.10528,5.07966,6.09859,0.837968,1309.24,0.7166,0.855164,Zn,0.764820426,0.017161009,0.859363892,0.026816968,0.921283695,0.033956632,0.001564633,0.300867894,64,337.1,0.36675146,0.29,strong
unknown,6.95249,6.24282,6.95249,1.409,884.695,0.6254,0.443861,Zn,0.701802877,0.014470683,0.768007822,0.028999156,0.807760402,0.029884474,0.001059575,0.388339029,66,488,0.20203471,0.35,superstrong_high_loading
unknown,3.99019,2.7368,3.92245,1.81941,337.936,0.4124,0.226667,Zn,0.769614678,0.019892736,0.855332209,0.03028516,0.905463295,0.035245922,0.001358486,0.367999904,64,400.4,0.6885333,0.33,superstrong_high_loading
NC1=N[N]C(=N1)N.NC1=[N]=C(N=N1)N.[Co].[Co][Co].[O-]C(=O)c1cc(cc(c1)C(=O)[O-])c1cc(cc(c1)C(=O)[O-])C(=O)[O-],8.12547,6.11997,8.11902,1.03447,1082.64,0.622,0.601271,Co,0.840545296,0.02100725,0.94732084,0.042168865,0.997936318,0.047441022,0.00157391,0.377732249,86,299.9,0.4554632,0.833186278,weak
unknown,8.41257,6.66027,8.41257,1.00593,1123.39,0.6276,0.623898,Co,0.840390935,0.020662743,0.947849539,0.042288929,0.996503203,0.047002222,0.001561123,0.381854953,86,298.1,0.45379674,0.833186278,weak
[Eu].[O-]C(=O)c1cc(cc(c1)C(=O)[O-])c1cc(cc(c1)C(=O)[O-])C(=O)[O-],7.19973,6.38685,7.19882,1.25383,2314.79,0.6092,0.48587,Eu,0.688326208,0.015031251,0.759750395,0.03229932,0.813415772,0.034350023,0.001250896,0.316017319,186,469.2,0.12040436,0.817692308,weak
unknown,7.20833,6.38384,7.20814,1.27052,2252.97,0.5922,0.466108,Tb,0.676248932,0.014160169,0.749199259,0.031535627,0.797813998,0.034632238,0.001215651,0.315609668,186,465,0.11549285,0.697692308,weak
O=P(c1ccc(cc1)n1cncc1)(c1ccc(cc1)n1cncc1)c1ccc(cc1)n1cncc1.[Ni].[O-]C(=O)c1ccc(cc1)C=Cc1ccc(cc1)C(=O)[O-],7.0348,6.10182,7.0348,0.863322,1565.65,0.609,0.705415,Ni,0.922989577,0.045094257,1.033406401,0.082322298,1.087275826,0.096964675,0.001642862,0.4395554,144,301.3,0.8594066,0.86,strong_high_loading
[Cu][Cu].[O-]C(=O)CCCC(=O)[O-].n1ccc(cc1)c1ccncc1,4.7834,3.74703,4.7834,1.50997,507.303,0.4244,0.281065,Cu,0.908499247,0.042616788,0.992328102,0.071231322,1.033303062,0.076893327,0.001248038,0.541230118,104,242.1,0.5842176,0.609324468,weak
unknown,6.02392,5.75806,6.02392,1.33688,672.591,0.4754,0.355604,Cu,0.91820918,0.043042622,1.003664834,0.075621469,1.039901231,0.079288021,0.00121692,0.561336241,112,252.7,0.36262897,0.60022964,weak
O=C(c1ccncc1)Nc1ccc(cc1)NC(=O)c1ccncc1.[Co].[O-]C(=O)c1ccc(cc1)Oc1ccc(cc1)C(=O)[O-],5.77046,4.75025,5.76625,1.11271,960.496,0.508,0.456544,Co,0.935100137,0.036530999,1.047396217,0.07347382,1.100073792,0.08631175,0.001649737,0.450115587,132,386.2,0.9032768,0.949545455,strong
O=C(c1ccc(cc1)C(=O)Nc1ccncc1)Nc1ccncc1.[Co][Co].[O-]C(=O)c1ccc(cc1)Oc1ccc(cc1)C(=O)[O-],7.50262,5.69127,7.50262,1.01495,3471.58,0.5592,0.550963,Co,0.916258366,0.034567676,1.044539493,0.052551561,1.095650873,0.071039617,0.001793925,0.39094247,376,356.8,0.94278705,0.715032967,weak
Nc1cc(C(=O)[O-])c(c(c1)C(=O)[O-])C(=O)[O-].[Co].[OH2][Co].n1ccc(cc1)c1ccncc1,5.14208,3.54214,5.14208,1.28942,1183.58,0.474,0.367606,Co,0.889409302,0.029482203,1.002824857,0.059984888,1.042337225,0.069579326,0.001529279,0.442942735,178,259.9,0.76432145,0.728,strong
[Mn].[O-]C(=O)c1cc(cc(c1)C(=O)[O-])C(=O)[O-],4.86776,4.0167,4.86776,1.55795,701.182,0.4184,0.268558,Mn,0.833959036,0.011935285,0.920055735,0.028600097,0.975687515,0.030483072,0.001417285,0.413851088,114,291.6,0.59746015,0.566190476,weak
[Mn].[O-]C(=O)c1ccc(cc1c1cccc(n1)c1cc(ccc1C(=O)[O-])C(=O)[O-])C(=O)[O-],7.45612,4.57929,7.44689,1.02954,1938.15,0.5854,0.568605,Mn,0.836330293,0.018099326,0.924494221,0.035701505,0.989713197,0.045758142,0.001533829,0.380005743,164,488.5,0.8935275,0.8,superstrong_high_loading
[O-]C(=O)c1cc(ccc1c1ccc(nc1)C(=O)[O-])C(=O)[O-].[Zn][OH][Zn],5.00069,3.24152,4.99338,1.41658,1251.53,0.4538,0.320348,Zn,0.842117791,0.026417521,0.949185363,0.056117911,0.98910903,0.065346744,0.001469912,0.412334733,204,328.3,0.8746577,0.723873016,unknown
C([NH2]Cc1cccnc1)CCC[NH2]Cc1cccnc1.[Co].[O-]C(=O)c1cc(cc(c1)C(=O)[O-])C(=O)[O-],6.55261,5.37267,6.535,0.700823,5357.13,0.7026,1.00254,Co,0.948021407,0.041007387,1.056498867,0.072260452,1.087299417,0.075554822,0.00139278,0.543133527,328,349.9,0.33338648,0.56,strong
O=C1C(=O)C(=C1Nc1cccc(c1)C(=O)[O-])Nc1cccc(c1)C(=O)[O-].[O].[Zn],9.21355,8.42973,9.21355,0.909023,2257.1,0.6652,0.731774,Zn,0.824270043,0.023553542,0.92954424,0.047037146,0.976724578,0.054017519,0.001524545,0.37658875,154,384.9,0.81686664,0.518518519,unknown
unknown,6.55682,5.91257,6.55682,1.14679,1376.3,0.6656,0.580404,"Cu,Gd",0.600629588,0.017859077,0.645924645,0.034823235,0.695723807,0.046611508,0.000950942,0.314596246,84,333.2,0.5360118,0.4705,superstrong_high_loading
[Eu].[O-]C(=O)c1cc(cc(c1)NC(=O)c1ccc(cc1)C(=O)[O-])NC(=O)c1ccc(cc1)C(=O)[O-],7.19015,5.9208,7.19015,1.02537,1215.37,0.6282,0.612658,Eu,0.763800809,0.023160599,0.86262535,0.037314442,0.904446474,0.048858305,0.001406457,0.351364386,94,337.3,0.89570737,0.87,superstrong_high_loading
[O-]C(=O)c1ccc2c(c1)ccc(c2)C(=O)[O-].[Zn][Zn],5.6888,4.41398,5.68812,1.13418,1037.97,0.5528,0.487399,Zn,0.867820189,0.028313328,0.966003865,0.058702037,1.017343766,0.069330402,0.001495236,0.427056749,116,391,0.48820263,0.597857143,weak
[Co][OH]1[Co][OH]([Co]1)[Co].[O-]C(=O)c1ccc(cc1)c1cc(cc(c1)C(=O)[O-])C(=O)[O-].c1ncn(c1)c1ccc(cc1)n1cncc1,7.86791,7.10373,7.8647,0.8825,3019.07,0.6384,0.7234,Co,0.869525176,0.031480971,0.967535687,0.059672659,1.017633641,0.063495794,0.001481085,0.433185205,232,340.9,0.90258664,0.791052632,strong
[Co][OH]1[Co][OH2][Co]21[OH2][Co][OH]2[Co].[O-]C(=O)c1ccc(cc1)c1ccccc1C(=O)[O-].c1ncn(c1)c1ccc(cc1)n1cncc1,5.20441,4.15942,5.20426,1.29389,1018.68,0.4546,0.351343,Co,0.899708351,0.035186306,1.027145815,0.054212388,1.077932841,0.073394661,0.001782245,0.377809957,171,318.1,0.77548826,0.84,weak
[Co].[O-]C(=O)c1cc(cc(c1)C(=O)[O-])c1cc(cc(c1)C(=O)[O-])C(=O)[O-],7.10963,5.99315,6.9874,0.75059,2423.29,0.711,0.947255,Co,0.857582231,0.018768173,0.97025101,0.031098478,1.024600449,0.039760094,0.001670182,0.366247469,124,329,0.44225913,0.535,weak
unknown,6.70334,4.95133,6.68682,1.80152,899.966,0.5674,0.314956,In,0.605726875,0.008047452,0.658477956,0.010621213,0.698285287,0.010864175,0.000925584,0.330208929,72,270.4,0.22558537,0.707058824,superstrong_high_loading
CC(=N[N]C(=O)c1ccncc1)C(=N[N]C(=O)c1ccncc1)C.[Cd],13.51891,10.1478,13.51891,0.834782,3555.27,0.6852,0.820813,Cd,0.813919664,0.034393833,0.895316003,0.068257819,0.94944575,0.077549159,0.001355261,0.411885837,234,361.1,0.7552841,0.58,weak
[Al].[Fe].[O-]C(=O)C1=[C][C]=[C][C]1.[O],4.02816,3.39035,3.99691,1.516,285.115,0.424,0.279684,"Al,Fe",0.865578245,0.022290346,0.941245015,0.01644474,1.013482846,0.014848676,0.001479046,0.422435932,38,412.1,0.64339477,0.16,weak
[La].[O]P(=O)(C[NH]1CCC(CC1)C1CC[NH](CC1)CP(=O)([O])[O])[O],6.13677,4.62909,6.13677,1.2986,1270.68,0.5358,0.412598,La,0.840655968,0.050791906,0.898552687,0.086956627,0.941592564,0.082148272,0.001009366,0.540322321,170,423,0.89408004,0.56,none
[Co].[O-]C(=O)C1=CC2=NN=NC2=C[CH]1.[O-]C(=O)C1=C[CH]C2=NN=NC2=C1.[O-]C(=O)c1ccc2c(c1)[N]N=N2.[O],5.8318,4.99145,5.8318,1.48421,601.732,0.5064,0.341192,Co,0.742907516,0.013176987,0.826345456,0.025741843,0.870960672,0.031013524,0.001280532,0.3652185,70,479,0.9262504,0.67,strong
[Co].[O-]C(=O)C1=CC2=NN=NC2=C[CH]1.[O-]C(=O)c1ccc2c(c1)[N]N=N2.[O],6.76674,5.73723,6.76674,1.39318,681.302,0.5382,0.38631,Co,0.747155182,0.012638281,0.829620428,0.026775959,0.878176824,0.030742545,0.001310216,0.359741733,70,471.6,0.91516566,0.69,weak
unknown,6.8729,5.89681,6.8729,1.37675,696.35,0.5436,0.394842,Co,0.74739955,0.013567528,0.830480949,0.025916842,0.879290117,0.030967664,0.001318906,0.357439886,70,470.7,0.9138938,0.69,weak
[O]P(=O)(C[NH](CP(=O)([O])[O])Cc1ccc(cc1)S([O])([O])[O])[O].[Pb],3.34978,3.00336,3.33155,3.13877,505.055,0.3038,0.0967896,Pb,0.487925516,0.012708126,0.541624989,0.019554697,0.571223691,0.025270178,0.000832982,0.242047782,140,344.7,0.31244177,0.5,none
[Cu].n1ccc(cc1)c1ccncc1,4.3525,3.79351,4.35198,1.27691,829.818,0.4912,0.384677,Cu,0.877142315,0.024817467,1.011733194,0.047248733,1.059178568,0.057465026,0.001820363,0.345557813,114,unknown,unknown,unknown,weak
Cl[Mn]Cl.c1ncn(c1)c1ccc(cc1)N(c1ccc(cc1)n1cncc1)c1ccc(cc1)n1cncc1,7.41556,5.52,7.41556,0.970864,2202.38,0.5654,0.582368,Mn,0.896962017,0.041014027,0.99901951,0.079941213,1.045555041,0.088568156,0.00148593,0.460436603,232,374.7,0.82580286,0.78,strong
[O-]C(=O)c1ccc(cc1)Oc1ccc(cc1)C(=O)[O-].[O]12[Y]34[O]5[Y]62[O]2[Y]71[O]4[Y]14[O]3[Y]35[O]6[Y]2([O]71)[O]43,11.52258,6.73257,11.52258,0.668328,4100.49,0.7506,1.1231,Y,0.806596434,0.035661526,0.865871798,0.051634907,0.953889483,0.067536371,0.00147293,0.3599269,176,426.9,0.77388877,0.465,weak
[Mg].[O-]C(=O)c1ccncc1,4.44189,2.40889,4.41678,1.32281,534.181,0.3962,0.299514,Mg,0.954818307,0.036795711,1.118502872,0.05262042,1.183108745,0.071762714,0.002282904,0.286460099,108,484.9,0.9073837,0.19,weak
[Co][O]([Co])[Co].[O-]C(=O)c1cc(OCc2c3ccccc3c(c3c2cccc3)COc2cc(cc(c2)C(=O)[O-])C(=O)[O-])cc(c1)C(=O)[O-],8.39026,5.74342,8.35277,1.07976,3461.01,0.5428,0.502705,Co,0.884305192,0.022455958,0.982647702,0.049620524,1.040891507,0.060699174,0.001565863,0.421229364,376,364.2,0.3307907,0.69,strong
unknown,5.99071,4.01175,5.97104,1.35756,6063.49,0.5488,0.404256,Cu,0.771485945,0.019528958,0.860554841,0.027095857,0.921138305,0.030883877,0.001496524,0.327276436,672,360.1,0.17391571,0.57,none
O=C(c1cccc(n1)C(=O)Nc1cccc(c1)C(=O)[O-])Nc1cccc(c1)C(=O)[O-].[Cu][Cu],4.85859,4.12851,4.84757,1.08736,1575.47,0.5524,0.508019,Cu,0.8904463,0.026224154,0.998370226,0.054789145,1.055818331,0.065465687,0.00165372,0.402742841,176,301.6,0.8545401,0.685,weak
[Cu].[O-]C(=O)CNCC(=O)[O-].[Yb],6.99405,4.9448,6.99405,2.03966,910.087,0.4224,0.207093,"Cu,Yb",0.709009159,0.024467949,0.755020906,0.027752028,0.828761781,0.024728853,0.001197526,0.345129771,178,222,0.74908036,0.510058824,strong
[Gd].[O-]C(=O)CCCC(=O)[O-],4.93824,4.26323,4.93824,1.63998,1512.33,0.5298,0.323054,Gd,0.668860189,0.030683878,0.734888966,0.044512342,0.754549224,0.052787614,0.00085689,0.419521173,188,341.8,0.4839128,0.607058824,none
[Eu].[O-]C(=O)CCCC(=O)[O-],4.89419,4.25089,4.87395,1.62245,1456.29,0.5124,0.315819,Eu,0.684062479,0.03072927,0.74897737,0.046716129,0.765216397,0.055702189,0.000811539,0.448713375,188,340.4,0.5234921,0.567058824,none
[O-]C(=O)C1=NN=C([CH]1)C(=O)[O-].[O-]C(=O)C1=N[N]C(=C1)C(=O)[O-].[O-]C(=O)[C]1N=NC(=C1)C(=O)[O-].[O-]C(=O)c1ccncc1.[Zn],5.29277,3.75821,5.28515,1.58147,858.984,0.5038,0.318564,Zn,0.738871331,0.014728552,0.837368043,0.022187332,0.882336711,0.029023961,0.001434654,0.317396534,108,410.5,0.7632464,0.485784146,weak
[O-]C(=O)c1cc(cc(c1)C(=O)[O-])c1ccc(cc1)C(=C(c1ccc(cc1)c1cc(cc(c1)C(=O)[O-])C(=O)[O-])c1ccc(cc1)c1cc(cc(c1)C(=O)[O-])C(=O)[O-])c1ccc(cc1)c1cc(cc(c1)C(=O)[O-])C(=O)[O-].[Zn][Zn],13.72333,6.58171,11.71851,0.658118,4704.7,0.7504,1.14022,Zn,0.822304959,0.024148174,0.917226767,0.048535571,0.964958263,0.058171219,0.001426533,0.402210096,212,324.1,0.1137467,0.59,weak
[O-]C(=O)c1cc(cc(c1)C(=O)[O-])N1C(=O)c2ccc3c4c2c(C1=O)ccc4C(=O)N(C3=O)c1cc(cc(c1)C(=O)[O-])C(=O)[O-].[Zn].n1ccc(cc1)CCc1ccncc1,4.32855,3.65959,4.29884,1.31164,1057.79,0.4614,0.351774,Zn,0.864212584,0.026159952,0.972623796,0.048457576,1.034481026,0.052149833,0.001702684,0.361166252,164,353.2,0.92473906,0.27,strong
[O-]C(=O)c1cc(cc(c1)C(=O)[O-])N1C(=O)c2ccc3c4c2c(C1=O)ccc4C(=O)N(C3=O)c1cc(cc(c1)C(=O)[O-])C(=O)[O-].[Zn].n1ccc(cc1)C=Cc1ccncc1,4.2583,2.48974,4.25381,1.31486,1218.05,0.4442,0.337831,Zn,0.898683684,0.027339167,1.010758762,0.056502473,1.064481203,0.064300728,0.001657975,0.411016566,208,356,0.15050966,0.62,strong
unknown,9.02015,6.37068,9.02015,1.02488,1195.5,0.6482,0.632466,Zn,0.777091959,0.017757769,0.870596558,0.033417867,0.915327344,0.038488953,0.001382354,0.370514769,78,301.3,0.89565194,0.509071429,weak
Cc1c(c2ccc(cc2)C(=O)[O-])c(C)c(c(c1c1ccc(cc1)C(=O)[O-])C)c1ccc(cc1)C(=O)[O-].[In].[OH],10.02424,5.84722,9.83963,0.851114,7196.09,0.6828,0.802243,In,0.826221119,0.038233916,0.900389504,0.073751456,0.949917071,0.074967538,0.00123696,0.459240066,492,405.6,0.38756317,0.947692308,weak
unknown,14.38001,8.31346,14.3648,0.471215,15566.1,0.832,1.76565,In,0.739863695,0.031729583,0.824104103,0.053107175,0.898067324,0.058237227,0.001582036,0.266965673,424,313.7,0.51278454,0.879411765,weak
[Fe][O]([Fe])[Fe].[O-]C(=O)c1ccc(cc1)NC1=NC(=[N]=C([N]1)Nc1ccc(cc1)C(=O)[O-])Nc1ccc(cc1)C(=O)[O-],14.64676,8.34983,14.63728,0.408405,15569.9,0.8322,2.03768,Fe,0.863580325,0.038798689,0.946571511,0.060447699,1.028023234,0.071216441,0.001644429,0.370508175,424,309.6,0.7804422,0.61,weak
[Cu].[O-]C(=O)C1=CC=CN([CH]1)Cc1cc(cc(c1)C(=O)[O-])C(=O)[O-].[O-]C(=O)C1=CN([CH]C=C1)Cc1cc(cc(c1)C(=O)[O-])C(=O)[O-].n1ccc(cc1)CCc1ccncc1,4.4637,3.78813,4.42923,1.16809,1500.54,0.4824,0.412981,Cu,0.947474765,0.038479229,1.052801156,0.07701418,1.106354683,0.084636325,0.001588799,0.47946382,232,254.6,0.4080523,0.874330152,superstrong_high_loading
[Cu][Cu].[O-]C(=O)c1ccc2c(c1)ccc(c2)OCC(COc1ccc2c(c1)ccc(c2)C(=O)[O-])(COc1ccc2c(c1)ccc(c2)C(=O)[O-])COc1ccc2c(c1)ccc(c2)C(=O)[O-],9.09784,5.96592,8.71255,0.686124,6572.86,0.7224,1.05287,Cu,0.909706632,0.032884039,1.021239392,0.045953194,1.105109573,0.057321108,0.001954029,0.328108244,380,313.5,0.617778,0.48,weak
[Cd].[O-]C(=O)CN1[CH]C=C(C=C1)c1ccncc1.[O-]C(=O)c1cccc(c1)C(=O)[O-],4.80312,3.02916,4.80312,1.38089,1145.81,0.4854,0.351514,Cd,0.828629556,0.027319248,0.921574479,0.058447792,0.968535082,0.070221404,0.001399055,0.41657703,172,315.3,0.9103142,0.287558824,strong
[Cd].[O-]C(=O)c1ccc(cc1)N(c1ccc(cc1)C(=O)[O-])c1ccc(cc1)C(=O)[O-],6.44246,4.33842,6.44246,1.31121,1758.03,0.4964,0.37858,Cd,0.797512058,0.031833704,0.891596422,0.061232495,0.942025716,0.072701021,0.001445137,0.371246931,246,367.8,0.81355315,0.79,weak
[Co].[O-]C(=O)c1ccc(cc1)C1=NC(=[N]=C([N]1)c1ccc(cc1)C(=O)O)c1ccc(cc1)C(=O)[O-].c1ncn(c1)c1ccc(cc1)c1ccc(cc1)n1cncc1,5.03577,3.52134,5.01888,1.23778,950.332,0.4514,0.364685,Co,0.940649611,0.037259016,1.059600904,0.073240582,1.119779265,0.089459691,0.001791297,0.413056136,166,369.1,0.78287876,0.76,weak
[O-]C(=O)c1ccc(cc1NC1=NC(=[N]=C([N]1)Nc1ccc(cc1)C(=O)[O-])Nc1cc(ccc1C(=O)[O-])C(=O)[O-])C(=O)[O-].[Zn],7.85261,7.16307,7.83124,0.797028,4123.18,0.7066,0.886544,Zn,0.819576948,0.019042025,0.919074108,0.037631063,0.985512686,0.050016556,0.001659357,0.327279497,228,365,0.7440324,0.83,weak
[O-]C(=O)c1cc(cc(c1)C(=O)[O-])c1cc(cc(c1)C(=O)[O-])C(=O)[O-].[Zn][Zn],10.21223,5.01419,10.21223,0.901032,1734.79,0.6866,0.762015,Zn,0.757709004,0.020303008,0.846752624,0.026980153,0.899933725,0.036533438,0.001422247,0.337011928,96,361.3,0.9738668,0.777142857,weak
[Cu][Cu].[O-]C(=O)c1cc(cc(c1)C(=O)[O-])C(=O)[O-],13.20723,6.66829,13.20723,0.878222,3296.57,0.7206,0.820522,Cu,0.744858895,0.014746702,0.811034912,0.02251729,0.871839466,0.032729811,0.001269806,0.364812427,156,324.1,0.9494544,0.958678571,weak
[Cu][Cu].[O-]C(=O)c1cc(cc(c1)C(=O)[O-])C(=O)[O-],13.26744,6.67803,13.26744,0.887233,3254.03,0.7186,0.809934,Cu,0.744566966,0.013411232,0.805136074,0.02671753,0.86048659,0.03818052,0.001159196,0.39767786,156,307.9,0.94838357,0.441178571,weak
[O-]C(=O)c1ccc2c(c1)ccc(c2)C(=O)[O-].[O]12[Zr]34[O]5[Zr]62[O]2[Zr]71[O]4[Zr]14[O]3[Zr]35[O]6[Zr]2([O]71)[O]43,10.53539,8.97079,10.53539,0.728995,2662.68,0.763,1.04665,Zr,0.704399774,0.021358763,0.774616461,0.034384416,0.820625279,0.042462812,0.001162255,0.359757908,102,368.7,0.8602002,0.81,none
unknown,10.71364,8.94353,10.71183,0.952429,1847.85,0.6918,0.726353,Zr,0.717280826,0.02119519,0.781624342,0.038484462,0.838177191,0.039911975,0.001208964,0.355890177,102,351.3,0.89179236,0.91,none
[Mg]O[Mg]O[Mg].[O-]C(=O)c1ccc(cc1)c1cc(c2ccc(cc2)C(=O)[O-])c2c3c1ccc1c3c(cc2)c(cc1c1ccc(cc1)C(=O)[O-])c1ccc(cc1)C(=O)[O-],6.07838,5.2775,5.98174,0.990973,1336.82,0.5456,0.55057,Mg,0.946939378,0.034933144,1.101470578,0.05443763,1.168377134,0.07202567,0.002214378,0.297230218,153,436.5,0.8308173,0.46,strong
unknown,6.16872,5.48781,6.16738,0.962945,1413.05,0.5604,0.581965,Mg,0.945767673,0.034917486,1.083385677,0.065154475,1.14366138,0.07802671,0.001978937,0.364976937,153,435.6,0.82845163,0.45,strong
[La][OH2][La].[O-]C(=O)c1ccc(cc1)C1=C(SC(=C2SC(=C(S2)c2ccc(cc2)C(=O)[O-])c2ccc(cc2)C(=O)[O-])S1)c1ccc(cc1)C(=O)[O-],7.64053,4.52668,7.36253,1.33605,1668.9,0.5098,0.381573,La,0.754029917,0.018242261,0.854603837,0.034101309,0.89785582,0.047328263,0.001438259,0.332105861,196,342.6,0.83467,0.9,unknown
[O-]C(=O)c1ccc(c2c1cccc2)C(=O)[O-].[Zn][Zn].n1ccc(cc1)CCc1ccncc1,4.37219,3.38023,4.36603,1.28945,1751.49,0.4574,0.354724,Zn,0.888825135,0.036183089,0.990478181,0.067520554,1.044093214,0.081461795,0.001552681,0.431027234,288,397.5,0.57076466,0.566789307,weak
[O]c1cc(ccc1[O])C1=NC(=[N]=C([N]1)c1ccc(c(c1)[O])[O])c1ccc(c(c1)[O])[O].[Ti],9.25126,4.2936,9.25014,0.641889,6835.58,0.7386,1.15067,Ti,0.870270839,0.028745306,0.963966402,0.042583706,1.068549664,0.062133761,0.001982788,0.273619747,320,393.7,0.8403892,0.51,strong
[O-]C(=O)c1ccc2c(c1)ccc(c2)C(=O)[O-].[OH2][Eu]O[Eu][OH2],4.54687,3.96791,4.54687,1.58487,966.651,0.462,0.291507,Eu,0.736329504,0.022374187,0.812781724,0.046129814,0.852965607,0.056964989,0.001166361,0.392465913,150,407.9,0.7604084,0.54,weak
O=C(c1ccncc1)Nc1ccc(cc1)NC(=O)c1ccncc1.[Co].[O-]C(=O)c1ccc(cc1)Oc1ccc(cc1)C(=O)[O-],5.64116,4.67229,5.63546,1.12404,943.697,0.5042,0.448559,Co,0.942361442,0.036395303,1.050729666,0.073047891,1.102804722,0.086574137,0.001604433,0.470413796,132,387.6,0.9043866,0.959545455,strong
[O-]C(=O)c1ccc(cc1)c1nc(c2ccc(cc2)C(=O)[O-])c(nc1c1ccc(cc1)C(=O)[O-])c1ccc(cc1)C(=O)[O-].[O]12[Zr]34[OH]5[Zr]62[OH]2[Zr]71[OH]4[Zr]14[O]3[Zr]35[O]6[Zr]2([O]71)[OH]43,9.30717,7.21012,8.79252,0.84795,4960.24,0.7066,0.833304,Zr,0.758916117,0.021997978,0.834137535,0.03844903,0.89584689,0.048181674,0.001369308,0.350375809,268,416.2,0.9425527,0.88,none
NC(=S)NN=Cc1ccncc1.[Ag],14.60252,14.18833,14.60252,0.978977,1999.68,0.682,0.696646,Ag,0.679215509,0.040211273,0.752135515,0.063801858,0.795124256,0.06285406,0.001159087,0.336477815,126,237.9,0.87323433,0.5405,none
[Cu].n1ccc(cc1)C#Cc1ccncc1,6.17681,4.19394,5.83943,0.783586,2353.94,0.655,0.835901,Cu,0.939021244,0.049386179,1.052318534,0.078957647,1.140716332,0.090976722,0.002016951,0.338085894,180,435.7,0.5275301,0.596666667,weak
[Cu].n1ccc(cc1)C#Cc1ccncc1,6.3821,3.98035,6.3821,0.766394,2367.06,0.6442,0.84056,Cu,0.930334097,0.050377321,1.041967092,0.079895742,1.122452222,0.091147481,0.001921181,0.359171033,180,434,0.50772685,0.596666667,weak
[O-]C(=O)c1ccc(cc1)Oc1ccc(cc1)C(=O)[O-].[O]12[Zr]34[O]5[Zr]62[O]2[Zr]71[O]4[Zr]14[O]3[Zr]35[O]6[Zr]2([O]71)[O]43,9.07817,6.77757,8.97005,1.07971,3358.25,0.6256,0.579413,Zr,0.751684939,0.024172994,0.824671905,0.039038199,0.882656139,0.050992148,0.001309712,0.361271792,252,unknown,unknown,unknown,none
[O]P(=O)(O)[O].[Zn].n1ccc(cc1)c1ccc(cc1)c1ccncc1,5.20335,4.624,5.20335,1.48338,616.09,0.4958,0.334237,Zn,0.810044908,0.028239704,0.892176737,0.05369821,0.934476572,0.058713891,0.001244317,0.443388581,88,295.6,0.09488469,0.489904762,none
[O-]C(=O)c1ccc(cc1)c1nc(c2ccc(cc2)C(=O)[O-])c(nc1c1ccc(cc1)C(=O)[O-])c1ccc(cc1)C(=O)[O-].[O]12[Zr]34[O]5[Zr]62[O]2[Zr]71[O]4[Zr]14[O]3[Zr]35[O]6[Zr]2([O]71)[O]43,9.29295,7.14182,8.90254,0.852953,4917.27,0.7062,0.827947,Zr,0.75083619,0.022769035,0.825185276,0.038956894,0.876071158,0.047729879,0.00125235,0.379041824,260,433.7,0.9681567,0.94,none
[Eu].[O-]C(=O)c1cc(c2ccc(cc2)C(=O)[O-])c(c(c1)c1ccc(cc1)C(=O)[O-])F,4.45966,2.88859,4.45966,1.26448,782.621,0.563,0.445244,Eu,0.717801037,0.022099777,0.803767928,0.041200307,0.846300356,0.053236269,0.001284993,0.339542156,78,444.2,0.7826493,0.79,none
[Er].[O-]C(=O)[CH][CH]C(=O)[O-],4.96885,4.05562,4.9634,1.71981,743.794,0.5692,0.330967,Er,0.543374215,0.020613348,0.585054713,0.024889314,0.624029599,0.026800007,0.000806554,0.301858997,64,343,0.39815694,0.628888889,none
[Cu][Cu].[O-]C(=O)C1CCC(CC1)C(=O)[O-].n1ccc(cc1)c1ccncc1,5.55616,3.55155,5.55042,1.36492,643.052,0.4238,0.310495,Cu,0.92748675,0.004661095,1.045607856,0.004466887,1.176490377,0.005239981,0.002490036,0.178348965,132,298.7,0.8012116,0.71022964,weak
[In].[O-]C(=O)c1cc(cc(c1)C(=O)[O-])C(=O)[O-],6.23514,5.51669,6.23514,0.921299,5927.83,0.701,0.760883,In,0.727255307,0.013343652,0.817133619,0.028654782,0.869543973,0.031357445,0.001422887,0.306633971,300,386.5,0.89880854,0.9,weak
[Co].n1cc([nH]c1)c1ccc(cc1)c1[nH]cnc1,4.26728,3.40774,4.26728,1.22723,589.263,0.4542,0.370101,Co,0.928488357,0.052839859,1.049668093,0.094868505,1.090538711,0.098380912,0.001620504,0.45572214,106,282.6,0.1599665,0.799030172,weak
[Mn].[O-]C(=O)c1cc(cc(c1)C(=O)[O-])C(=O)[O-],4.69664,4.11195,4.68637,1.09749,1853.7,0.5844,0.532487,Mn,0.831318264,0.019730252,0.931115388,0.027046561,0.994081543,0.031039731,0.001627633,0.34916692,152,500.9,0.16838348,0.4,unknown
[Ce].[O-]C(=O)COc1ccc(cc1)N(CC(=O)[O-])CC(=O)[O-],4.67196,3.86449,4.67196,1.48872,476.528,0.5082,0.341367,Ce,0.740294415,0.024717084,0.804834897,0.046241286,0.855258802,0.055002945,0.001149644,0.397754015,62,384.3,0.56784654,0.83,superstrong_high_loading
[Nd].[O-]C(=O)COc1ccc(cc1)N(CC(=O)[O-])CC(=O)[O-],4.66818,3.88136,4.66818,1.51424,470.674,0.5056,0.333897,Nd,0.732184043,0.024460945,0.791065703,0.046944092,0.842173504,0.056187926,0.001099895,0.403511304,62,383.7,0.5193635,0.85,none
[O-]C(=O)COc1ccc(cc1)N(CC(=O)[O-])CC(=O)[O-].[Sm],4.63496,3.87226,4.63496,1.55696,461.052,0.502,0.322422,Sm,0.718807414,0.024162023,0.780884449,0.044436262,0.832355999,0.053491461,0.001135486,0.379929238,62,380.9,0.5460508,0.86962963,none
NC1=NN=C([N]1)N.[O-]C(=O)c1cccc(c1)C(=O)[O-].[Zn],5.65164,3.52855,5.65164,1.38751,1246.41,0.5302,0.382123,Zn,0.817540767,0.030614358,0.93317536,0.051664969,0.971521362,0.063145715,0.001539806,0.368480409,160,396.6,0.92912,0.953333333,weak
NC1=N[N]C=N1.NC1=[N]=CN=N1.[O-]C(=O)c1ccc(cc1)Oc1ccc(cc1)C(=O)[O-].[Zn],4.97233,3.59683,4.96592,1.26745,1529.4,0.5276,0.41627,Zn,0.822835263,0.026499386,0.936042664,0.051545939,0.974444092,0.062968098,0.001516088,0.380476437,188,379.3,0.9249402,0.96,weak
unknown,5.74979,4.64297,5.74896,1.11065,1848.71,0.5628,0.506731,Ag,0.830653667,0.033181978,0.929549579,0.059946353,0.972630928,0.07099639,0.001419773,0.414024314,196,306,0.29835373,0.92,strong
[O-]C(=O)c1cc(cc(c1)C(=O)[O-])c1cc(c2cc(cc(c2)C(=O)[O-])C(=O)[O-])c2c3c1ccc1c3c(cc2)c(cc1c1cc(cc(c1)C(=O)[O-])C(=O)[O-])c1cc(cc(c1)C(=O)[O-])C(=O)[O-].[Zn],6.69877,5.40684,6.62403,0.878608,2831.04,0.6734,0.766439,Zn,0.777508042,0.017837582,0.876678801,0.034762644,0.932385725,0.04213592,0.001548777,0.320118965,172,342.5,0.13858956,0.45,superstrong_high_loading
[O-]C(=O)c1cc(cc(c1)C(=O)[O-])c1cc(c2cc(cc(c2)C(=O)[O-])C(=O)[O-])c2c3c1ccc1c3c(cc2)c(cc1c1cc(cc(c1)C(=O)[O-])C(=O)[O-])c1cc(cc(c1)C(=O)[O-])C(=O)[O-].[Zn],8.26414,6.51734,8.11546,0.77094,3436.27,0.7172,0.930292,Zn,0.78372377,0.018341515,0.876656776,0.034880923,0.936886497,0.042996697,0.001531627,0.329686135,172,365.2,0.08290252,0.43,superstrong_high_loading
[Cu].[O-]C(=O)c1cc(cc(c1)C(=O)[O-])c1cc(c2cc(cc(c2)C(=O)[O-])C(=O)[O-])c2c3c1ccc1c3c(cc2)c(cc1c1cc(cc(c1)C(=O)[O-])C(=O)[O-])c1cc(cc(c1)C(=O)[O-])C(=O)[O-],8.20724,6.59788,8.11437,0.786824,3380.95,0.725,0.921426,Cu,0.797587809,0.017421383,0.881400905,0.038309753,0.943532591,0.040998906,0.001459448,0.363367034,172,251.6,0.08797112,0.45,strong
CC(=NN=C(c1ccncc1)C)c1ccncc1.[O-]C(=O)c1ccc(cc1)Oc1ccc(cc1)C(=O)[O-].[Zn][Zn],4.83378,3.74001,4.83378,1.15822,1284.53,0.5082,0.438777,Zn,0.917293051,0.035845106,1.043978671,0.050297726,1.113829731,0.06724239,0.001965367,0.33715544,176,289.3,0.91489106,0.552559524,weak
[Co].[O-]C(=O)c1ccc(nc1)c1ccc(cn1)C(=O)[O-].[O-]C=O,7.03754,5.53828,7.03754,0.930114,3518.09,0.6558,0.705075,Co,0.833726714,0.018762427,0.91455451,0.037641592,0.968115307,0.04942571,0.001343886,0.435105436,236,353.4,0.86858034,0.28,weak
NC1=NC=N[N]1.NC1=NN=C[N]1.NC1=N[N]C=N1.NC1=[N]=CN=N1.[Co].[O-]C(=O)c1cccc(c1)c1cccc(c1)C(=O)[O-],4.91809,3.4925,4.77896,1.18083,788.799,0.535,0.453072,Co,0.849183982,0.027906449,0.954707212,0.054840107,0.994192511,0.064797215,0.001450085,0.425164718,92,300.8,0.86184394,0.630614439,weak
[Cu][Cu].[O-]C(=O)c1cc2c(s1)c1cc(sc1c1c2sc(c1)C(=O)[O-])C(=O)[O-],20.3716,9.94685,20.36554,0.51525,39853.7,0.821,1.5934,Cu,0.733113876,0.005608406,0.79951363,0.008794793,0.886502722,0.00587342,0.001533888,0.269515783,912,239.6,0.9282701,0.45,weak
[Ni].[O-]C(=O)c1ccc(cc1)C(=O)[O-].c1ncn(c1)c1ccc(cc1)c1cc(cc(c1)c1ccc(cc1)n1cncc1)c1ccc(cc1)n1cncc1,5.00576,3.06121,4.99131,1.07407,2256.38,0.5016,0.467009,Ni,0.951595599,0.045206774,1.094941763,0.068076986,1.15092441,0.088894301,0.001993288,0.368169752,320,429.6,0.6783549,0.99,strong
[O-]C(=O)c1cc(cc(c1)C(=O)[O-])c1cc(cc(c1)c1cc(cc(c1)C(=O)[O-])C(=O)[O-])c1cc(cc(c1)c1cc(cc(c1)c1cc(cc(c1)C(=O)[O-])C(=O)[O-])c1cc(cc(c1)C(=O)[O-])C(=O)[O-])c1cc(cc(c1)c1cc(cc(c1)C(=O)[O-])C(=O)[O-])c1cc(cc(c1)C(=O)[O-])C(=O)[O-].[Zn],10.40655,5.09847,10.40654,0.834367,3927.02,0.6688,0.801566,Zn,0.857051045,0.021994783,0.965812508,0.043900988,1.024845767,0.05165291,0.001677947,0.361954911,258,329,0.67756164,0.65,weak
[Au].[C]#N.[Fe].n1ccc(cc1)C1=NC(=[N]=C([N]1)c1ccncc1)c1ccncc1,4.68635,3.59952,4.68635,1.96131,1020.08,0.527,0.268698,"Fe,Au",0.502999842,0.013644015,0.55816259,0.026097654,0.536740869,0.034721675,0.00033741,0.414540838,105,381.2,0.93756413,0.58,unknown
[Co].[Co]O[Co].[O-]C(=O)c1ccncc1,7.17077,4.84194,7.1162,0.994067,5487.09,0.5882,0.591711,Co,0.884113567,0.0283392,0.975751259,0.054620362,1.03166934,0.068987833,0.001475558,0.447399516,494,367.2,0.95252866,0.381552632,strong
[Co].[Co]O[Co].[O-]C(=O)c1ccncc1,7.0058,4.61742,6.87889,1.00691,5406.07,0.587,0.582973,Co,0.886060557,0.028307795,0.997648793,0.044221357,1.058296218,0.062647079,0.001722357,0.377843707,494,389,0.94470954,0.431552632,weak
[Cu].[Nd].[O-]C(=O)c1cccnc1c1ncccc1C(=O)[O-],6.32079,5.6922,6.32079,1.51042,5355.19,0.461,0.305213,"Cu,Nd",0.748324414,0.019587605,0.835468857,0.039662901,0.885120445,0.048004729,0.00136796,0.344185128,792,328.4,0.71239936,0.5005,none
unknown,9.02632,7.52711,9.0007,0.738263,10176.2,0.7622,1.03242,"Cr,Mn",0.739589248,0.016315034,0.81393345,0.018737311,0.872139299,0.014710656,0.001325501,0.344628822,320,385.4,0.8988124,0.4,weak
[Cr].[Mn].[O-]C(=O)C(=O)[O-],10.58889,8.21137,10.58889,0.621509,6354.78,0.8014,1.28944,"Cr,Mn",0.756892446,0.012799515,0.82046086,0.016416195,0.871137869,0.012379386,0.001142454,0.416304745,160,319.9,0.89758956,0.37,superstrong_high_loading
I[Cu][Cu]I.[Cu][Cu].[O-]C(=O)c1ccc(cc1)c1cncnc1,15.26082,10.84317,15.19345,0.834663,16937.3,0.725,0.868614,Cu,0.704825591,0.02257447,0.76894794,0.044448187,0.81368911,0.056535378,0.001088635,0.381465233,846,267.8,0.85724044,0.89,weak
Cc1[nH][n-]c(c1c1c(C)[n-][nH]c1C)C.[Ni].[O-]C(=O)c1cc(cc(c1)C(=O)[O-])C(=O)[O-],9.03942,2.40726,9.03942,1.05682,2834.32,0.5208,0.492797,Ni,1.05040677,0.057494516,1.129509835,0.11384197,1.19893847,0.114266112,0.001485317,0.606424076,414,365.4,0.8563906,0.862878788,weak
Cc1[nH][n-]c(c1c1c(C)[n-][nH]c1C)C.[Mn].[O-]C(=O)c1cc(cc(c1)C(=O)[O-])C(=O)[O-],9.90635,2.42508,9.90635,0.988654,3151.07,0.5452,0.551457,Mn,1.065051157,0.056970629,1.151727862,0.115351687,1.215320758,0.115985911,0.001502696,0.618089662,414,311.3,0.90780234,0.57,weak
Cc1[nH][n-]c(c1c1c(C)[n-][nH]c1C)C.[Cd].[O-]C(=O)c1ccc(cc1)C(=O)[O-],5.87576,4.00855,5.86904,1.19781,1376,0.5316,0.443811,Cd,0.875798473,0.039569757,0.961698941,0.083080784,1.011040429,0.087620725,0.00135242,0.476165767,180,297.2,0.44644383,0.489604278,strong
unknown,5.15902,2.4581,5.15902,1.27729,1887.6,0.5128,0.401476,Cu,0.855863607,0.031989781,0.975017513,0.063927695,1.024050855,0.070768949,0.001681872,0.362988619,258,286.3,0.34066463,0.955,weak
[S][Cd][S].n1ccc(cc1)c1cc(c2ccncc2)c(cc1c1ccncc1)c1ccncc1,11.07774,9.25679,10.94246,0.998925,4966.21,0.5896,0.590234,Cd,0.808807912,0.03690233,0.897506833,0.07337215,0.940793279,0.081680264,0.001319854,0.420420559,459,357.5,0.19042468,0.817692308,weak
[Co][Co].[O-]C(=O)c1ccc(cc1)C(C(F)(F)F)(C(F)(F)F)c1ccc(cc1)C(=O)[O-],4.93014,2.47697,4.92146,1.5197,922.177,0.3994,0.262814,Co,0.89037889,0.026495212,1.00794847,0.059057149,1.049507459,0.06359204,0.001591286,0.425661624,188,301.1,0.35084003,0.648076923,weak
NC1=NN=C[N]1.NC1=[N]=CN=N1.[Zn][S]([Zn])[Zn],6.42145,2.85127,6.42145,1.46944,2494.02,0.5778,0.393212,Zn,0.694338131,0.026648648,0.789076555,0.044058021,0.815063388,0.046249664,0.001207253,0.343620966,248,340.8,0.89380753,0.569071429,none
unknown,4.00336,3.33924,3.83309,1.25542,855.248,0.547,0.435712,Zn,0.875600427,0.016697695,0.982673325,0.015706817,1.038921531,0.017187753,0.001633211,0.394107898,92,321,0.53262585,0.6625,weak
C1=N[N]C=N1.[N]1=CN=NC=1.[O-]C(=O)c1ccc(c2c1cccc2)C(=O)[O-].[Zn],4.81423,2.47825,4.81128,1.26993,2796.98,0.5558,0.437662,Zn,0.797842975,0.022974899,0.903197923,0.033540203,0.954606387,0.047390727,0.001567634,0.336543814,304,375.9,0.89760303,0.839574468,unknown
C1=N[N]C=N1.[N]1=CN=NC=1.[O-]C(=O)c1ccc2c(c1)ccc(c2)C(=O)[O-].[Zn],5.17865,3.17816,5.16968,1.2255,2958.87,0.5674,0.462993,Zn,0.793796913,0.021621797,0.901320445,0.034211498,0.943223116,0.04660076,0.001494262,0.356455113,304,380.7,0.90460736,0.859574468,unknown
[Cu][Cu].[O-]C(=O)c1cc(cc(c1)C(=O)[O-])C(=O)[O-],13.17246,6.57882,13.17246,0.881994,3264.25,0.7166,0.812478,Cu,0.742437088,0.013186249,0.808038313,0.026098405,0.865316734,0.035380254,0.001228796,0.375185283,156,325.2,0.94915146,0.958678571,weak
[Cu][Cu].[O-]C(=O)c1cc(cc(c1)C(=O)[O-])C(=O)[O-],13.17246,6.57882,13.17246,0.881994,3264.25,0.7166,0.812478,Cu,0.742185274,0.013250012,0.808102562,0.026076823,0.865323436,0.035390778,0.001231382,0.374220188,156,325.3,0.9495855,0.958678571,weak
[Cu][Cu].[O-]C(=O)c1cc(cc(c1)C(=O)[O-])C(=O)[O-],13.17296,6.57005,13.17296,0.881994,3294.32,0.7232,0.819961,Cu,0.742246627,0.013304377,0.808069088,0.026055955,0.865314993,0.035368029,0.001230684,0.374470954,156,325.3,0.94948244,0.958678571,weak
[O-]C(=O)c1ccc(cc1)c1cc(c2ccc(cc2)C(=O)[O-])c2c3c1ccc1c3c(cc2)c(cc1c1ccc(cc1)C(=O)[O-])c1ccc(cc1)C(=O)[O-].[O]12[Zr]34[O]5[Zr]62[O]2[Zr]71[O]4[Zr]14[O]3[Zr]35[O]6[Zr]2([O]71)[O]43,12.18717,10.2476,12.18559,0.662288,3870.2,0.7594,1.14663,Zr,0.77517003,0.007258755,0.891105678,0.006361354,0.991406311,0.004794737,0.002162363,0.129067022,162,359.2,0.77333224,0.95,strong
unknown,11.63526,10.83428,11.63526,1.21914,880.402,0.6632,0.543989,Zn,0.67158339,0.008656559,0.748388018,0.015110944,0.797192004,0.016938631,0.001256086,0.299424319,54,380.6,0.9384697,0.309904762,weak
[O-]C(=O)c1cc([O])c(cc1[O])C(=O)[O-].[Zn],11.66157,10.86424,11.66157,1.21695,883.582,0.6644,0.545954,Zn,0.671452944,0.008108957,0.747725258,0.015330898,0.789653124,0.019284632,0.001182002,0.322576476,54,380.1,0.9389206,0.309904762,weak
[Fe].[O-]C(=O)c1ccc(cc1)C(=O)[O-].[O],3.00773,2.78045,3.00773,1.56689,435.108,0.435,0.27762,Fe,0.870493856,0.015947484,0.967241799,0.01556953,1.041674283,0.015069614,0.001711804,0.360671819,72,307.2,0.5171888,0.405,weak
[Eu].[O-]C(=O)c1ccc(cc1)[C]1N[C](N[C](N1)c1ccc(cc1)C(=O)[O-])c1ccc(cc1)C(=O)[O-],6.28049,4.64312,6.28049,0.925759,2848.97,0.6692,0.722866,Eu,0.756130026,0.029312452,0.853995036,0.046945312,0.916009754,0.057245446,0.001598797,0.282465889,196,309.8,0.6293889,0.82,none
[In].[O-]C(=O)C(=O)[O-].[O-]C(=O)c1ccc(cc1)[C]1N[C](N[C](N1)c1ccc(cc1)C(=O)[O-])c1ccc(cc1)C(=O)[O-],7.1167,5.06411,7.1167,1.05655,11576.6,0.6174,0.584354,In,0.789186917,0.020927329,0.889259426,0.034903483,0.952304278,0.045352634,0.001631174,0.306006108,936,336.5,0.716943,0.5005,none
[Cu][Cu].[O-]C(=O)c1cc(cc(c1)C(=O)[O-])C(=O)[O-],13.2781,6.68961,13.2781,0.886331,3260.07,0.7192,0.811435,Cu,0.743722048,0.013958388,0.805361567,0.027331949,0.860471445,0.038733825,0.001167494,0.39456213,156,308.1,0.9488486,0.441178571,weak
[Cu][Cu].[O-]C(=O)c1cc(cc(c1)C(=O)[O-])C(=O)[O-],13.19618,6.58166,13.19618,0.888494,12900,0.7132,0.802707,Cu,0.746336605,0.012487783,0.802141422,0.027666574,0.864830141,0.034873241,0.001184935,0.389708682,624,276.1,0.92043626,0.958678571,weak
[Cu][Cu].[O-]C(=O)c1cc(cc(c1)C(=O)[O-])C(=O)[O-],13.27286,6.71176,13.27286,0.882932,12959.4,0.712,0.806404,Cu,0.747743025,0.012404089,0.802991038,0.027926746,0.863596067,0.035859629,0.00115853,0.39929106,624,274.1,0.9295515,0.928678571,weak
[Cu][Cu].[O-]C(=O)c1cc(cc(c1)C(=O)[O-])C(=O)[O-],13.1845,6.61699,12.15817,0.885,12943.7,0.7128,0.805424,Cu,0.748177143,0.012475741,0.802762789,0.029284035,0.867727966,0.035240481,0.001195508,0.387794751,624,275.6,0.9199854,0.958678571,weak
[Cu][Cu].[O-]C(=O)c1cc(cc(c1)C(=O)[O-])C(=O)[O-],13.19533,6.69333,13.19533,0.878777,13042.6,0.7132,0.811583,Cu,0.749747417,0.012017892,0.803226989,0.029630503,0.869022728,0.035365698,0.001192753,0.38986879,624,274.3,0.91954404,0.958678571,weak
[Zn][OH][Zn].c1ncn(c1)c1ccc(cc1)N(c1ccc(cc1)n1cncc1)c1ccc(cc1)n1cncc1,11.94829,11.34475,11.92772,0.870248,4909.53,0.6216,0.714279,Zn,0.912542017,0.053229213,0.99970308,0.097929006,1.065105597,0.098868247,0.001525636,0.458477702,456,350.5,0.86869264,0.91,weak
[O-]C(=O)c1ccc(cc1)N(c1ccc(cc1)C(=O)[O-])c1ccc(cc1)C(=O)[O-].[Zn].[Zn][Zn].n1ccc(cc1)c1ccncc1,8.91532,5.96302,8.90945,0.776235,3478.86,0.6896,0.888391,Zn,0.868801075,0.032938229,0.971589204,0.062588358,1.026784683,0.075373504,0.001579836,0.402782364,226,326.3,0.34839034,0.72,weak
unknown,16.80153,14.55749,16.80153,0.681965,11087.6,0.718,1.05284,Zn,0.874747507,0.041833728,0.959543739,0.071169271,1.012357699,0.073678434,0.001376102,0.467247309,618,350.5,0.9129609,0.437222222,weak
[Ni].[O-]C(=O)c1cc(cc(c1)C(=O)[O-])C(=O)[O-].n1ccc(cc1)c1ccncc1,3.11102,2.44478,3.1003,1.52424,1043.78,0.3784,0.248256,Ni,0.905668839,0.023305344,1.010805395,0.040686267,1.083681548,0.058325106,0.001780127,0.377007452,234,261.2,0.86880267,0.824857143,weak
[Al].[Al][O]([Al])[Al].[O-]C(=O)c1cc(cc(c1)C(=O)[O-])C(=O)[O-].[O],8.34433,6.53426,8.34433,1.06466,3307.88,0.5976,0.561308,Al,0.886182796,0.013386764,0.996429117,0.021962337,1.059781061,0.026887838,0.001735983,0.373203729,266,394.3,0.5152655,0.61,none
[Ag][Ag]1[Ag]234[Ag]1([Ag]4[Ag])([Ag][Ag]3)[Ag][Ag]2.n1ccc(cc1)c1ccncc1,6.76574,5.53782,6.74471,1.26516,1805.02,0.639,0.505075,Ag,0.667940321,0.032010231,0.720396147,0.059414094,0.787115067,0.05547821,0.001191747,0.308038901,148,299.3,0.9220922,0.68,none
[Ag][Ag]1[Ag]234[Ag]1([Ag]4[Ag])([Ag][Ag]3)[Ag][Ag]2.n1ccc(cc1)c1ccncc1,6.81971,5.5903,6.81971,1.25975,1820.72,0.6418,0.509467,Ag,0.667723588,0.031679524,0.719412747,0.059183156,0.785432904,0.055320943,0.001177093,0.312207141,148,299.5,0.9219347,0.68,none
[Ag][Ag][Ag]12[Ag]([Ag]2([Ag]1[Ag])[Ag][Ag])[Ag].n1ccc(cc1)c1ccncc1,6.86104,5.63926,6.86104,1.25216,1843.17,0.6458,0.515749,Ag,0.667308198,0.031597641,0.717645908,0.059707054,0.784942999,0.056217351,0.001176348,0.311577234,148,300.1,0.92160934,0.68,none
[Ag][Ag][Ag]12[Ag]([Ag]2([Ag]1[Ag])[Ag][Ag])[Ag].n1ccc(cc1)c1ccncc1,6.94151,5.71292,6.94151,1.24315,1874.36,0.652,0.524476,Ag,0.666221786,0.031779252,0.71794082,0.059521105,0.783950937,0.056010167,0.001177292,0.310652487,148,300.4,0.9206742,0.67,none
[Ag][Ag][Ag]12[Ag]([Ag]2([Ag]1[Ag])[Ag][Ag])[Ag].n1ccc(cc1)c1ccncc1,7.04359,5.76447,7.01296,1.23333,1894.5,0.6538,0.530112,Ag,0.65757171,0.03457295,0.694896168,0.069972517,0.718255602,0.072432536,0.000606839,0.47784754,148,300.9,0.92021513,0.67,none
O=C(c1ccncc1)Nc1cc(cc(c1)C(=O)[O-])C(=O)[O-].[Cu],3.9725,3.30626,3.9725,1.56704,576.663,0.3912,0.249642,Cu,0.862408371,0.02351541,0.973082073,0.041602455,1.031659642,0.053439809,0.001692513,0.363337252,120,303.5,0.9353978,0.435,weak
unknown,3.95758,3.28352,3.95758,1.57622,580.927,0.3964,0.251487,Cu,0.863897109,0.02309536,0.978392207,0.04065877,1.032967016,0.053746341,0.001690699,0.366674099,120,304.5,0.93532956,0.435,weak
O=C(c1ccncc1)Nc1cc(cc(c1)C(=O)[O-])C(=O)[O-].[Cu],3.97446,3.30997,3.97221,1.56798,591.053,0.4012,0.255871,Cu,0.862429319,0.023244677,0.97301798,0.042019972,1.031567981,0.053657051,0.001691387,0.363686439,120,304.5,0.93523544,0.435,weak
O=C(c1ccncc1)Nc1cc(cc(c1)C(=O)[O-])C(=O)[O-].[Cu],4.11152,3.3812,4.11152,1.54591,577.971,0.3868,0.250208,Cu,0.86063302,0.022638524,0.959281157,0.052916126,1.016721041,0.059230592,0.00156088,0.399237003,120,325.9,0.93272686,0.445,weak
O=C(c1ccncc1)Nc1cc(cc(c1)C(=O)[O-])C(=O)[O-].[Cu],4.12606,3.36172,4.12606,1.5408,614.071,0.4096,0.265836,Cu,0.859954465,0.023817933,0.97314182,0.041857045,1.033468833,0.053973209,0.001735144,0.348221421,120,325.7,0.9325551,0.445,weak
O=C(c1ccncc1)Nc1cc(cc(c1)C(=O)[O-])C(=O)[O-].[Cu],4.14793,3.3716,4.13776,1.53594,618.72,0.4114,0.267849,Cu,0.863280927,0.024480582,0.97414016,0.041200075,1.034743407,0.053960117,0.001714625,0.357269482,120,326.3,0.9324349,0.445,weak
COC(=O)c1cc(cc(c1)C(=O)[O-])C(=O)[O-].[Cu][Cu],6.55349,4.71526,6.55349,1.37823,1012.42,0.4902,0.355673,Cu,0.828151901,0.008193403,0.917450959,0.009377482,1.02706478,0.008927963,0.001989129,0.228027472,138,258.1,0.74741185,0.480285714,weak
COC(=O)c1cc(cc(c1)C(=O)[O-])C(=O)[O-].[Cu][Cu],6.62985,5.20143,6.62985,1.18701,1328.5,0.554,0.466718,Cu,0.881416373,0.00476786,0.976976277,0.008147836,1.067508497,0.007617466,0.001860921,0.323977948,138,257.7,0.6513709,0.432785714,weak
[Co].[O-]C(=O)c1cc(C(=O)[O-])c(cc1[O])[O],11.08197,9.89273,11.08197,1.18457,843.581,0.643,0.542815,Co,0.702380644,0.009022312,0.773285002,0.009281797,0.846138042,0.005536139,0.001437574,0.270783669,54,229.8,0.929202,0.180285714,weak
[Co].[O-]C(=O)[C]1C=C(C(=O)[O-])C(=O)[CH]C1=O,11.22991,10.00387,11.22991,1.18395,850.058,0.6476,0.546983,Co,0.693187115,0.011762094,0.755258355,0.0170243,0.843648423,0.007377731,0.001504613,0.237416722,54,228.9,0.93107694,0.180285714,weak
[Co].[O-]C(=O)[C]1C=C(C(=O)[O-])C(=O)[CH]C1=O,11.22917,10.00317,11.19991,1.18386,850.125,0.6476,0.547026,Co,0.693164251,0.011746692,0.755244552,0.016997763,0.843600887,0.007361891,0.001504366,0.237475003,54,228.6,0.93112063,0.180285714,weak
[Co].[O-]C(=O)c1cc(C(=O)[O-])c(cc1[O])[O],11.24046,10.03236,11.2383,1.17315,846.489,0.639,0.544686,Co,0.706992349,0.005816701,0.773576325,0.006209203,0.839954071,0.005658489,0.001329617,0.308141554,54,228.1,0.9305682,0.180285714,weak
[Co].[O-]C(=O)[C]1C=C(C(=O)[O-])C(=O)[CH]C1=O,11.22522,9.99864,11.22522,1.18395,849.795,0.6474,0.546814,Co,0.693199929,0.011546173,0.755248148,0.01702764,0.84359781,0.007317126,0.001503979,0.237622711,54,228.9,0.93102115,0.180285714,weak
Nc1cc(C(=O)[O-])c(c(c1)C(=O)[O-])C(=O)[O-].[Ni].n1ccc(cc1)c1ccncc1,5.07307,3.56004,5.07307,1.25713,1247.8,0.5064,0.402824,Ni,0.871155429,0.027341693,0.978999694,0.054377348,1.024547052,0.064302762,0.001533916,0.421363378,166,291.1,0.54735327,0.651333333,strong
unknown,5.57406,3.92255,5.56876,1.12276,3190.3,0.5476,0.487726,Ni,0.878787584,0.029124682,0.99161091,0.060322432,1.028810971,0.06841,0.001500234,0.441321301,364,319,0.79920614,0.694578422,strong
Nc1cc(C(=O)[O-])c(c(c1)C(=O)[O-])C(=O)[O-].Nc1cnccc1c1ccncc1.[Ni],5.28079,3.64571,5.2775,1.29332,1196.06,0.4838,0.374076,Ni,0.872776654,0.029904539,0.994189808,0.05656465,1.036965433,0.065378907,0.001641888,0.393316571,174,353.3,0.7552103,0.793784771,strong
Nc1cc(C(=O)[O-])c(c(c1)C(=O)[O-])C(=O)[O-].[Ni].n1ccc(cc1)c1ccncc1,5.02734,3.55649,5.02734,1.25721,1235.4,0.5014,0.39882,Ni,0.871525409,0.027593715,0.981055404,0.05420926,1.024985755,0.063957043,0.001534603,0.422077646,166,293.1,0.55436665,0.651333333,strong
Nc1cc(C(=O)[O-])c(c(c1)C(=O)[O-])C(=O)[O-].[Ni].n1ccc(cc1)C=Cc1ccncc1,5.66002,3.80897,5.66002,1.14401,1550.08,0.5422,0.473948,Ni,0.875772516,0.029998151,0.981898805,0.061552733,1.023311375,0.065903268,0.001475389,0.443941558,182,306.4,0.72946966,0.674578422,strong
unknown,10.63331,5.09641,10.63331,0.921084,5173.96,0.6258,0.679417,Zr,0.80866194,0.035241002,0.91584978,0.056497303,0.96967543,0.065876997,0.001610135,0.334515172,404,422.7,0.88449603,0.91,none
[O-]C(=O)c1ccc(cc1)c1ccc(cc1)C(=C(c1ccc(cc1)c1ccc(cc1)C(=O)[O-])c1ccc(cc1)c1ccc(cc1)C(=O)[O-])c1ccc(cc1)c1ccc(cc1)C(=O)[O-].[O]12[Zr]34[O]5[Zr]62[O]2[Zr]71[O]4[Zr]14[O]3[Zr]35[O]6[Zr]2([O]71)[O]43,10.6532,5.07152,10.6532,0.916401,5233.64,0.6298,0.687254,Zr,0.808218971,0.03549377,0.914660479,0.056454629,0.970067534,0.066643285,0.001618486,0.331179025,404,422.9,0.8809848,0.91,none
[Ag][Ag].[O-]C(=O)c1ccc(cc1)C(=C(c1ccc(cc1)C(=O)[O-])c1ccc(cc1)C(=O)[O-])c1ccc(cc1)C(=O)[O-],10.66855,9.77424,10.66855,1.11653,1840.69,0.6612,0.59219,Ag,0.61583056,0.017314227,0.684884546,0.037726559,0.722339763,0.041976812,0.001065092,0.301569413,116,378.2,0.95549953,0.39,weak
unknown,10.03565,8.70295,10.01196,1.14094,3657.1,0.6712,0.588285,Ag,0.619654067,0.017136434,0.697436179,0.02985762,0.736169554,0.039471851,0.001165155,0.276615731,232,392.2,0.971892,0.55,weak
NC(=O)CN(Cc1ccc2c(n1)cccc2)CCCCN(Cc1ccc2c(n1)cccc2)CC(=O)N.[O-]C(=O)c1ccc(cc1)C(=O)[O-].[Zn],4.76297,3.4784,4.68116,1.14357,690.028,0.5036,0.440375,Zn,0.9493442,0.041290386,1.089187918,0.061210494,1.152039392,0.064373639,0.002026952,0.354090666,102,351.8,0.92793024,0.638461538,strong
[O-]C(=O)c1ccc(cc1)[Si](c1ccc(cc1)C(=O)[O-])(O[Si](c1ccc(cc1)C(=O)[O-])(c1ccc(cc1)C(=O)[O-])C)C.[O]12[Zr]34[O]5[Zr]62[O]2[Zr]71[O]4[Zr]14[O]3[Zr]35[O]6[Zr]2([O]71)[O]43,10.23605,7.94535,10.23605,0.850747,5039.89,0.7014,0.824452,"Si,Zr",0.769334719,0.030854924,0.854753951,0.045047721,0.924591799,0.049987946,0.001552571,0.306160375,280,315.5,0.8102468,0.82,none
[Cd].[O-]C(=O)c1ccc(cc1)c1cc(cc(c1)c1ccc(cc1)C(=O)[O-])c1ccc(cc1)C(=O)[O-].n1ccc(cc1)C=Cc1ccncc1,6.89108,4.58076,6.89108,1.04541,2599.65,0.5886,0.563033,Cd,0.792241475,0.029996857,0.88626253,0.059282615,0.938953911,0.072690257,0.001467124,0.358992446,246,502,0.58150125,0.837692308,unknown
[Cd].[O-]C(=O)c1ccc(cc1)c1cc(cc(c1)c1ccc(cc1)C(=O)[O-])c1ccc(cc1)C(=O)[O-].n1ccc(cc1)C=Cc1ccncc1,7.18041,5.41385,7.17722,1.11589,2296.43,0.555,0.49736,Cd,0.800186769,0.029067083,0.911474105,0.046348617,0.961995886,0.064334585,0.001618091,0.324887012,246,413,0.42558628,0.83,strong
[Cd].[O-]C(=O)c1ccc(cc1)c1cc(cc(c1)c1ccc(cc1)C(=O)[O-])c1ccc(cc1)C(=O)[O-].n1ccc(cc1)C=Cc1ccncc1,7.12147,5.36549,7.12147,1.12421,2322.98,0.5656,0.50311,Cd,0.798471113,0.028024322,0.8943954,0.057381722,0.939511669,0.070406407,0.001410406,0.383817446,246,382.2,0.33076704,0.89,strong
unknown,13.67888,7.07915,13.67888,0.901998,4138.07,0.759,0.841465,Th,0.560748065,0.027128898,0.619560895,0.037294851,0.662857529,0.043059851,0.001021095,0.257005706,170,364,0.19682688,0.31,weak
[O-]C(=O)c1ccc(cc1)C(=O)[O-].[O]12[Th]34[O]5[Th]62[O]2[Th]71[O]4[Th]14[O]3[Th]35[O]6[Th]2([O]71)[O]43,9.53216,4.31912,9.53216,1.58348,1702.17,0.648,0.409225,Th,0.487171671,0.018790864,0.537060123,0.024542625,0.5776447,0.028741095,0.00090473,0.217303231,110,378.7,0.1756255,0.3,weak
[Ni].n1ccncc1,4.08645,3.31052,4.08645,1.81188,152.134,0.4094,0.225953,"Ni,Ge",0.75089075,0.009502169,0.830122818,0.010591382,0.931115734,0.007150279,0.00180225,0.206588987,28,244.2,0.88289297,0.43,strong
[Ag][Ag].[O-]C(=O)c1ccc(cc1)c1cc(cc(c1)c1ccc(cc1)C(=O)[O-])c1ccc(cc1)C(=O)[O-],12.32183,11.43403,12.1352,1.30559,2285.99,0.592,0.453435,Ag,0.651943003,0.019671736,0.714491245,0.041726711,0.76400768,0.045170749,0.001120647,0.31792094,204,397.7,0.9281117,0.32,weak
[O-]C(=O)c1cnc(nc1)c1ncc(cn1)C(=O)[O-].[O]12[Eu]34[O]5[Eu]62[O]2[Eu]71[O]4[Eu]14[O]3[Eu]35[O]6[Eu]2([O]71)[O]43,14.28983,7.23189,14.28983,0.789282,4048.18,0.7682,0.97329,Eu,0.668615826,0.014483201,0.714997832,0.027459559,0.802576655,0.036395951,0.001339608,0.259867204,146,425.2,0.39248458,0.47,weak
[Co].[O-]C(=O)c1cc(cc(c1)c1cccnc1)C(=O)[O-],6.02491,4.73803,6.02491,1.13744,951.339,0.5428,0.47721,Co,0.863009171,0.023551761,0.966754975,0.051313926,1.014019425,0.061037037,0.001510103,0.419391972,104,412.1,0.6282625,0.79674512,unknown
[Co].[O-]C(=O)c1cc(cc(c1)c1cccnc1)C(=O)[O-],6.23977,3.42236,6.20808,1.13022,959.537,0.544,0.481322,Co,0.857034036,0.02458409,0.962830647,0.049372395,1.011326224,0.062165885,0.001542922,0.403707653,104,322.1,0.47025776,0.587857143,weak
[Co][Co].[O-]C(=O)c1cc(cc(c1)c1cccnc1)C(=O)[O-],4.41275,2.67575,4.41275,1.20818,852.743,0.5168,0.427752,Co,0.859394839,0.027485394,0.978664872,0.041764123,1.027951788,0.055700971,0.001685569,0.365387843,104,302.8,0.8536194,0.83,weak
[Mn].[O-]C(=O)c1ccc(cc1)c1ccc(cc1)c1nc2c([nH]1)c1cccnc1c1c2cccn1,10.29679,5.47834,10.29679,0.736026,5298.28,0.6628,0.900511,Mn,0.923297005,0.038324336,1.029022736,0.073695542,1.096209207,0.083732986,0.001729122,0.410983618,380,367.5,0.62694865,0.78,weak
[O-]C(=O)c1ccc(cc1)c1ccc(cc1)c1nc2c([nH]1)c1cccnc1c1c2cccn1.[O-]C=O.[Zn],10.77433,10.34801,10.77433,0.994822,4175.14,0.5946,0.597695,Zn,0.900985613,0.030625153,1.001433433,0.060762759,1.060067561,0.074816056,0.001590819,0.430708716,416,326.5,0.7393148,0.82209167,weak
O[Gd].[Gd].[O-]C(=O)c1cc(cc(c1)C(=O)[O-])N1[CH]C=C(C=C1)c1ccncc1.[O][CH][O],5.14789,3.61962,5.03701,1.43296,2071.47,0.4772,0.333017,Gd,0.779033746,0.026027171,0.865925042,0.051546561,0.911243097,0.058573002,0.001322094,0.389334566,310,361.8,0.77948934,0.76962963,none
[O-]C(=O)c1ccc(cc1)c1c2cccc3c2c2c(c1c1ccc(cc1)C(=O)[O-])cccc2c(c3c1ccc(cc1)C(=O)[O-])c1ccc(cc1)C(=O)[O-].[O]12[Zr]34[O]5[Zr]62[O]2[Zr]71[O]4[Zr]14[O]3[Zr]35[O]6[Zr]2([O]71)[O]43,28.48606,16.86175,28.48606,0.533204,34635.9,0.821,1.53975,Zr,0.731738278,0.028279884,0.812075034,0.045244522,0.870280236,0.050855915,0.00138542,0.319800999,1000,438.4,0.9318273,0.91,none
[Co].[O-]C(=O)c1ccc(cc1)c1ccc(cn1)C(=O)[O-].n1ccc(cc1)c1ccc(cc1)c1ccncc1,5.13193,3.35545,5.13193,1.21954,1331.01,0.459,0.376371,Co,0.933780625,0.0388731,1.041323045,0.077119645,1.091293239,0.087446809,0.001575126,0.470838155,224,379.4,0.6463052,0.952622378,weak
O=C(N1CCCC1C(=O)[O-])c1ccc(cc1)C(=O)[O-].[Cu].n1ccc(cc1)c1ccncc1,5.84761,4.82798,5.81319,1.15333,1410.45,0.5092,0.441504,Cu,0.948557348,0.038808282,1.049893388,0.072681947,1.108140258,0.08216803,0.001595829,0.476990146,204,222.6,0.5329976,0.834282801,strong
O=C(N1CCCC1C(=O)[O-])c1ccc(cc1)C(=O)[O-].[Cu].n1ccc(cc1)c1ccncc1,5.84961,4.82366,5.84961,1.14995,1391.26,0.5008,0.435496,Cu,0.947946558,0.038757748,1.050930523,0.072671441,1.107752057,0.081895742,0.001598055,0.476223801,204,220.6,0.5250523,0.834282801,strong
OC(=O)c1ccc(cc1)CNc1cc(cc(c1)C(=O)[O-])C(=O)[O-].[Cd].n1ccc(cc1)c1ccncc1,5.13307,2.56257,5.07988,1.18926,1715.89,0.528,0.443975,Cd,0.869398264,0.031582743,0.971057103,0.064228307,1.020784038,0.078028982,0.001513858,0.423896256,220,297.2,0.8019577,0.723008812,strong
[O-]C(=O)c1c(F)c(F)c(c(c1F)F)C(=O)[O-].[Tb][Tb],3.53975,2.89855,3.53975,1.95241,799.514,0.339,0.173631,Tb,0.710128917,0.012852839,0.796233638,0.028604578,0.853843884,0.031456633,0.00143715,0.283733093,188,349.3,0.86062205,0.73,none
Nc1cnccc1c1cc(cc(c1)C(=O)[O-])C(=O)[O-].[Co][OH]([Co])[Co],4.48042,2.99612,4.46116,1.30423,1887.75,0.4934,0.378309,Co,0.865207807,0.021956675,0.96763907,0.039561369,1.024651351,0.050757146,0.001594435,0.394447004,252,255.7,0.8302204,0.710905172,unknown
Nc1cnccc1c1cc(cc(c1)C(=O)[O-])C(=O)[O-].[Co][O]([Co])[Co].[O-]C=O,8.42238,8.03127,8.41833,1.07268,3388.4,0.6246,0.582281,Co,0.828584799,0.024787119,0.897288993,0.031769218,0.958018554,0.044550041,0.001294338,0.44161264,258,286.9,0.36695465,0.495052632,strong
[Cd].[O-]C(=O)c1cc(cc(c1)C(C)(C)C)C(=O)[O-].n1ccc(cc1)C1=NC(=[N]=C([N]1)c1ccncc1)c1ccncc1,7.76829,2.84838,7.76829,1.15762,2517.42,0.5408,0.467166,Cd,0.870854484,0.040131773,0.954037564,0.07897893,1.00796022,0.083455288,0.001371057,0.464414011,318,374.4,0.89979964,0.713934343,strong
[O]C1=C[CH]N(C=C1)Cc1c2ccccc2c(c2c1cccc2)Cn1ccc(=O)cc1.[O]S(c1cccc2c1cccc2S([O])([O])[O])([O])[O].[Zn],5.6268,3.58472,5.6268,1.22503,981.643,0.4866,0.397214,Zn,0.911637234,0.03362191,1.022088731,0.070285251,1.074088018,0.083601382,0.001624508,0.434026919,150,333.7,0.7963492,0.48,none
[Cd].[O]C1=C[CH]N(C=C1)Cc1c2ccccc2c(c2c1cccc2)Cn1ccc(=O)cc1.[O]S(c1cccc2c1cccc2S([O])([O])[O])([O])[O],7.21275,3.56763,7.21275,1.27175,1000.38,0.4842,0.380736,Cd,0.855309461,0.032614143,0.949066866,0.064981103,1.010241733,0.07802507,0.001549323,0.395943071,150,332.2,0.77593076,0.58,none
[Cd].[O-]C(=O)c1ccc(cc1)C(=O)[O-],4.01416,2.8117,4.01278,1.44416,1938.51,0.4614,0.319494,Cd,0.795167352,0.029661587,0.896151855,0.057375079,0.93723621,0.067616246,0.001420689,0.378944137,312,340.4,0.4226147,0.54125,weak
[O-]C(=O)c1ccc(cc1)[Si](c1ccc(cc1)C(=O)[O-])(c1ccc(cc1)C(=O)[O-])O.[Zn][OH]1[Zn][OH]([Zn]1)[Zn],7.95864,5.64514,7.91425,0.85351,1448.67,0.673,0.788509,"Zn,Si",0.825376467,0.026254748,0.918840879,0.047931045,0.967818311,0.063879402,0.001424418,0.405465432,92,292.5,0.89284086,0.75,superstrong_high_loading
[Mn].[O-]C(=O)c1ccc(cc1)[Si](c1ccc(cc1)C(=O)[O-])(c1ccc(cc1)C(=O)[O-])O,6.32579,3.74393,6.32408,0.994731,3828.03,0.5876,0.590712,"Si,Mn",0.887619054,0.028372292,1.001671437,0.043033721,1.058025147,0.05998657,0.001704061,0.386017222,348,356.7,0.93419886,0.68,superstrong_high_loading
O=C1N(Cc2cccnc2)C(=O)c2c3c1ccc1c3c(cc2)C(=O)N(C1=O)Cc1cccnc1.[O-]C(=O)c1ccc(cc1)C(=O)[O-].[Zn],5.97175,2.83006,4.80777,1.11663,3798.15,0.5616,0.502943,Zn,0.858074138,0.024923351,0.986584735,0.036688929,1.035924411,0.051346259,0.001778503,0.33771847,404,388.2,0.9478144,0.695420117,weak
O=C(C1=CN=N[CH]1)Nc1cc(cc(c1)C(=O)[O-])C(=O)[O-].O=C(C1=C[N]N=C1)Nc1cc(cc(c1)C(=O)[O-])C(=O)[O-].O=C([C]1C=NN=C1)Nc1cc(cc(c1)C(=O)[O-])C(=O)[O-].[Zn],8.37161,7.49472,8.37161,0.750209,4293.26,0.7182,0.957333,Zn,0.834000511,0.018165055,0.930308019,0.038284876,0.989731704,0.046672517,0.001557312,0.372954237,216,376.1,0.25813758,0.618571429,strong
unknown,4.66145,3.66917,4.45167,1.19721,1508.77,0.561,0.468591,Cd,0.779674343,0.027153756,0.876143816,0.049637407,0.929533214,0.062608207,0.001498589,0.337277745,164,408.7,0.7104785,0.7825,strong
unknown,10.21223,6.45473,10.21223,1.02219,2505.3,0.5872,0.57445,Zn,0.869263485,0.031086535,0.972389628,0.053432048,1.030134821,0.072944177,0.001608713,0.39421297,246,348.7,0.8909954,0.82,unknown
NC(=S)c1ccncc1.[Cu]I,5.17339,4.44401,5.17339,1.73659,664.201,0.5284,0.304274,Cu,0.537653877,0.019982248,0.598582719,0.032724864,0.62368066,0.041076439,0.000860268,0.285545348,68,238.7,0.8114997,0.22,none
[Co].[O-]C(=O)c1ccc2c(c1)[nH]cn2,4.6055,4.07898,4.59046,1.31584,885.952,0.4604,0.349892,Co,0.888658176,0.026031813,0.991984071,0.058510533,1.047383622,0.068342587,0.001587254,0.420469558,140,326.3,0.79073054,0.68,weak
[Cu][OH]1[Cu][OH]([Cu]1)[Cu].[O-]C(=O)c1ccccc1C(=O)[O-],4.92491,3.90947,4.91213,1.1346,1948.05,0.5362,0.472591,Cu,0.865204705,0.039607156,0.958711,0.073133931,0.99758589,0.082000891,0.001323812,0.477166388,240,246.9,0.39674503,0.7625,superstrong_high_loading
[O-]C(=O)c1cc(cc(c1)Oc1cc(cc(c1)C(=O)[O-])C(=O)[O-])Oc1cc(cc(c1)C(=O)[O-])C(=O)[O-].[Zn][OH]1[Zn][OH2][Zn][OH]([Zn][OH2][Zn]1)[Zn],6.01545,4.52404,6.01545,1.24334,1102.94,0.5828,0.468739,Zn,0.788313218,0.016977909,0.890033861,0.027049675,0.941337926,0.038631787,0.001530247,0.337641857,104,367.8,0.33899552,0.7492,strong
[Cu].[Cu][Cu].[O-]C(=O)c1cc(ccc1c1cc(cc(c1)C(=O)[O-])C(=O)[O-])C(=O)[O-],8.61757,7.37936,8.61757,0.912308,2274.61,0.6892,0.755446,Cu,0.776958173,0.012766741,0.860454431,0.023648724,0.920343057,0.033328428,0.001433849,0.350738123,128,241.1,0.7716259,0.535,weak
unknown,4.648,4.08757,4.63832,1.50368,371.318,0.4644,0.308842,Mn,0.788978816,0.010727652,0.859943323,0.023826829,0.922314706,0.025314989,0.001333359,0.390403335,48,346.7,0.7338447,0.55,none
O=C(c1cc(cc(c1)C(=O)[O-])C(=O)[O-])Nc1cc(cc(c1)C(=O)[O-])C(=O)[O-].[Cd],4.53525,3.60165,4.53095,1.547,594.883,0.5152,0.333032,Cd,0.716541929,0.011131479,0.793905547,0.028861714,0.848665601,0.031031997,0.001321237,0.32393817,71,358.4,0.7149591,0.732,weak
O=C(c1ccc(cc1)C=Cc1ccc(cc1)C(=O)Nc1cccnc1)Nc1cccnc1.[Cd].[O-]C(=O)c1ccc(cc1)N(c1ccc(cc1)C(=O)[O-])c1ccc(cc1)C(=O)[O-],5.97916,3.85246,5.97916,1.07512,1371.29,0.5894,0.548216,Cd,0.808472162,0.032681955,0.899626871,0.061349062,0.961053202,0.075124548,0.00152581,0.355683773,135,303.3,0.63127536,0.95,weak
O=C(c1ccc(cc1)C(=O)[O-])NC1CCCCC1NC(=O)c1ccc(cc1)C(=O)[O-].[Co].n1ccc(cc1)c1ccc(cc1)c1ccncc1,5.8476,3.94159,5.8476,1.17146,1855.71,0.4678,0.39933,Co,1.006666158,0.048814114,1.118023714,0.08641955,1.177441848,0.095224036,0.001707757,0.502995659,324,317.9,0.23464519,0.72,superstrong_high_loading
OC(=O)c1cc(cc(c1)c1cc(ccc1C(=O)[O-])C(=O)[O-])c1cc(ccc1C(=O)[O-])C(=O)[O-].[Co][OH]1[Co][OH]([Co]1)[Co],4.67821,3.63338,4.67389,1.3602,1359.45,0.479,0.352153,Co,0.851938263,0.019557811,0.964193255,0.033762593,1.015380364,0.044652336,0.001634421,0.371789941,188,320.7,0.5557194,0.593076923,superstrong_high_loading
[O-]C(=O)c1cc(cc(c1)Oc1cccc(c1)C(=O)[O-])Oc1cccc(c1)C(=O)[O-].[OH2][Mn][OH2][Mn][OH2][Mn][OH2],5.87641,4.92231,5.86383,0.991129,1988.19,0.582,0.587209,Mn,0.906874494,0.031586774,1.01456098,0.057415979,1.070091504,0.076724913,0.00163217,0.425916126,190,399.6,0.9023304,0.86,strong
[Cu].n1ccc(cc1)c1ccc(cc1)c1ccncc1,12.01799,7.90551,12.01522,0.358334,8166.24,0.8342,2.328,Cu,0.918600632,0.071161708,1.003983028,0.129274358,1.040889167,0.131976481,0.001222885,0.559814405,244,409,0.1436382,0.646666667,weak
O[Zn][O]([Zn])[Zn].[O-]C(=O)c1ccc2-c3c(S(=O)(=O)c2c1)cc(cc3[O])C(=O)[O-],10.05358,7.79549,10.05095,0.813435,5114.43,0.7252,0.891528,Zn,0.770454186,0.014513703,0.855308701,0.026077345,0.915122118,0.033518526,0.001446679,0.340623911,240,340.7,0.527098,0.55,none
[Cd].[O-]C(=O)c1cc(cc(c1)C(C)(C)C)C(=O)[O-].n1cc(cc(c1)n1cnc2c1cccc2)n1cnc2c1cccc2,4.32418,2.47686,4.31268,1.39413,1315.63,0.4288,0.307575,Cd,0.892195587,0.04160296,0.981440066,0.082781905,1.046877509,0.093083499,0.001546819,0.432117664,264,342.6,0.8793996,0.54,strong
[O-]C(=O)c1ccc(cc1)c1cc(cc(c1)c1ccc(cc1)C(=O)[O-])c1ccc(cc1)C(=O)[O-].[O-]C=O.[Sc][O]([Sc])[Sc],20.34171,19.92491,20.34171,0.714532,10343.3,0.6954,0.973224,Sc,0.936216273,0.030278669,1.053969638,0.048650714,1.112817525,0.066274352,0.001766013,0.4162301,624,487.5,0.89362365,0.47,unknown
[O-]C(=O)c1ccc(cc1)N(c1ccc(cc1)C(=O)[O-])c1ccc(cc1)C(=O)[O-].[Zn].n1ccc(cc1)C=Cc1ccncc1,6.90883,3.90614,6.90883,1.2956,2073.17,0.4784,0.369251,Zn,0.869470958,0.033729701,0.977704996,0.06313685,1.033241464,0.077918492,0.001637705,0.386942368,321,356.3,0.6367506,0.688571429,strong
[O-]C(=O)c1ccc2c(c1)c1cc(ccc1n2Cc1ccc(cc1)Cn1c2ccc(cc2c2c1ccc(c2)C(=O)[O-])C(=O)[O-])C(=O)[O-].[Zn].n1ccc(cc1)c1ccncc1,4.50717,2.85634,4.50658,1.28747,606.887,0.4474,0.347504,Zn,0.913964677,0.037728322,1.017885133,0.072295063,1.075042087,0.082324322,0.001610774,0.438526361,108,341.9,0.2371059,0.67,weak
[O-]C(=O)c1ccc2c(c1)c1cc(ccc1n2Cc1ccc(cc1)Cn1c2ccc(cc2c2c1ccc(c2)C(=O)[O-])C(=O)[O-])C(=O)[O-].[Zn].n1ccc(cc1)C=Cc1ccncc1,6.06834,2.89795,6.06834,1.19759,722.386,0.472,0.394124,Zn,0.925613171,0.040258235,1.027374303,0.076400323,1.083861709,0.085547442,0.001582485,0.458413179,116,348.7,0.32424647,0.66,weak
Nc1cncc(c1)c1cc(cc(c1)C(=O)[O-])C(=O)[O-].[Cu][O]([Cu])([Cu])[Cu],8.75331,4.94575,8.74166,1.26535,2896.7,0.5312,0.419806,Cu,0.821563191,0.022088577,0.921421552,0.037071536,0.985000155,0.050122725,0.00163437,0.337298923,344,272.9,0.7203518,0.688,weak
[Cd].[O-]C(=O)c1ccc(cc1)C(=O)[O-].n1ccc(cc1)c1nnc(nn1)c1ccncc1,8.038,6.46124,8.03265,0.756721,3226.19,0.7168,0.947245,Cd,0.799950061,0.02640403,0.897181378,0.049081087,0.956550077,0.063214091,0.001566,0.336460449,172,322.4,0.66692054,0.4905,weak
unknown,5.5074,2.76255,5.43762,1.44002,2181.62,0.4612,0.320274,Cd,0.802835747,0.02499641,0.899340693,0.048960813,0.950305067,0.059556665,0.001474693,0.368017881,344,413.6,0.8368137,0.620314685,weak
[Cd].[O-]C(=O)c1ccc(cc1)C(=O)[O-].n1ccc(cc1)c1nnc(nn1)c1ccncc1,18.07452,14.42961,18.07452,0.580835,6853.54,0.7792,1.34152,Cd,0.814901911,0.029667165,0.904006404,0.04823623,0.973001757,0.064800177,0.001580998,0.343953899,258,322.6,0.85169697,0.4305,weak
[O-]C(=O)c1ccc(cc1)n1nc(c(n1)c1ccc(cc1)C(=O)[O-])c1ccc(cc1)C(=O)[O-].[Zn].[Zn]O[Zn].[Zn][O]([Zn])[Zn],7.03598,4.41271,5.58294,1.23569,6284.51,0.5326,0.431014,Zn,0.82613149,0.022997873,0.931263755,0.046523935,0.97891361,0.057998777,0.001527821,0.377365535,740,317.7,0.81166637,0.39,unknown
[O-]C(=O)c1ccc(cc1)c1nn(nc1c1ccc(cc1)C(=O)[O-])c1ccccc1.[Zn][Zn],5.85166,4.7117,5.85166,1.17555,1286.05,0.5072,0.431459,Zn,0.875550145,0.033574776,0.99062597,0.066875533,1.036334975,0.076833818,0.001607848,0.404756789,172,412.6,0.9074473,0.71,strong
[Co].[O-]C(=O)c1ccncc1.[O]NC(=O)c1ccc(cc1)C(=O)N[O],6.17036,4.44152,6.17036,0.982385,2414.57,0.6144,0.625417,Co,0.867666236,0.028801431,0.974327328,0.044688275,1.034081753,0.061036948,0.001664155,0.376237463,204,322,0.91847724,0.323552632,weak
unknown,9.3401,6.44485,9.3041,0.832399,2614.05,0.6518,0.783038,Zn,0.882083559,0.028878855,0.994461509,0.057964658,1.043785447,0.07268561,0.001617019,0.407486897,187,381.3,0.43249202,0.74,strong
O1[Mo]2[Mo]1O2.[O-]C(=O)c1ccc(cc1)C1=C2C=CC(=N2)C(=c2ccc(=C(C3=NC(=C(c4[nH]c1cc4)c1ccc(cc1)C(=O)[O-])C=C3)c1ccc(cc1)C(=O)[O-])[nH]2)c1ccc(cc1)C(=O)[O-],6.98637,5.74587,6.98078,1.00653,4040.22,0.6058,0.601869,Mo,0.827193763,0.026688981,0.926792299,0.051605012,0.98318834,0.066327096,0.001559946,0.366410447,360,252,0.9122694,0.56,none
[O-]C(=O)c1cc(ccc1C(=O)[O-])Oc1c(cccc1C(=O)[O-])C(=O)[O-].[Pr],5.93521,5.05929,5.9277,1.35222,1277.21,0.5382,0.398012,Pr,0.705548555,0.012626245,0.785878291,0.028616635,0.831751331,0.034733229,0.001262028,0.332683013,128,376.2,0.8956386,0.89962963,none
[Eu].[O-]C(=O)c1cc(ccc1C(=O)[O-])Oc1c(cccc1C(=O)[O-])C(=O)[O-],6.02576,5.18239,6.02576,1.36232,1333.38,0.5534,0.406219,Eu,0.690001706,0.012226293,0.771485205,0.027121283,0.816781378,0.033451081,0.001267797,0.315693913,128,393.9,0.8687581,0.84962963,none
[Nd].[O-]C(=O)c1cc(ccc1C(=O)[O-])Oc1c(cccc1C(=O)[O-])C(=O)[O-],6.02071,5.15652,6.01267,1.32918,1331.16,0.5476,0.411982,Nd,0.702479522,0.012007701,0.784220947,0.027355747,0.829105198,0.033772574,0.001266257,0.328745351,128,376.8,0.8901563,0.87962963,none
[O-]C(=O)c1cc(ccc1C(=O)[O-])Oc1c(cccc1C(=O)[O-])C(=O)[O-].[OH2][Ce],6.02822,5.14433,6.02611,1.36058,1293.61,0.5296,0.389244,Ce,0.738124522,0.015901119,0.823967922,0.035918988,0.869411553,0.043918134,0.00131287,0.350996725,140,387.5,0.6639446,0.81962963,none
[O-]C(=O)c1cc(ccc1C(=O)[O-])Oc1c(cccc1C(=O)[O-])C(=O)[O-].[Sm],6.01576,5.15845,6.01576,1.35032,1348.13,0.5564,0.412049,Sm,0.695048213,0.012072003,0.776457171,0.027051032,0.822273366,0.033035415,0.001272252,0.319304883,128,379,0.8795665,0.84962963,none
[La].[O-]C(=O)c1cc(ccc1C(=O)[O-])Oc1c(cccc1C(=O)[O-])C(=O)[O-],6.06892,5.17463,6.06892,1.2855,1372.24,0.552,0.429405,La,0.717707715,0.013316301,0.802675412,0.02760601,0.84700029,0.034451038,0.001292926,0.336603793,128,401.5,0.89985096,0.91962963,none
[O-]C(=O)c1ccc(s1)C(=O)[O-].[O]P(=O)[O].[Zn],9.27985,8.95188,9.27985,1.08756,3771.83,0.67,0.61606,Zn,0.705776842,0.010249325,0.764077038,0.013028346,0.810345288,0.014443272,0.001045684,0.394076826,200,382.7,0.24640116,0.5,weak
[Cu][Cu].[O-]C(=O)c1ccc(cc1)SSc1ccc(cc1)C(=O)[O-],6.62833,5.49766,6.30899,1.05286,2408.51,0.5694,0.540811,Cu,0.854967743,0.035680169,0.954907976,0.057855161,1.022343015,0.068581286,0.001673753,0.358259459,240,254.7,0.9139626,0.727032967,none
[Cu][Cu].[O-]C(=O)c1ccc(cc1)SSc1ccc(cc1)C(=O)[O-].n1ccc(cc1)c1ccncc1,6.26196,4.61074,6.22835,0.989302,1810.98,0.6048,0.61134,Cu,0.850462994,0.030960168,0.95886768,0.048061598,1.019440026,0.064228882,0.00168977,0.351503961,156,313.4,0.7913401,0.574688139,none
[Cu].[O-]C(=O)c1ccc(cc1)c1c(C)[n-][nH]c1C,5.64455,3.80324,5.62745,1.13227,1431.6,0.494,0.43629,Cu,0.990150356,0.043064882,1.102739177,0.071285485,1.206895205,0.064420668,0.002167448,0.341321278,220,357.8,0.19336998,0.924893268,weak
[Cu][Cu].[O-][n+]1cc(ccc1c1cc(cc(c1)C(=O)[O-])C(=O)[O-])C(=O)[O-],9.20584,4.05224,9.20584,1.05888,2070.66,0.605,0.571357,Cu,0.847335754,0.015695641,0.953734281,0.027628019,1.01279382,0.037625599,0.001654581,0.358851385,174,292.3,0.94297564,0.714751486,strong
[Eu]12[O]3[Eu]4[O]2[Eu]2[O]1[Eu]3[O]42.[O-]C(=O)c1ccc(cc1)c1ccc(nc1)C(=O)[O-],7.66896,7.55167,7.66896,1.43096,2089.93,0.5502,0.384498,Eu,0.66976581,0.020276435,0.729818795,0.039048209,0.772572854,0.04456024,0.00102807,0.364227835,216,412.3,0.84816885,0.73,weak
[Eu].[O-]C(=O)c1cc(cc(c1)C(=O)[O-])N1C(=O)c2ccc3c4c2c(C1=O)ccc4C(=O)N(C3=O)c1cc(cc(c1)C(=O)[O-])C(=O)[O-],8.26934,5.41817,8.26934,1.08296,2056.15,0.6584,0.607966,Eu,0.681373076,0.011602416,0.758999877,0.025421037,0.797670006,0.028255389,0.001162969,0.338975073,128,385.6,0.5963192,0.79,none
unknown,8.04976,5.37633,8.04976,1.04871,4064,0.6398,0.61008,Nd,0.696304516,0.012531525,0.770814364,0.024475379,0.808858625,0.030675504,0.001125541,0.364719785,256,409.2,0.55621636,0.85,none
unknown,5.02827,3.75595,5.01711,1.19222,875.252,0.516,0.432806,Cd,0.834445538,0.031270929,0.927788813,0.061891329,0.987381616,0.074217456,0.001529361,0.38126238,114,363.2,0.49676263,0.6625,strong
[Cu][Cu].[O-]C(=O)CCc1ccc(cc1)C[N]12CCC[N]3([Cu]42(Cl)[N](CC1)(CCC[N]4(CC3)Cc1ccc(cc1)CCC(=O)[O-])Cc1ccc(cc1)CCC(=O)[O-])Cc1ccc(cc1)CCC(=O)[O-],17.17781,11.88721,17.05494,0.554504,14654,0.7614,1.37312,Cu,0.986197405,0.065251184,1.043123016,0.12385302,1.091902099,0.117696361,0.001057047,0.670441079,756,259.9,0.7824446,0.796666667,weak
[O-]C(=O)C(=O)[O-].[Sc],3.36985,2.94067,3.34159,1.3921,405.848,0.5132,0.368652,Sc,0.84798237,0.012546568,0.910456591,0.01418426,0.971440786,0.008427085,0.001234584,0.477855459,39,395.5,0.8537402,0.24,weak
C1=C[C]2C(=c3c(=C2[C](c2ccncc2)c2ccncc2)cccc3)C=C1.[C]#N.[Cu].n1ccc(cc1)[C](C1=c2ccccc2=C2C1=CC=C[CH]2)c1ccncc1,4.51819,3.42821,4.51002,1.06374,1361.16,0.5166,0.485646,Cu,0.917150894,0.047199979,1.045263094,0.075777943,1.085259324,0.089436127,0.001681084,0.427511597,180,288.1,0.54132324,0.651071429,unknown
[Co].[O-]C(=O)c1ccc(cc1)C(=O)[O-].n1ccc(cc1)SSc1ccncc1,6.07664,5.29283,6.02808,1.00269,1689.37,0.5752,0.573656,Co,0.877768741,0.024451701,0.977826709,0.058300932,1.016941584,0.066131195,0.001391728,0.470407396,156,316.6,0.87855995,0.86,none
[Ni].[O-]C(=O)c1cccc(c1)C1=[N]=C(N=N1)c1cc(cc(c1)C(=O)[O-])C(=O)[O-].n1ccc(cc1)c1ccncc1,5.33173,4.44846,5.30987,1.28204,1313.74,0.492,0.383764,Ni,0.860145122,0.020337944,0.959531735,0.04496626,1.011060846,0.056043664,0.001509157,0.415374202,178,362.6,0.7562907,0.688226601,strong
[Mn].[O-]C(=O)c1ccc(cc1)c1ccc(cc1)N(c1ccc(cc1)c1ccc(cc1)C(=O)[O-])c1ccc(cc1)c1ccc(cc1)C(=O)[O-],16.00425,14.45637,15.99989,0.615226,10620.3,0.718,1.16705,Mn,0.921904028,0.044328224,1.038919984,0.067475871,1.100986916,0.079830966,0.001790829,0.393813532,572,434.2,0.7506434,0.79,strong
O=C(Nc1ccc(cc1)C(=O)[O-])Nc1ccc(cc1)C(=O)[O-].[Cu][Cu].n1ccc(cc1)c1ccncc1,11.37052,9.86802,11.37052,0.621353,6974.58,0.7416,1.19352,Cu,0.904039012,0.034844812,0.999753264,0.067369117,1.05709992,0.080780885,0.001530609,0.451250887,344,306.5,0.94341505,0.58936687,weak
Cc1cnccc1c1cccc(c1)C(=O)[O-].[Cu],7.13716,5.1592,7.13716,1.14452,1357.7,0.4794,0.418864,Cu,0.961252177,0.042437168,1.067649198,0.087074646,1.117101464,0.097237539,0.001558493,0.503195106,212,319.4,0.6175339,0.754282801,weak
Cl[Cu].[Cu][Cu].[O-]C(=O)c1cc(cc(c1)C(=O)[O-])c1cncnc1,6.99899,4.36761,6.13997,1.17634,1644.51,0.5732,0.487276,Cu,0.795612747,0.018182776,0.890522933,0.031134444,0.955879351,0.041659441,0.001602666,0.319738563,154,320.2,0.5974742,0.856319588,strong
CC1=NN=C([N]1)C.[O-]C(=O)c1cc(cc(c1)C(=O)[O-])C(=O)[O-].[Zn],9.25518,5.85382,9.1939,0.953025,1856.08,0.6636,0.696309,Zn,0.837851041,0.018708235,0.949740584,0.029947469,1.029381567,0.030855277,0.001915305,0.268634227,130,355.3,0.8650241,0.727281106,weak
NC1=NN=C([N]1)N.[O-]C(=O)c1cc(cc(c1)C(=O)[O-])C(=O)[O-].[Zn],9.4964,5.39515,9.4964,0.966907,1811.84,0.654,0.676384,Zn,0.802987988,0.021163486,0.915781925,0.036528334,0.959846594,0.045098623,0.001568586,0.34386705,122,331.1,0.70783556,0.737281106,weak
NC1=NN=C([N]1)N.[O-]C(=O)c1cc(cc(c1)C1=NN=N[N]1)C(=O)[O-].[O-]C(=O)c1cc(cc(c1)C1=N[N]N=N1)C(=O)[O-].[Zn],9.18995,6.02541,9.1809,0.934417,2064.31,0.6796,0.727298,Zn,0.796907271,0.020096003,0.908930455,0.037736947,0.954497988,0.042692568,0.001575907,0.335211062,130,315,0.6514553,0.748709677,weak
CC1=NN=C([N]1)C.[O-]C(=O)c1cc(cc(c1)C1=NN=N[N]1)C(=O)[O-].[Zn],8.59169,5.65808,8.59169,0.909021,2040.07,0.6564,0.722096,Zn,0.837610411,0.01953303,0.927953612,0.044634594,0.981520858,0.052758034,0.001439104,0.412008396,138,331.1,0.90800905,0.748709677,unknown
NC1=NN=C([N]1)N.[O-]C(=O)c1cc(cc(c1)C1=NN=N[N]1)C(=O)[O-].[Zn],5.34821,3.64058,5.34517,1.28059,1238.98,0.559,0.436518,Zn,0.802636535,0.019426005,0.913788759,0.036396653,0.960725495,0.042570209,0.00158089,0.339072237,130,394.2,0.8285486,0.867281106,strong
CC1=NN=C([N]1)C.[O-]C(=O)c1cc(cc(c1)C1=N[N]N=N1)C(=O)[O-].[Zn],9.45114,6.4791,9.44182,0.901398,4256.31,0.679,0.753275,Zn,0.83393155,0.01823184,0.920624971,0.04520758,0.977208345,0.050987396,0.001432768,0.409119509,276,316.3,0.9073887,0.798709677,weak
O=C(c1cccnc1)N[N][CH]c1cccnc1.[Cd].[O-]C(=O)c1cc(cc(c1)N(=O)=O)C(=O)[O-],5.0765,3.92433,4.95641,1.1485,895.561,0.5654,0.492293,Cd,0.824260293,0.023522705,0.93534289,0.039315421,0.990880727,0.051842622,0.001666204,0.33365645,92,299.2,0.9027989,0.760814685,strong
NC1=NC=NC2=NC=N[C]12.Nc1cc(ccc1c1ccc(cc1N)C(=O)[O-])C(=O)[O-].[Zn].[Zn][O]([Zn])([Zn])[Zn],13.36303,8.26092,13.36303,0.962116,8768.92,0.627,0.651688,Zn,0.862296582,0.030869348,0.97478063,0.05249248,1.022853282,0.065163465,0.001605567,0.391361708,732,344.4,0.96807337,0.715031516,weak
[O-]C(=O)c1cc(O)c(cc1O)C(=O)[O-].[Tb],6.46172,4.50656,6.46172,1.22059,1555.33,0.6308,0.516801,Tb,0.648056494,0.018002514,0.731340532,0.025364597,0.777993184,0.033988887,0.001299367,0.264351656,112,219,0.93018067,0.688888889,none
[Eu].[O-]C(=O)c1cc(O)c(cc1O)C(=O)[O-],6.47697,4.51275,6.47697,1.19567,1564.83,0.6314,0.528071,Eu,0.661998635,0.017659477,0.744574446,0.026125147,0.789686345,0.034234118,0.001276877,0.285179492,112,225.5,0.93352354,0.619388889,none
[Gd].[O-]C(=O)c1cc(O)c(cc1O)C(=O)[O-],6.46354,4.51401,6.46154,1.21247,1559.46,0.6306,0.520097,Gd,0.654241166,0.017490102,0.736317787,0.025321514,0.782414955,0.033946862,0.001281738,0.275716372,112,224.2,0.93329984,0.688888889,none
unknown,4.78781,2.672,4.78124,1.34974,1150.48,0.502,0.371924,Cd,0.790634402,0.022884096,0.879591487,0.04806409,0.942805609,0.060162084,0.001521712,0.338411277,152,343.1,0.66485786,0.71,weak
unknown,4.93802,3.05985,4.93802,1.54301,1187.73,0.52,0.337004,Cd,0.621356225,0.019234738,0.681481473,0.042261879,0.733180829,0.050386366,0.001118246,0.287286728,140,325.2,0.8620571,0.68,weak
[Cd][Cd].[O-]C(=O)c1cc(cc(c1)n1cnc2c1cccc2)C(=O)[O-],4.37729,2.47979,4.30342,1.3512,1024.53,0.5308,0.392835,Cd,0.745198423,0.023189361,0.841491003,0.034487572,0.89978033,0.048422892,0.001545819,0.287786578,120,397,0.5305484,0.68,weak
[O-]C(=O)c1ncc(nc1)C(=O)[O-].[Y],5.86101,5.26698,5.85189,1.25566,498.364,0.5574,0.44391,Y,0.757773593,0.00892142,0.846817443,0.017478163,0.899886991,0.021227177,0.001421134,0.337429115,44,370.4,0.79531205,0.34,superstrong_high_loading
[Gd].[O]P(=O)(C[NH](CP(=O)(O)[O])CP(=O)([O])[O])O.[O]P(=O)(C[NH](CP(=O)([O])O)CP(=O)([O])[O])O,3.01528,2.44659,2.89505,2.49094,416.749,0.3448,0.138421,Gd,0.673961317,0.013948889,0.750965602,0.016540806,0.792580147,0.017259936,0.001186188,0.324003119,104,443.8,0.8503121,0.7,superstrong_high_loading
[In].[O]c1c(Cl)c([O])c(c(c1[O])Cl)[O],8.43082,7.16561,8.43082,1.03046,953.94,0.696,0.675426,In,0.611638052,0.006431336,0.664214781,0.009319038,0.715156596,0.008281597,0.001035185,0.301354903,38,252.4,0.92439246,0.41,weak
[O-]C(=O)c1cc(cc(c1)C(=O)[O-])C(=O)[O-].[Tb],6.88171,6.36573,6.88171,1.6218,2550.03,0.567,0.349611,Tb,0.574268188,0.014422473,0.637951962,0.023552007,0.675569384,0.02803498,0.001013012,0.274708993,228,455.9,0.90634704,0.778518519,unknown
Nc1cc(cc(c1)C(=O)[O-])C(=O)[O-].[Co][OH]([Co][OH]([Co])[Co])[Co],5.87708,3.64729,5.87708,1.62772,1816.09,0.4258,0.261594,Co,0.816951053,0.020753516,0.916168751,0.042137072,0.966857087,0.047742933,0.00149906,0.375321177,324,333.4,0.7652739,0.48,strong
unknown,9.42475,3.73491,9.42475,0.827768,1156.13,0.6094,0.736196,Ni,0.951151654,0.060347757,1.084344519,0.101869811,1.163323869,0.107909597,0.002121722,0.323670593,111,371.1,0.42222735,0.87,weak
unknown,22.95364,12.78292,22.95364,0.320875,84176.2,0.8648,2.69513,Cu,0.839395616,0.034324392,0.942942769,0.048647003,1.021618714,0.064965112,0.001822231,0.29687152,1728,324.8,0.7755945,0.4,weak
[Cu][Cu].[O-]C(=O)c1ccc2c(c1)c1cc(ccc1n2c1ccc(cc1)c1ccc(cc1)n1c2ccc(cc2c2c1ccc(c2)C(=O)[O-])C(=O)[O-])C(=O)[O-],22.78188,12.52223,22.78188,0.323188,83747.7,0.8666,2.68141,Cu,0.834127558,0.034840761,0.94127026,0.050485426,1.021802028,0.064449087,0.001876745,0.275539305,1728,323.8,0.76555246,0.4,weak
[Ni][Ni].[O-]C(=O)c1ccc2c(c1)c1cc(ccc1n2c1ccc(cc1)c1ccc(cc1)n1c2ccc(cc2c2c1ccc(c2)C(=O)[O-])C(=O)[O-])C(=O)[O-],22.80759,12.55712,22.80759,0.31856,83505.4,0.8624,2.70718,Ni,0.851437234,0.036035827,0.950611824,0.050081557,1.032815001,0.064077523,0.001813778,0.310132504,1728,346.5,0.70726633,0.42,weak
[O-]C(=O)c1ccc2c(c1)c1cc(ccc1n2c1ccc(cc1)c1ccc(cc1)n1c2ccc(cc2c2c1ccc(c2)C(=O)[O-])C(=O)[O-])C(=O)[O-].[Zn][Zn],22.41586,11.98152,22.41586,0.330726,81730.7,0.8614,2.60458,Zn,0.833055208,0.035376944,0.934991859,0.050308719,1.010088279,0.064978815,0.001770331,0.306429368,1728,370.7,0.62227875,0.48,weak
[Cu][Cu].[O-]C(=O)c1ccc2c(c1)c1cc(ccc1n2c1ccc(cc1)c1ccc(cc1)n1c2ccc(cc2c2c1ccc(c2)C(=O)[O-])C(=O)[O-])C(=O)[O-],23.7754,13.16055,23.77539,0.312648,86850.8,0.8694,2.78077,Cu,0.836532919,0.034827392,0.935886397,0.048690982,1.020800638,0.064532465,0.001842677,0.286136302,1728,322.4,0.79462373,0.4,weak
[Co][Co].[O-]C(=O)c1ccc2c(c1)c1cc(ccc1n2c1ccc(cc1)c1ccc(cc1)n1c2ccc(cc2c2c1ccc(c2)C(=O)[O-])C(=O)[O-])C(=O)[O-],22.51791,11.98939,22.51791,0.323808,82145.7,0.8618,2.66145,Co,0.84943941,0.035955427,0.950810018,0.05087441,1.02828481,0.065429742,0.001788454,0.316885842,1728,339,0.6888085,0.35,none
[Mn][Mn].[O-]C(=O)c1ccc2c(c1)c1cc(ccc1n2c1ccc(cc1)c1ccc(cc1)n1c2ccc(cc2c2c1ccc(c2)C(=O)[O-])C(=O)[O-])C(=O)[O-],22.45958,11.94743,22.45958,0.317955,82448.9,0.8582,2.69912,Mn,0.864330305,0.036102877,0.969190742,0.050436227,1.049196413,0.065665044,0.001848661,0.313874441,1728,385.8,0.6519281,0.48,none
[Fe][Fe].[O-]C(=O)c1ccc2c(c1)c1cc(ccc1n2c1ccc(cc1)c1ccc(cc1)n1c2ccc(cc2c2c1ccc(c2)C(=O)[O-])C(=O)[O-])C(=O)[O-],22.61205,12.09156,22.61205,0.319335,82632.2,0.8618,2.69874,Fe,0.85869241,0.035029374,0.963589261,0.048809413,1.044406357,0.06450334,0.001857139,0.305563863,1728,349.4,0.67233086,0.38,weak
[Cu][Cu].[O-]C(=O)c1ccc2c(c1)c1cc(ccc1n2c1ccc(cc1)c1ccc(cc1)n1c2ccc(cc2c2c1ccc(c2)C(=O)[O-])C(=O)[O-])C(=O)[O-],22.56317,12.18847,22.56317,0.328096,82342.5,0.865,2.63642,Cu,0.834564853,0.034988268,0.929764482,0.048277255,1.01106635,0.06431711,0.001765015,0.307376653,1728,321.3,0.7477399,0.4,weak
unknown,7.30191,5.61883,7.30191,1.13982,838.273,0.556,0.487796,Zn,0.870911124,0.027120207,0.993653755,0.038278496,1.056713874,0.050035154,0.001858027,0.32344996,95,408.4,0.22895446,0.73,weak
unknown,3.83942,2.94735,3.83942,2.24294,224.997,0.3988,0.177803,Ho,0.639910333,0.020247921,0.712514207,0.02298755,0.760104635,0.027418049,0.001201943,0.283496335,44,277.2,0.537068,0.69,superstrong_high_loading
unknown,3.74645,2.88419,3.74645,2.34369,216.88,0.3914,0.167002,Tb,0.630591959,0.019434535,0.695219399,0.023198678,0.741397338,0.026102177,0.001108054,0.301250738,44,276.4,0.59028196,0.58,superstrong_high_loading
unknown,3.74735,2.89821,3.74735,2.344,219.621,0.3964,0.169112,Tm,0.627813526,0.021119777,0.695295597,0.024051897,0.741773782,0.027015581,0.001139603,0.289433406,44,276.3,0.59121406,0.58,superstrong_high_loading
unknown,3.83009,2.8364,3.83009,2.40909,204.295,0.372,0.154415,Tm,0.643268918,0.02279173,0.713600903,0.027256621,0.75880012,0.031532832,0.001155312,0.300864106,47,262.4,0.49263072,0.62,superstrong_high_loading
unknown,3.84937,2.92658,3.84937,2.38678,201.472,0.3656,0.153177,Er,0.651185693,0.022566167,0.721364653,0.027662306,0.766918559,0.031578868,0.001157329,0.308091271,47,255.8,0.50202686,0.63,superstrong_high_loading
unknown,3.83265,2.90843,3.83265,2.30192,220.9,0.3956,0.171857,Ho,0.635649805,0.020114549,0.70418162,0.023582619,0.751585684,0.02690974,0.001159359,0.291363464,44,269.6,0.5638654,0.69,superstrong_high_loading
unknown,3.80499,2.9187,3.80499,2.30749,218.872,0.3954,0.171355,Dy,0.63304844,0.020786541,0.702483895,0.023762554,0.752757415,0.027413814,0.00119709,0.277115173,44,266.3,0.5560881,0.69,superstrong_high_loading
unknown,3.82572,2.89643,3.82572,2.33605,217.212,0.3924,0.167976,Er,0.630700359,0.019790388,0.697633605,0.023583068,0.744844656,0.027375426,0.001141443,0.291554502,44,272.8,0.57711685,0.64,superstrong_high_loading
unknown,3.83232,2.97496,3.8165,2.2759,225.166,0.4012,0.176282,Dy,0.634957259,0.020926685,0.708557723,0.022613534,0.756490665,0.027192962,0.001215334,0.27463496,44,265.9,0.56113493,0.69,superstrong_high_loading
unknown,3.87424,2.9635,3.87424,2.24501,227.833,0.4042,0.180044,Tb,0.642979554,0.020618393,0.715079916,0.024073718,0.765163432,0.026714518,0.001221839,0.280097394,44,277.4,0.5379072,0.69,superstrong_high_loading
[Cd].[O-]C(=O)c1ccc(cc1)C1=C(N[C](N1)c1ccc(cc1)[C]1NC(=C(N1)c1ccc(cc1)C(=O)[O-])c1ccc(cc1)C(=O)[O-])c1ccc(cc1)C(=O)[O-],6.15209,5.43901,6.15209,1.06943,1368.22,0.55,0.514293,Cd,0.870936509,0.030242628,1.003447558,0.050745527,1.059684745,0.066837743,0.001887482,0.31740411,154,332.6,0.7113408,0.34,strong
[O-]C(=O)c1ccc(cc1)c1nc(c2ccc(cc2)C(=O)[O-])c(nc1c1ccc(cc1)C(=O)[O-])c1ccc(cc1)C(=O)[O-].[OH]12[Hf]34[OH]5[Hf]62[OH]2[Hf]71[OH]4[Hf]14[OH]3[Hf]35[OH]6[Hf]2([OH]71)[OH]43,9.19603,6.9911,9.0482,1.13298,4760.33,0.7,0.61784,Hf,0.575636192,0.02007292,0.632615703,0.032326482,0.672783537,0.037159734,0.000971473,0.286996104,276,496.7,0.7929859,0.73,strong
[Mn][OH2][Mn][OH2][Mn].[O-]C(=O)c1ccc(cc1)c1cc(c2ccc(cc2)C(=O)[O-])c2c3c1ccc1c3c(cc2)c(cc1c1ccc(cc1)C(=O)[O-])c1ccc(cc1)C(=O)[O-],5.9032,5.31291,5.81174,1.03368,1374.18,0.549,0.531111,Mn,0.916729862,0.032656107,1.033336895,0.065352838,1.087673746,0.078569773,0.001709439,0.414276575,157,402.8,0.60619766,0.703076923,strong
[Eu][Eu].[O-]C(=O)c1c(F)c(F)c(c(c1F)F)C(=O)[O-],3.56221,2.92578,3.56221,1.91618,817.397,0.3436,0.179315,Eu,0.719285057,0.013335542,0.805933489,0.028379323,0.864997281,0.031443587,0.001457122,0.286745824,188,355.3,0.881459,0.77962963,none
[O-]C(=O)c1cc(NC2=NC(=[N]=C([N]2)Nc2cc(cc(c2)C(=O)[O-])C(=O)[O-])Nc2cc(cc(c2)C(=O)[O-])C(=O)[O-])cc(c1)C(=O)[O-].[Tb]O[Tb],16.50327,4.60014,16.50327,1.07791,6909.6,0.6498,0.602836,Tb,0.716608478,0.017085358,0.805997295,0.034158062,0.852057976,0.036351597,0.001354495,0.31748134,474,377.6,0.7310402,0.86,superstrong_high_loading
[In].[O-]C(=O)c1ccc(cn1)C(=O)[O-],8.735,3.2117,8.735,1.17906,2274.37,0.6048,0.512952,In,0.752660977,0.015546207,0.849479231,0.031840984,0.897176453,0.035942443,0.001445155,0.327301385,186,383.6,0.770825,0.444807692,weak
unknown,5.54173,4.71878,5.54173,1.61459,780.494,0.5614,0.347704,Sm,0.569860047,0.009495562,0.629823739,0.013055363,0.657575438,0.014781132,0.000877154,0.312082542,64,378,0.80569994,0.5905,none
unknown,8.01344,5.36531,7.99706,1.00781,2758.53,0.583,0.578481,Mn,0.835509855,0.038934704,0.922910816,0.067406618,1.003516906,0.073750136,0.001680071,0.332621179,268,319,0.84490204,0.65,strong
[Co].[nH]1[n-]cc(c1)C1=C2C=CC3=[N]2[Co]24n5c1ccc5C(=C1[N]2=C(C=C1)C(=c1n4c(=C3c2c[n-][nH]c2)cc1)c1c[n-][nH]c1)c1c[n-][nH]c1,9.0054,8.27549,9.0054,0.964305,2864.01,0.6022,0.624491,Co,0.840116765,0.039924438,0.938781261,0.068742487,1.018594558,0.076687058,0.001784778,0.307825253,264,340.5,0.8909774,0.81,weak
[Co].[nH]1[n-]cc(c1)C1=C2C=CC3=[N]2[Mn]24n5c1ccc5C(=C1[N]2=C(C=C1)C(=c1n4c(=C3c2c[n-][nH]c2)cc1)c1c[n-][nH]c1)c1c[n-][nH]c1,9.05169,8.30105,9.04046,0.953476,2947.69,0.6164,0.646477,"Co,Mn",0.84624233,0.039753633,0.946123207,0.06778065,1.02624448,0.076691422,0.001800022,0.309529145,264,319.4,0.8939305,0.77,weak
Nn1c(nnc1c1ccncc1)c1ccncc1.[O-]C(=O)c1ccc(cc1)N(c1ccc(cc1)C(=O)[O-])c1ccc(cc1)C(=O)[O-].[Zn],7.64152,3.58966,7.64152,1.12818,1955.18,0.5614,0.497614,Zn,0.866072913,0.030642354,0.971729908,0.059603473,1.027977893,0.073815922,0.00161905,0.388592812,222,402,0.8998463,0.56,weak
Nn1c(nnc1c1cccc(c1)c1ccncc1)c1cccc(c1)c1ccncc1.[Cd],4.95702,4.0645,4.95441,1.10193,2746.17,0.51,0.462824,Cd,0.894369971,0.049836292,1.001413598,0.094133244,1.051920817,0.097268101,0.001575508,0.431140176,388,344.1,0.91669774,0.91,weak
[Cd].[O-]C(=O)c1c(cccc1C(=O)[O-])c1cc(cc(c1)C(=O)[O-])C(=O)[O-],4.68668,3.8035,4.68557,1.64853,1135.41,0.5114,0.310215,Cd,0.635071976,0.011052517,0.709291762,0.024754989,0.751327365,0.027204028,0.001162554,0.29166984,128,370.5,0.94277525,0.587104072,superstrong_high_loading
[O-]C(=O)c1ccc(cc1)N(c1ccc(cc1)C(=O)[O-])c1ccc(cc1)C(=O)[O-].[Zn][O]([Zn])([Zn])[Zn],11.61707,9.67324,11.61707,0.537621,10297.5,0.8122,1.51073,Zn,0.789742323,0.030088906,0.865912626,0.049469996,0.927091465,0.060145609,0.001373491,0.380193475,340,398.6,0.5185913,0.43,weak
F[Co].[Co].[O-]C(=O)c1ccc(cc1)C1=NC(=[N]=C([N]1)c1ccc(cc1)C(=O)[O-])c1ccc(cc1)C(=O)[O-].[O]S(=O)(=O)[O].n1ccc(cc1)C1=NC(=[N]=C([N]1)c1ccncc1)c1ccncc1,8.18299,7.27755,8.16643,0.733345,9428.39,0.717,0.977712,Co,0.853186807,0.031494923,0.963169172,0.044943082,1.031639936,0.062834073,0.001784531,0.324746021,516,355.4,0.92296505,0.89,none
[Ni].[O-]C(=O)c1cc(ccc1c1cc(nc(c1)c1ccncc1)c1ccncc1)C(=O)[O-],6.2418,3.78915,6.23908,1.02529,1644.35,0.559,0.545211,Ni,0.900458357,0.033401531,1.031691339,0.049136605,1.087682453,0.069262591,0.001872241,0.351326384,176,372.9,0.5759447,0.72,strong
CC1=NN=C[N]1.[O-]C(=O)c1sc2c(c1C)c(c(s2)C(=O)[O-])C.[Zn].[Zn][Zn],10.63464,9.46333,10.63464,0.867138,3705.81,0.6706,0.773348,Zn,0.840844956,0.023713859,0.920459295,0.041753018,1.008662966,0.038701107,0.00167818,0.335959374,224,296.6,0.8854177,0.572909311,unknown
[Eu].[O-]C(=O)C1=C[C](NC=C1)c1cc(cc(c1)C(=O)O)C(=O)[O-].[O-]C(=O)C1=C[C](NC=C1)c1cc(cc(c1)C(=O)[O-])C(=O)[O-],4.79775,3.32692,4.73886,1.45236,3084.68,0.4662,0.320994,Eu,0.800010216,0.021613118,0.89573046,0.047475547,0.943125394,0.05085697,0.001431152,0.378718899,464,362.5,0.9277804,0.65,none
unknown,9.61011,3.8556,9.61011,0.815754,1215.12,0.6312,0.773762,Ni,0.947207989,0.058898048,1.049005966,0.110964303,1.121213639,0.109403927,0.001740056,0.43012276,111,370.6,0.4262092,0.87,weak
[Eu].[O-]C(=O)c1cc(cc(c1)C(=O)[O-])c1ccc(cc1)c1cc(cc(c1)C(=O)[O-])C(=O)[O-],6.5852,5.36564,6.5852,1.12353,1603.54,0.6534,0.581558,Eu,0.648905579,0.013855369,0.728233264,0.024904955,0.767995469,0.031779647,0.001190899,0.298230158,100,435.2,0.29697758,0.71,none
[Eu].[O-]C(=O)c1ccc(c2c1nsn2)C(=O)[O-].[O-]C=O,5.5303,3.77942,5.5303,1.83907,1154.85,0.4602,0.250235,Eu,0.618395165,0.008733307,0.679695881,0.017919776,0.729642913,0.018795725,0.001112477,0.286544205,150,388.2,0.7940426,0.83,none
Cl[Co].[Co].[O-]C(=O)c1cc(cc(c1)C(=O)[O-])C(=O)[O-].n1ccc(cc1)C1=NC(=[N]=C([N]1)c1ccncc1)c1ccncc1,5.16671,2.46687,5.15211,1.29727,2237.45,0.4436,0.341948,Co,0.888584766,0.027770059,1.004509161,0.057549352,1.055030031,0.069874273,0.001664453,0.400149557,372,315,0.68973994,0.748,weak
unknown,7.79568,4.2915,7.77506,1.17296,8762.38,0.5522,0.470775,"In,Cu",0.88485676,0.041056247,0.972824478,0.063422181,1.06820948,0.049446307,0.001833527,0.333562386,1088,303.8,0.9473007,0.807692308,strong
[Cd].[O-]C(=O)C1CCC(CC1)C(=O)[O-].c1ccc2c(c1)c(c1ccncc1)c1c(c2c2ccncc2)cccc1,4.12612,2.89726,4.00438,1.19099,851.606,0.4966,0.416964,Cd,0.898006577,0.04737129,0.986278887,0.084948151,1.053335686,0.092954603,0.001553291,0.435555169,130,338.2,0.13064873,0.840045455,strong
[Cd].[O-]C(=O)C1CCC(CC1)C(=O)[O-],6.38494,5.50156,6.38494,1.14817,2621.93,0.4784,0.416663,Cd,0.94255468,0.0461326,1.050559547,0.079733755,1.133104053,0.085751236,0.001905494,0.375149955,428,unknown,unknown,unknown,weak
unknown,9.03512,4.93908,9.03512,0.763129,1485.73,0.6354,0.832625,Zn,0.961913387,0.055128445,1.058163876,0.104693734,1.118585315,0.104156716,0.001566719,0.497869111,127,342.1,0.3156643,0.84,weak
[O-]C(=O)c1cc(C(=O)[O-])c(cc1C(=O)[O-])C(=O)[O-].[Zn],11.5324,10.59043,11.52767,0.884379,2682.04,0.7058,0.798074,Zn,0.751589392,0.014089442,0.836780001,0.019109198,0.893815934,0.020826039,0.001422265,0.329602212,128,340.7,0.72013205,0.7525,weak
[O-]C(=O)c1cc(C(=O)[O-])c(cc1C(=O)[O-])C(=O)[O-].[Zn],11.52485,10.58653,11.52485,0.88444,2679.58,0.7052,0.797341,Zn,0.748481108,0.01487383,0.83605482,0.020065117,0.892560178,0.022124338,0.001440791,0.321421955,128,340.7,0.7195293,0.7525,weak
[O-]C(=O)c1cc(C(=O)[O-])c(cc1C(=O)[O-])C(=O)[O-].[Zn],11.5279,10.58511,11.5279,0.885418,2677.38,0.7054,0.796686,Zn,0.750226352,0.014779049,0.835074997,0.020464614,0.891904348,0.022341366,0.00141678,0.329862243,128,340.7,0.7198714,0.7525,weak
[O-]C(=O)c1ccc(c(c1)N)[O].[Y][OH]1[Y]2[OH]([Y]1[OH]2[Y])[Y],6.59775,3.98138,5.09316,1.40692,1686.17,0.5094,0.362067,Y,0.773861937,0.022035902,0.887554441,0.036338102,0.922433364,0.046548264,0.001485714,0.34128325,214,344.2,0.9832299,0.711538462,none
unknown,9.02884,8.45462,9.02884,1.1317,2283.19,0.5794,0.511974,Eu,0.781495694,0.022892972,0.875841293,0.048257635,0.925268633,0.057362066,0.001437729,0.357663254,220,417.4,0.751857,0.94,none
unknown,5.58976,4.00608,4.94187,0.967358,2081.71,0.6018,0.622107,Zn,0.88699492,0.030247458,0.987718115,0.057942554,1.05598982,0.071208602,0.001689949,0.385418803,192,322.8,0.80307055,0.433840313,weak
[O-]C(=O)c1cccc(c1)C(=O)[O-].[Zn][OH]1[Zn][OH]([Zn]21[OH]([Zn])[Zn][OH]2[Zn])[Zn],7.34133,6.06347,7.27707,1.16393,1279.15,0.5936,0.509996,Zn,0.782840926,0.01722467,0.882609135,0.030161764,0.924669427,0.0408954,0.001418285,0.366973411,111,348.7,0.72385365,0.342404762,weak
[Eu][Eu].[O-]C(=O)c1cc(c2ccc(cc2)c2ccccc2C(=O)O)c(cc1c1ccc(cc1)c1ccccc1C(=O)O)C(=O)[O-].[O-]C(=O)c1cc(c2ccc(cc2)c2ccccc2C(=O)[O-])c(cc1c1ccc(cc1)c1ccccc1C(=O)[O-])C(=O)[O-],5.80341,4.80398,5.80341,1.20574,1042.54,0.535,0.44371,Eu,0.793463274,0.028153143,0.88827079,0.056090227,0.938673013,0.065609816,0.001452097,0.365234938,124,415.5,0.88545346,0.85,none
C1=NC=C2C(=CN=N2)[CH]1.N1=C[C]2C(=CN=N2)C=C1.[O-]C(=O)c1ccc(cc1)c1ccc(cc1)C(=O)[O-].[Zn],4.81973,4.21277,4.81973,1.26612,800.219,0.5024,0.396803,Zn,0.834002787,0.028416701,0.951048285,0.046435099,1.004495126,0.059832696,0.001704923,0.333125548,108,341.2,0.9082837,0.81,weak
[Cd].[O-]C(=O)c1ccc(cc1)c1c2ccccc2c(c2c1cccc2)c1ccc(cc1)C(=O)[O-],5.73766,4.86718,5.72673,1.32351,627.684,0.473,0.357384,Cd,0.829094511,0.033519556,0.927712673,0.067588283,0.97738673,0.076604824,0.001482922,0.392375205,98,423.5,0.93083787,0.477104072,strong
[O-]C(=O)c1ccc(cc1)C1=C(SC(=C2SC(=C(S2)c2ccc(cc2)C(=O)[O-])c2ccc(cc2)C(=O)[O-])S1)c1ccc(cc1)C(=O)[O-].[U],8.58792,5.46645,8.58331,1.06552,6075.86,0.651,0.610971,U,0.638331774,0.015989211,0.713012595,0.033424469,0.748700615,0.044566772,0.001103688,0.31372405,380,401.6,0.27371663,0.64,none
[Cu].[O]S(=O)(=O)[O].c1nc2c([nH]1)cc1c(c2)[nH]cn1,4.5322,3.65669,4.52968,1.71659,1146.16,0.3732,0.217408,Cu,0.838548291,0.025005233,0.940627514,0.042138438,1.000580007,0.051243895,0.001620317,0.35947426,264,358.1,0.7720894,0.76,none
unknown,6.95089,5.18804,6.95089,1.03506,1580.59,0.5954,0.575232,Co,0.852442372,0.027144326,0.953120167,0.053406895,1.008669084,0.063183152,0.001562267,0.391283717,146,302.7,0.9252528,0.78,strong
[O-]C(=O)c1ccc(c2c1cccc2)C(=O)[O-].[Zn].[Zn]I.c1ncn(c1)c1cc(cc(c1)n1cncc1)n1cncc1,5.82322,4.02198,5.80498,1.40463,1681.49,0.497,0.353831,Zn,0.750714935,0.024343399,0.837630569,0.051711089,0.885527233,0.061424117,0.001348123,0.352781205,230,378.4,0.66255486,0.582,strong
[Fe].[O-]C(=O)c1ccc(cc1)C(=O)[O-].[OH],5.68425,5.34475,5.68425,1.17541,383.647,0.573,0.487488,Fe,0.841425822,0.025038141,0.941989955,0.036707307,1.004862467,0.046394042,0.001634366,0.357397824,38,396.7,0.5445995,0.47,weak
[Fe][O]([Fe])[Fe].[O-]C(=O)c1ccc(cc1)C(=O)[O-],8.56951,7.78371,8.56951,0.758444,2136.21,0.7218,0.951685,Fe,0.825521008,0.030175332,0.882040565,0.045771677,0.961261981,0.061808264,0.00135741,0.414514444,104,314.4,0.6942153,0.298,weak
[O-]C(=O)c1cc(cc(c1)C(=O)[O-])N1C(=O)c2ccc3c4c2c(C1=O)ccc4C(=O)N(C3=O)c1cc(cc(c1)C(=O)[O-])C(=O)[O-].[O]12[Zr]34[O]5[Zr]62[O]2[Zr]71[O]4[Zr]14[O]3[Zr]35[O]6[Zr]2([O]71)[O]43,9.83426,7.01492,9.83426,1.0669,6001.95,0.6668,0.624987,Zr,0.722098882,0.014152034,0.779105358,0.016512443,0.829446657,0.019978262,0.001073478,0.401166417,336,380.1,0.8446249,0.92,none
[Cd].[O-]C(=O)c1ccc(cc1)c1ccc(cc1)C(=O)[O-].c1ccc2c(c1)c(C=Cc1ccncc1)c1c(c2C=Cc2ccncc2)cccc1,7.47477,4.74925,7.46751,1.02792,2695.86,0.566,0.550627,Cd,0.883276147,0.042592058,0.97758156,0.083053332,1.034066372,0.090476568,0.001507902,0.437208906,308,441.6,0.15936127,0.68,weak
Cl[Co].[Co].[O-]C(=O)c1ccc(cc1)C(=O)[O-],5.65303,3.7818,5.64071,1.18193,1145.78,0.551,0.466185,Co,0.792787118,0.016509458,0.884455421,0.037445522,0.914693408,0.044097601,0.001219063,0.437306633,106,286.7,0.33973938,0.32,strong
[Co].[O-]C(=O)c1ccc(cc1)C(=O)[O-],6.83432,5.57074,6.68119,0.944958,1848.48,0.6312,0.667966,Co,0.842335915,0.020444222,0.936126576,0.039198648,0.99040526,0.051646243,0.001480693,0.404713206,134,299.3,0.7263682,0.201,weak
[O-]C(=O)c1ccc(cc1)Oc1ccc(cc1)C(=O)[O-].[Zn],4.91763,3.38676,4.91763,1.31432,681.652,0.4262,0.324275,Zn,0.910400655,0.036700217,1.021027059,0.071392107,1.078546741,0.083271839,0.001681461,0.414813518,130,408.4,0.59145176,0.544642857,strong
[Co].[O-]C(=O)c1ccc(cc1)CN(Cc1ccc(cc1)C(=O)[O-])Cc1ccc(cc1)C(=O)[O-].c1ncn(c1)Cc1ccc(cc1)Cn1cncc1,5.58733,4.22769,5.57213,1.11602,1911.75,0.5148,0.461283,Co,0.941929348,0.044210641,1.029903428,0.082288705,1.092103387,0.088972647,0.00150174,0.495702916,266,279.1,0.74831986,0.71,weak
O=C(c1ccccc1OCC(c1ccncc1)(COc1ccccc1C(=O)NCc1ccccc1)COc1ccccc1C(=O)NCc1ccccc1)NCc1ccccc1.[Eu],5.17376,4.04652,5.17376,1.32329,2578.97,0.4472,0.337944,Eu,0.927129927,0.040316507,1.023089845,0.081122316,1.078487003,0.090609548,0.001513571,0.479819156,480,326.3,0.42928874,0.6,weak
O=C(c1ccccc1OCC(c1ccncc1)(COc1ccccc1C(=O)NCc1ccccc1)COc1ccccc1C(=O)NCc1ccccc1)NCc1ccccc1.[Gd],4.94344,3.73164,4.9398,1.36943,2419.58,0.4322,0.315606,Gd,0.928227132,0.037527846,1.050479802,0.055595636,1.117328932,0.066965304,0.001891018,0.370155656,480,345.5,0.48176518,0.57,weak
O=C(c1ccccc1OCC(c1ccncc1)(COc1ccccc1C(=O)NCc1ccccc1)COc1ccccc1C(=O)NCc1ccccc1)NCc1ccccc1.[Tb],5.17025,3.9894,5.15956,1.33951,2563.19,0.4472,0.333854,Tb,0.921238832,0.040674382,1.019623961,0.077534434,1.074431225,0.087826568,0.001531924,0.468924634,480,336.1,0.44899595,0.52,weak
unknown,10.91406,7.38918,10.63182,0.660714,10678.5,0.7678,1.16208,Cu,0.727299445,0.010922884,0.78273805,0.018633581,0.866612879,0.021174096,0.001393134,0.304619771,320,290.8,0.6924562,0.41,weak
[Cu][Cu].[O-]C(=O)c1sc2c(c1)sc1c2sc(c1)C(=O)[O-],10.10848,6.63048,9.68204,0.734411,9469.32,0.7568,1.03049,Cu,0.724382855,0.009264067,0.779431956,0.017465963,0.864239715,0.019767513,0.001398569,0.299852496,320,288.7,0.57636166,0.505,weak
[Cu][Cu].[O-]C(=O)c1sc2c(c1)sc1c2sc(c1)C(=O)[O-],9.89179,6.29899,9.79652,0.76565,8950.95,0.7458,0.974075,Cu,0.724731717,0.00848116,0.781889401,0.017498306,0.863099826,0.0216991,0.001383681,0.305618602,320,289,0.531313,0.595,weak
[Cu][Cu].[O-]C(=O)c1sc2c(c1)sc1c2sc(c1)C(=O)[O-],10.0902,6.63297,10.0902,0.73336,9462.84,0.7552,1.02978,Cu,0.726662316,0.008608875,0.778187266,0.017264793,0.862537491,0.021288153,0.001358752,0.313565907,320,288.3,0.5844887,0.505,none
[Cu][Cu].[O-]C(=O)c1sc2c(c1)sc1c2sc(c1)C(=O)[O-],10.21966,6.55562,10.20043,0.728598,9570.1,0.7588,1.04145,Cu,0.725201721,0.008624724,0.777870563,0.018301561,0.862857993,0.021111322,0.001376563,0.306846473,320,288.7,0.60344094,0.505,weak
[Cu][Cu].[O-]C(=O)c1sc2c(c1)sc1c2sc(c1)C(=O)[O-],9.88617,6.47167,9.77261,0.753447,9122.75,0.748,0.992771,Cu,0.724583931,0.008384005,0.780487855,0.018262118,0.86308453,0.021463916,0.001385006,0.304633346,320,289,0.5474463,0.585,weak
[Cu][Cu].[O-]C(=O)c1sc2c(c1)sc1c2sc(c1)C(=O)[O-],10.1444,6.43902,9.97327,0.734269,9438.61,0.7542,1.02714,Cu,0.723545344,0.008769914,0.776435511,0.017568889,0.861749101,0.021258257,0.001382038,0.303530171,320,289.3,0.5892761,0.505,unknown
unknown,4.66251,2.86946,4.66251,1.52682,839.074,0.4342,0.284381,Cd,0.782882419,0.022354644,0.874885932,0.04992059,0.929038448,0.060392914,0.00146156,0.350722834,146,362.1,0.26391566,0.403,strong
unknown,6.41087,5.7038,6.40946,1.2959,2362.42,0.5188,0.400339,Cd,0.778366616,0.024139959,0.868570304,0.049223357,0.919051998,0.058122117,0.001406854,0.362930805,292,342.4,0.19313276,0.668313955,strong
O=C1N(c2ccncc2)C(=O)c2c3c1cc(Cl)c1c3c(c(c2)Cl)c2c3c1c(Cl)cc1c3c(cc2Cl)C(=O)N(C1=O)c1ccncc1.[O-]C(=O)c1ccc2c(c1)ccc(c2)C(=O)[O-].[Zn][Zn],8.32876,5.6982,8.19477,0.925547,2830.43,0.6354,0.686513,Zn,0.833102464,0.01976754,0.945578833,0.030751604,1.016668059,0.045667141,0.001835656,0.289303538,208,349.1,0.8354281,0.52050698,weak
O=C1C(=O)C(=C1Nc1cccc(c1)C(=O)[O-])Nc1cccc(c1)C(=O)[O-].[Cd].n1ccc(cc1)c1ccncc1,5.68434,2.48875,5.68434,1.33111,713.684,0.4622,0.34723,Cd,0.848904647,0.031055976,0.94753751,0.062069702,0.999039001,0.07111492,0.001501344,0.406356816,114,334,0.62673795,0.713008812,strong
[O-]C(=O)c1ccc(cc1)c1ccc(cc1)C(=O)[O-].[Zn].[Zn][Zn].n1ccc(cc1)c1ccc(cc1)N(c1ccc(cc1)c1ccncc1)c1ccc(cc1)c1ccncc1,4.58326,2.85966,4.42279,1.29542,2449.66,0.4392,0.33904,Zn,0.922242414,0.041891523,1.024153869,0.080493113,1.081372304,0.092398497,0.001591299,0.452301581,460,339.6,0.8486161,0.488,weak
[Eu].[O-]C(=O)CN(C1=NC(=[N]=C([N]1)N(CC(=O)[O-])CC(=O)[O-])N(CC(=O)[O-])CC(=O)[O-])CC(=O)[O-],4.67431,4.24797,4.67431,1.62579,1649.38,0.5228,0.321567,Eu,0.650710117,0.018019082,0.72225936,0.015707148,0.786234179,0.014301009,0.001355241,0.245400334,188,403.9,0.9371227,0.94,none
[Ce].[O-]C(=O)c1ccc(cc1)C(c1ccc(cc1)C(=O)[O-])(c1ccc(cc1)C(=O)[O-])c1ccc(cc1)C(=O)[O-],8.48415,4.23162,8.45452,0.896589,1530.49,0.6532,0.728539,Ce,0.789752465,0.032175759,0.879691144,0.049176738,0.937983149,0.061178837,0.001482307,0.350334861,108,464,0.19027749,0.847692308,weak
unknown,7.35844,4.57036,7.21783,1.20491,1317.65,0.653,0.54195,Tb,0.576044058,0.011588337,0.642755039,0.020259756,0.685126176,0.023793284,0.001090821,0.252854339,76,447.8,0.13017607,0.758888889,none
[Co].[O-]C(=O)c1ccnc(c1)C(=O)[O-].[OH],3.7377,3.51969,3.73502,1.8299,392.76,0.4,0.218592,Co,0.77886499,0.016377588,0.856911257,0.032411165,0.910750204,0.037576494,0.001318852,0.387243898,74,400.9,0.9255205,0.793333333,weak
[Co].[O-]C(=O)c1ccnc(c1)C(=O)[O-].[OH],5.22943,4.83593,5.22943,1.59196,531.823,0.4712,0.295988,Co,0.782148729,0.015577341,0.8630586,0.027533085,0.925794349,0.031621364,0.001436456,0.354240893,74,412.9,0.8921198,0.793333333,weak
unknown,6.01017,3.68771,5.69247,1.09022,2530.28,0.522,0.478801,"Cu,Mn",0.954910798,0.043174042,1.038797684,0.086894493,1.098219086,0.092277048,0.001433083,0.529063519,340,361.7,0.7742091,0.703888889,strong
unknown,7.34353,5.39916,7.34353,0.986844,3048.11,0.5692,0.576788,"Cu,Mn",0.962788721,0.043487233,1.067610208,0.069690718,1.174824369,0.063297688,0.002120356,0.326283,340,345.2,0.68235147,0.703888889,weak
[Eu].[O-]C(=O)c1cc(NCc2c3ccccc3cc3c2cccc3)cc(c1)C(=O)[O-],5.5734,3.54569,5.56883,1.15355,2259.5,0.5558,0.481815,Eu,0.819703141,0.031625785,0.907891476,0.066917641,0.956525643,0.075182586,0.001368225,0.415827994,262,355.1,0.86535,0.9,none
[Al].[O-]C(=O)c1cc(cc(c1)C(=O)[O-])c1cc(cc(c1)C(=O)[O-])C(=O)[O-].[OH],7.02998,6.83304,7.02998,1.04921,759.884,0.5796,0.552414,Al,0.919159162,0.023152328,1.03622501,0.040598128,1.096281633,0.04294266,0.001771225,0.397293286,72,369.6,0.5046145,0.74,weak
[Mg].[O-]C(=O)c1ccc(cc1)NC1=NC(=[N]=C([N]1)Nc1ccc(cc1)C(=O)[O-])Nc1ccc(cc1)C(=O)[O-].[O-]C=O,11.09168,5.45555,11.09168,0.711622,6953.9,0.6868,0.965119,Mg,0.932858544,0.03078784,1.055400451,0.061161677,1.130279415,0.070968209,0.001974209,0.348539747,436,389.3,0.7653122,0.28,weak
F[Ni].[O-]C(=O)c1ccc(cc1)C1=NN=N[N]1.n1ccc(cc1)c1ccncc1,6.8055,6.19081,6.8055,1.1092,1095.44,0.5578,0.502886,Ni,0.872087286,0.036311692,0.973840275,0.068257286,1.021365294,0.074855149,0.00149278,0.433291258,124,314.7,0.9572638,0.690205128,unknown
[In].[O-]C(=O)c1ccc(cc1)N(c1ccc(cc1)C(=O)[O-])c1ccc(cc1)c1ccc(cc1)N(c1ccc(cc1)C(=O)[O-])c1ccc(cc1)C(=O)[O-],8.37885,6.95387,8.37885,0.714631,4964.52,0.6888,0.963854,In,0.85663439,0.040117748,0.950552713,0.068208955,1.007684938,0.077117592,0.001510505,0.409613758,300,369.7,0.7360531,0.56,strong
[In].[O-]C(=O)c1ccc(cc1)N(c1c(C)cc(cc1C)c1cc(C)c(c(c1)C)N(c1ccc(cc1)C(=O)O)c1ccc(cc1)C(=O)[O-])c1ccc(cc1)C(=O)[O-],9.69778,7.05768,9.69778,0.737421,5129.46,0.684,0.927557,In,0.914544035,0.044432855,1.005335334,0.087535866,1.060077928,0.091260789,0.001455339,0.483950471,352,360.6,0.77318156,0.43,weak
unknown,9.62876,6.94212,9.62807,0.745389,4908.44,0.6616,0.88759,In,0.911510312,0.045516359,1.004197856,0.088011132,1.059332122,0.090944497,0.001478218,0.474303758,352,361.3,0.77515054,0.42,weak
unknown,9.71385,7.00232,9.71217,0.734468,5121.47,0.6802,0.926112,In,0.915246844,0.046253646,1.006170329,0.087396135,1.060682319,0.091363109,0.001454355,0.485009005,352,360.3,0.7725929,0.43,weak
unknown,5.71083,4.42994,5.71083,1.50732,747.649,0.4502,0.298677,Er,0.79152628,0.029468719,0.893071544,0.045251114,0.964102111,0.052570377,0.001725758,0.27888457,132,391.7,0.8702051,0.65,superstrong_high_loading
O=C1c2cc(ccc2-c2c1cc(cc2)c1ccncc1)c1ccncc1.[O-]C(=O)c1ccc(cc1)c1ccc(cc1)C(=O)[O-].[Zn][Zn],7.11267,3.81215,7.09459,1.04643,2530.76,0.5622,0.537254,Zn,0.895923023,0.034928807,1.004516891,0.067532012,1.053798048,0.080988601,0.00157875,0.432183406,282,478.8,0.8795309,0.562301852,weak
[O-]C(=O)c1ccc(cc1)C(=O)[O-].[Zn],4.69991,3.41327,4.69991,1.20811,598.465,0.4614,0.38192,Zn,0.987368187,0.048442537,1.0854095,0.086503972,1.131134143,0.092157914,0.00143766,0.564789752,106,332.5,0.8371761,0.587910304,strong
[O-]C(=O)c1cc([O])c(cc1[O])C(=O)[O-].[Zn].n1ccc(cc1)C=Cc1ccncc1,7.14455,4.72838,7.14455,1.08378,1965.17,0.625,0.576686,Zn,0.791630491,0.014768695,0.884517289,0.031937098,0.936110508,0.040714417,0.0014448,0.365072704,152,350.5,0.7030028,0.48656682,strong
[O-]C(=O)c1cc(cc(c1)C(=O)[O-])c1cc(cc(c1)C(=O)[O-])C(=O)[O-].[OH].[Sc],7.29761,7.13277,7.29761,1.01537,881.625,0.5988,0.589733,Sc,0.883611271,0.009704327,0.978878911,0.01321494,1.082091172,0.014950501,0.001984799,0.286847463,72,448.5,0.9165088,0.63,weak
O=C1NC(=O)C2=NC=[N]=C2[N]1.O=C1NC(=O)N=C2[C]1N=C[N]2.O=C1NC(=O)[C]2C(=NC=N2)[N]1.[O-]C(=O)c1ccc(cc1)c1ccc(cc1)C(=O)[O-].[Zn][O]1[Zn][O]([Zn]1)[Zn],9.49982,6.32548,9.49982,0.891096,8849.54,0.7118,0.798792,Zn,0.738980638,0.014719202,0.82087463,0.027148734,0.876395724,0.036834419,0.001374151,0.331130863,464,403.4,0.8349001,0.482,strong
[O-]C(=O)CN(C1=NC(=[N]=C([N]1)N1CCN(CC1)C1=NC(=[N]=C([N]1)N(CC(=O)[O-])CC(=O)[O-])N(CC(=O)[O-])CC(=O)[O-])N(CC(=O)[O-])CC(=O)[O-])CC(=O)[O-].[Zn].n1ccc(cc1)C1=NC(=[N]=C([N]1)c1ccncc1)c1ccncc1,4.84734,3.33854,4.84585,1.49396,1540.46,0.4208,0.281668,Zn,0.884537142,0.029778513,0.985250402,0.055384094,1.043653298,0.064821077,0.001591162,0.414240403,308,354.5,0.7402494,0.6,superstrong_high_loading
[O-]C(=O)c1ccc(cc1)C(=O)[O-].[Sc],3.96948,3.00871,3.9611,1.24223,764.01,0.4908,0.395096,Sc,0.897164543,0.026721644,1.012478298,0.041663938,1.075513391,0.058072096,0.001783488,0.370831108,100,528.8,0.89752144,0.196,weak
[O-]C(=O)c1ccc(cc1)C(=O)[O-].[Sc],3.96193,2.99976,3.90055,1.24405,763.205,0.491,0.39468,Sc,0.895242378,0.026390805,1.011381661,0.043106712,1.075408147,0.057780897,0.001801658,0.363430533,100,529.1,0.8980266,0.196,weak
[O-]C(=O)c1ccc(cc1)C(=O)[O-].[Sc],3.98093,3.00464,3.91067,1.24179,764.592,0.491,0.395397,Sc,0.896195885,0.026551387,1.013864702,0.041435221,1.076327063,0.057894995,0.001801312,0.365003426,100,529,0.89808905,0.196,weak
[O-]C(=O)c1ccc(cc1)C(=O)[O-].[Sc],3.9837,3.00472,3.78557,1.24158,765.657,0.4916,0.395948,Sc,0.896429618,0.026327864,1.01258546,0.041200352,1.076128948,0.057861951,0.001796993,0.366100349,100,529.8,0.89927995,0.196,weak
[O-]C(=O)c1ccc(cc1)C(=O)[O-].[Sc],3.96899,2.9981,3.9586,1.24421,762.796,0.4908,0.394469,Sc,0.896850455,0.02623964,1.011802455,0.042983162,1.072236554,0.05776203,0.001753861,0.379778475,100,528.7,0.8975059,0.196,weak
[O-]C(=O)c1ccc(cc1)C(=O)[O-].[Sc],3.98646,2.99827,3.96313,1.24511,764.106,0.492,0.395146,Sc,0.896508862,0.025998293,1.009654181,0.042557141,1.074261059,0.057404727,0.001777522,0.371342007,100,528.6,0.8975927,0.196,weak
[O-]C(=O)c1ccc(cc1)C(=O)[O-].[Sc],3.9617,3.00417,3.52868,1.24332,763.029,0.4906,0.394589,Sc,0.896476057,0.026474395,1.014036757,0.041933442,1.075944523,0.058135426,0.001794685,0.367346146,100,531.3,0.90130377,0.196,weak
[O-]C(=O)c1ccc(cc1)C(=O)[O-].[Sc],3.96442,3.00412,3.90615,1.24295,763.569,0.4908,0.394868,Sc,0.896516338,0.026512903,1.012697476,0.041870426,1.075876824,0.057793042,0.001793605,0.367268513,100,529.1,0.8980044,0.196,weak
[O-]C(=O)c1ccc(cc1)C(=O)[O-].[Sc],3.96965,2.99597,3.95172,1.24491,762.051,0.4906,0.394083,Sc,0.891711497,0.030059813,1.011772939,0.042165534,1.078696735,0.058041275,0.001869852,0.339612055,100,528.7,0.89756763,0.196,weak
[O-]C(=O)c1ccc(cc1)C(=O)[O-].[Sc],3.97622,3.00153,3.78663,1.24359,788.676,0.5072,0.407852,Sc,0.896532111,0.026819248,1.013539412,0.042237428,1.076075085,0.05813023,0.00179543,0.366981797,100,529.6,0.90200216,0.196,weak
[O-]C(=O)c1ccc(cc1)C(=O)[O-].[Sc],3.97414,2.99527,3.91396,1.2451,788.963,0.508,0.408001,Sc,0.896684691,0.027246291,1.010290819,0.043732711,1.074999516,0.058570642,0.001783148,0.369889783,100,528.9,0.9006136,0.196,weak
[O-]C(=O)c1ccc(cc1)C(=O)[O-].[Sc],3.96091,3.00165,3.78471,1.24458,762.257,0.4906,0.39419,Sc,0.895408193,0.026677883,1.012047059,0.042736249,1.075001961,0.057580903,0.001795938,0.365574214,100,529.9,0.8991034,0.196,weak
[O-]C(=O)c1ccc(cc1)C(=O)[O-].[Sc],3.98541,2.9976,3.80279,1.24544,786.885,0.5068,0.406926,Sc,0.896077519,0.026680769,1.011454287,0.042574278,1.074188708,0.058266574,0.001781112,0.370517677,100,529.4,0.9018854,0.196,weak
O.O=Cc1c([O])c(C=O)c(c(c1[O])C=O)[O].[Cu],8.13006,7.89447,8.13006,1.65828,598.319,0.4534,0.273415,Cu,0.791319339,0.017315301,0.898000835,0.01525584,0.987687586,0.012011148,0.001963682,0.205047055,96,179.5,0.9358665,0.5755,weak
Cl[Cu][O]([Cu](Cl)(Cl)Cl)([Cu](Cl)Cl)[Cu].Cl[Cu][O]([Cu](Cl)Cl)([Cu](Cl)Cl)[Cu]Cl.[O-]C(=O)c1ccncc1.[Sc][O]1[Sc][O]([Sc]1)[Sc],10.95157,6.03297,10.21649,0.911797,5557.42,0.7082,0.776708,"Cu,Sc",0.734739401,0.014603854,0.806980335,0.025608393,0.849534878,0.035875813,0.001147955,0.395300703,264,285.1,0.43467447,0.21,none
C=CCOc1cc(C(=O)[O-])c(cc1C(=O)[O-])OCC=C.[Nd],5.68336,4.09122,5.57391,1.12799,842.961,0.5934,0.526068,Nd,0.771880209,0.023154428,0.855067861,0.033885067,0.90244701,0.040533922,0.001305668,0.386147889,74,413.7,0.5675241,0.85,none
C=CCOc1cc(C(=O)[O-])c(cc1C(=O)[O-])OCC=C.[Ce],5.68837,4.11978,5.68837,1.1113,850.594,0.595,0.535408,Ce,0.781346923,0.023030596,0.869174486,0.034781473,0.915450306,0.040184877,0.001341034,0.385962062,74,426.4,0.5158062,0.84,none
[O-]C(=O)c1cc(cc(c1)S([O])([O])[O])C(=O)[O-].[Zn][OH][Zn].c1ncn(c1)CC(Cn1cncc1)(Cn1cncc1)Cn1cncc1,4.26643,2.55509,4.26643,1.51073,1311.16,0.41,0.271391,Zn,0.891164587,0.030953608,0.992351284,0.063223165,1.044200754,0.074334868,0.001530362,0.440278958,272,263.7,0.92481935,0.36,none
[O-]C(=O)c1cccc(c1)OCc1cc(cc(c1)C(=O)[O-])C(=O)[O-].[Zn][OH]1[Zn][OH]([Zn]1)[Zn],5.07212,3.5354,5.07139,1.60928,428.141,0.45,0.279628,Zn,0.807468058,0.02148916,0.904851767,0.043577377,0.943983887,0.052842868,0.001365158,0.407629172,72,417.1,0.6995659,0.533571429,strong
[Cu][O]1[Cu][O]([Cu]1)[Cu].[O-]C(=O)Cc1ccc(cc1)n1cnnc1,7.28525,5.71966,7.28525,1.30013,2885.36,0.5158,0.396729,Cu,0.846554591,0.033075524,0.923319038,0.058423657,0.97826538,0.061581485,0.001317108,0.455058574,392,233.4,0.85770226,0.74,none
[O-]C(=O)c1ccc(cc1)C#Cc1ccc(cc1)C(=O)[O-].[OH]1[Hf]2345[OH][Hf]6781[O]1[Hf]9%10[OH]7[Hf]7%11%12%13[O]8[Hf]8%14%15([OH]6[Hf]61[OH]9[Hf]([O]%10%12)([O]%146)[OH]%13%15)[OH][Hf]169([OH]4[Hf]4%10[O]2[Hf]2%12[OH]3[Hf]3([O]51)([O]%12[Hf]([OH]42)([O]6%10)[OH]93)([OH]7)[OH]%11)[OH]8,15.48228,8.99991,15.48228,0.837949,14748.6,0.7616,0.908886,Hf,0.636508719,0.007622549,0.718972699,0.009505215,0.784298736,0.011358289,0.0014779,0.195994992,600,420.8,0.6074228,0.61,weak
[O-]C(=O)c1ccc(cc1)C#Cc1ccc(cc1)C(=O)[O-].[OH]1[Zr]2345[OH][Zr]6781[O]1[Zr]9%10[OH]7[Zr]7%11%12%13[O]8[Zr]8%14%15([OH]6[Zr]61[OH]9[Zr]([O]%10%12)([O]%146)[OH]%13%15)[OH][Zr]169([OH]4[Zr]4%10[O]2[Zr]2%12[OH]3[Zr]3([O]51)([O]%12[Zr]([OH]42)([O]6%10)[OH]93)([OH]7)[OH]%11)[OH]8,15.6067,9.04109,15.6067,0.647064,15029.7,0.7628,1.17886,Zr,0.82662763,0.007057007,0.936728436,0.00565151,1.018125933,0.009391919,0.001914983,0.256916604,600,390.2,0.4534346,0.564,weak
O=C1N(c2cccc(c2)C(=O)[O-])C(=O)c2c3c1ccc1c3c(cc2)C(=O)N(C1=O)c1cccc(c1)C(=O)[O-].[Eu],11.19496,10.13408,11.19496,1.00282,7397.29,0.6146,0.612873,Eu,0.796015468,0.02155215,0.909696327,0.034267947,0.968340502,0.04527128,0.00172325,0.288213152,608,382.2,0.9147235,0.93,none
[O-]C(=O)c1ccc(nc1)c1ccc(cn1)C(=O)[O-].[Th],5.34946,4.5768,5.34946,1.40761,931.694,0.5512,0.391587,Th,0.674578787,0.019547052,0.754184459,0.037818664,0.792894407,0.044483087,0.001183156,0.326447881,98,276.8,0.65474325,0.49,weak
[Co][OH2][Co].[O-]C(=O)c1ccc(s1)C(=O)[O-],7.49401,5.22841,7.468,1.09924,1107.71,0.5798,0.527456,Co,0.834215504,0.01965205,0.932515404,0.044312145,0.981887604,0.05644404,0.001476721,0.399353819,102,320.5,0.92519045,0.598904762,strong
O=C(Nc1cccc2c1cccc2NC(=O)Nc1cc(cc(c1)C(=O)[O-])C(=O)[O-])Nc1cc(cc(c1)C(=O)[O-])C(=O)[O-].[Cd].c1ncn(c1)Cc1ccc(cc1)c1ccc(cc1)Cn1cncc1,4.55938,2.83126,4.55844,1.25117,894.974,0.4742,0.379004,Cd,0.889504451,0.038198516,1.011294817,0.057046189,1.078763837,0.066187154,0.001892594,0.33077985,144,346.5,0.8281463,0.73,strong
[La].[O]N1C(=O)c2ccc3c4c2c(C1=O)ccc4C(=O)N(C3=O)[O],8.46935,7.71035,8.46935,1.21149,734.732,0.616,0.508465,La,0.65797765,0.010815683,0.749279165,0.017385441,0.801383937,0.023380985,0.001434063,0.234291581,54,343.3,0.8771981,0.89,superstrong_high_loading
[O]N1C(=O)c2ccc3c4c2c(C1=O)ccc4C(=O)N(C3=O)[O].[Sm],7.15715,6.77952,7.15505,1.42856,581.77,0.5604,0.392282,Sm,0.637173053,0.012929827,0.715733402,0.01907704,0.774243069,0.022831524,0.0013707,0.229304787,54,347.5,0.88923955,0.91962963,superstrong_high_loading
[Co].[O-]C(=O)c1cc(cc(c1)n1ccnc1C)C(=O)[O-].c1ncn(c1)c1ccc(cc1)Oc1ccc(cc1)n1cncc1,4.59762,3.43271,4.59629,1.43846,787.511,0.3754,0.260974,Co,0.926092914,0.031620242,1.032685464,0.068260912,1.090861037,0.080491371,0.001647681,0.439858044,182,377.4,0.7730665,0.909655172,weak
unknown,12.80884,11.57577,12.80841,0.7669,3350.9,0.6766,0.882253,Co,0.89036431,0.024913826,1.017811955,0.034491102,1.091086142,0.047785759,0.002007218,0.297227723,210,296.1,0.9328574,0.68,strong
unknown,11.76063,10.75705,11.76063,0.782894,3232.96,0.6664,0.851201,Co,0.881428271,0.026956331,0.997334422,0.03855462,1.072392779,0.047295197,0.001909645,0.315342704,210,302.4,0.75000167,0.788571429,weak
[Cd][OH2][Cd].[O-]C(=O)c1ccc(cc1)C(=C(c1ccc(cc1)C(=O)[O-])c1ccc(cc1)C(=O)[O-])c1ccc(cc1)C(=O)[O-],5.24921,4.0351,5.23438,1.37583,1859.42,0.5154,0.374611,Cd,0.752696369,0.022885724,0.857895005,0.03929467,0.908187507,0.056775945,0.001554911,0.295373976,236,368.3,0.6754743,0.629411765,superstrong_high_loading
[Cd].[O-]C(=O)c1ccc(cc1)OCc1cc(COc2ccc(cc2)C(=O)[O-])c(cc1COc1ccc(cc1)C(=O)[O-])COc1ccc(cc1)C(=O)[O-],7.45467,6.49944,7.39678,0.972281,3135.62,0.5832,0.599826,Cd,0.892901828,0.030858616,0.996275013,0.057889228,1.052862311,0.075672334,0.001599605,0.420818028,308,402,0.5697278,0.448518519,superstrong_high_loading
[In].[O-]C(=O)C#CC(=O)[O-].[OH],6.98806,6.49312,6.98806,1.31584,808.762,0.657,0.499301,In,0.653048908,0.016733127,0.705855573,0.011528292,0.741263333,0.012558042,0.000882144,0.39130545,44,368.2,0.3773332,0.61,unknown
[In].[O-]C(=O)C#CC(=O)[O-].[OH],6.97678,6.49204,6.97409,1.31754,799.602,0.6504,0.493646,In,0.652519241,0.016738164,0.702397792,0.011997941,0.74011866,0.012102653,0.000875994,0.391747262,44,366.1,0.38777736,0.61,unknown
[Cu].[O-]C(=O)c1cccc(c1)C(=O)[O-],4.60586,3.24756,4.50719,1.2818,908.607,0.4568,0.356373,Cu,0.887748696,0.037289858,1.007314747,0.056476215,1.056360272,0.071023742,0.001686116,0.39366739,148,218.4,0.46014178,0.795333333,strong
unknown,5.74536,3.97934,5.71922,0.999745,2798.07,0.5156,0.515731,Co,1.036322448,0.054795356,1.16045922,0.077990784,1.247430546,0.0735616,0.002111081,0.409192397,404,387.2,0.81459457,0.75,none
O=C(Nc1ccncc1)Nc1ccncc1.[Cd].[O-]C(=O)c1ccc(cc1)N(c1ccc(cc1)C(=O)[O-])c1ccc(cc1)C(=O)[O-],7.42252,5.62882,7.42252,1.12437,2248.81,0.5856,0.520823,Cd,0.787380917,0.027254303,0.890709086,0.042410025,0.944041289,0.058699255,0.001566604,0.325732465,218,345.1,0.90514106,0.66,strong
CC(=N[N]C(=S)N)c1cc(cc(c1)C(=N[N]C(=S)N)C)C(=N[N]C(=S)N)C.[Cu],9.50808,7.56799,9.50416,0.505831,9542.31,0.776,1.53411,Cu,0.940543593,0.048064465,1.056695068,0.072452694,1.140449556,0.077158193,0.00199906,0.3462252,366,206.5,0.9494653,0.27,none
[Cu][Cu].[O-]C(=O)c1ccc(cc1)OCC(COc1ccc(cc1)C(=O)[O-])(COc1ccc(cc1)C(=O)[O-])COc1ccc(cc1)C(=O)[O-],7.25479,4.50685,7.23864,0.944758,3216.74,0.6186,0.654771,Cu,0.897832353,0.032810566,0.980954783,0.058585253,1.039558176,0.070993265,0.001417258,0.476741393,284,335.3,0.67243236,0.78,weak
O=C(c1ccc(cc1)C(=O)[O-])Nc1cc2ccccc2cc1NC(=O)c1ccc(cc1)C(=O)[O-].[Eu].[Eu][Eu],6.38938,4.82083,6.3348,1.23839,4454.92,0.5,0.403749,Eu,0.834131058,0.030923199,0.947398526,0.049173493,1.000875939,0.067330159,0.001667449,0.343861427,608,371.6,0.8663032,0.89,none
[Cu].n1ccc(cc1)C#CC#Cc1ccncc1,7.92582,6.11938,7.91197,0.599993,3778.96,0.7232,1.20535,Cu,0.960045182,0.045029189,1.044706938,0.077474251,1.116155568,0.096484689,0.001561104,0.493916211,196,474.8,0.37132287,0.626666667,none
[O-]C(=O)c1cc(C(=O)[O-])c(cc1C(=O)[O-])C(=O)[O-].[Zn],6.89454,5.73199,6.515,1.13491,2587.3,0.6348,0.559338,Zn,0.736215795,0.011940058,0.827409144,0.015804383,0.878737324,0.018377013,0.001425215,0.315295407,172,343.3,0.6716918,0.681785714,strong
[O-]C(=O)c1cc(C(=O)[O-])c(cc1C(=O)[O-])C(=O)[O-].[Zn],6.86755,5.68818,6.49474,1.14329,2556.2,0.6318,0.552615,Zn,0.733548566,0.013250602,0.822046875,0.016825833,0.879570767,0.018662632,0.001460222,0.300644365,172,342.8,0.6737857,0.681785714,strong
[O-]C(=O)c1cc(C(=O)[O-])c(cc1C(=O)[O-])C(=O)[O-].[Zn],6.86607,5.70218,6.49434,1.14276,2609.2,0.6446,0.564073,Zn,0.733954962,0.013025878,0.823246897,0.016667397,0.876556912,0.019258979,0.001426019,0.312146102,172,344.1,0.66690236,0.681785714,strong
[O-]C(=O)c1cc(C(=O)[O-])c(cc1C(=O)[O-])C(=O)[O-].[Zn],6.87743,5.7109,6.50186,1.14153,2565.82,0.6332,0.554694,Zn,0.734335701,0.012740069,0.822609054,0.015955386,0.875792465,0.019244345,0.001414568,0.315813734,172,343.3,0.6713151,0.681785714,strong
[O-]C(=O)c1cc(C(=O)[O-])c(cc1C(=O)[O-])C(=O)[O-].[Zn],6.88043,5.72296,6.50439,1.13981,2570.5,0.6334,0.555707,Zn,0.736530625,0.01264444,0.826132831,0.01733466,0.877309134,0.018987986,0.001407785,0.320599414,172,343.5,0.67076814,0.681785714,strong
[O-]C(=O)c1cc(C(=O)[O-])c(cc1C(=O)[O-])C(=O)[O-].[Zn],6.87194,5.69591,6.4919,1.14226,2561.75,0.6326,0.553816,Zn,0.735819847,0.012593476,0.823603003,0.016738101,0.87697041,0.019611466,0.001411506,0.318104116,172,343.1,0.67183995,0.681785714,strong
Cl[Fe]Cl.[Fe].n1ccc(cc1)c1cc(nc(c1)c1ccccn1)c1ccccn1,7.1229,4.47055,7.0376,0.865488,6948.39,0.6118,0.706884,Fe,0.898687171,0.046505137,1.016878681,0.074140138,1.082643593,0.08430637,0.001839564,0.355555678,628,375.2,0.5877531,0.736153846,weak
F[Fe](F)(F)F.F[Fe](F)F.[Fe].[O-]C(=O)c1ccc(o1)C(=O)[O-],5.81881,4.18743,5.81881,1.2805,3701.62,0.5862,0.457791,Fe,0.769678682,0.012536319,0.847635034,0.013180084,0.899038245,0.019107039,0.001293596,0.386025516,288,321.1,0.6836081,0.41,strong
C1CN2CCN1CC2.[Ni].[O-]C(=O)c1ccc(s1)C(=O)[O-],4.27518,3.53473,4.27381,1.31539,823.791,0.4784,0.363695,Ni,0.946098703,0.043730478,1.022546258,0.079430757,1.084395057,0.092779204,0.001382964,0.533642769,136,389,0.89239776,0.66,superstrong_high_loading
[Ni].[O-]C(=O)c1ccncc1N,5.38628,3.79465,5.3736,1.26015,441.343,0.503,0.399159,Ni,0.898151639,0.036599616,1.018729226,0.066716855,1.062180961,0.076468446,0.001640293,0.418917991,62,283.9,0.82437086,0.65,weak
unknown,30.35499,29.75958,30.35499,0.777976,13091.6,0.693,0.890773,Eu,0.799255416,0.031398138,0.908354023,0.049834082,0.965993128,0.06468581,0.001667377,0.307618863,804,499.2,0.93179595,0.857692308,none
[Mn].[O-]C(=O)c1cc(C(=O)[O-])c(cc1C1=NN=N[N]1)C1=NN=N[N]1,12.62081,12.40227,12.62081,0.84824,1695.73,0.7076,0.834198,Mn,0.746107161,0.009486508,0.829044244,0.013425952,0.897660008,0.017950916,0.001515528,0.293835508,78,236.4,0.91298324,0.588461538,strong
[O-]C(=O)c1cc(cc(c1)C(=O)[O-])O[C]1=[N]=[C](=[N]=[C](=[N]=1)Oc1cc(cc(c1)C(=O)[O-])C(=O)[O-])Oc1cc(cc(c1)C(=O)[O-])C(=O)[O-].[Zn].[Zn][Zn],14.34886,6.30486,14.34886,0.744623,11263,0.7478,1.00427,Zn,0.757965128,0.013171759,0.844202605,0.024270928,0.898464474,0.033560481,0.001404993,0.341796356,460,360.2,0.9636455,0.4,strong
unknown,6.32829,4.70499,6.30853,1.10199,3503.26,0.6234,0.565704,Tb,0.681324391,0.019011777,0.759565887,0.027424053,0.795591602,0.036081593,0.001142672,0.345558722,248,373,0.8457057,0.45,none
[O-]C(=O)c1ccc(cc1F)c1ccc(cc1)N(c1ccc(cc1)c1ccc(c(c1)F)C(=O)[O-])c1ccc(cc1)N(c1ccc(cc1)c1ccc(c(c1)F)C(=O)[O-])c1ccc(cc1)c1ccc(c(c1)F)C(=O)[O-].[Zn],5.82462,3.79137,5.82462,1.08589,1841,0.5514,0.507788,Zn,0.881076607,0.034242461,1.005435645,0.052458372,1.06903503,0.070048841,0.001879584,0.327327948,212,365.1,0.88919103,0.34,strong
C1=C[N]C=N1.C1=N[CH]C=N1.[Zn],6.29616,5.28591,5.76738,0.935738,3738,0.6598,0.705112,Zn,0.822307995,0.006821673,0.916569143,0.007443942,1.03439615,0.00828437,0.002120882,0.182115885,272,427.6,0.9030808,0.97,weak
C1=C[N]C=N1.C1=N[CH]C=N1.[Zn],6.18304,5.28458,5.7369,0.935738,3730.07,0.6584,0.703616,Zn,0.817207416,0.006510391,0.910139385,0.006204145,1.027376403,0.006011314,0.00210169,0.182649613,272,427.1,0.90228176,0.97,weak
C1=C[N]C=N1.C1=N[CH]C=N1.[Zn],6.28692,5.28447,5.75274,0.935738,3730.07,0.6584,0.703616,Zn,0.813758879,0.006073814,0.908011479,0.005210853,1.024616317,0.005056032,0.002108574,0.177461192,272,427.8,0.90342295,0.97,weak
C1=C[N]C=N1.C1=N[CH]C=N1.[Zn],6.34189,5.33288,6.34189,0.935738,3774.26,0.6662,0.711952,Zn,0.782043705,0.041397367,0.858203688,0.055301925,0.937753606,0.070563771,0.001557099,0.314349015,272,427.4,0.89563364,0.96,weak
C1=C[N]C=N1.C1=N[CH]C=N1.[Zn],6.18171,5.28512,5.74457,0.935738,3730.07,0.6584,0.703616,Zn,0.820412396,0.006799365,0.914821244,0.006460224,1.031428553,0.00706455,0.002110162,0.183664184,272,427.2,0.9023404,0.97,weak
C1=C[N]C=N1.C1=N[CH]C=N1.[Zn],6.28789,5.2849,5.75409,0.935738,3731.21,0.6586,0.70383,Zn,0.813544361,0.005918468,0.910181398,0.005385101,1.02494573,0.005516999,0.002114014,0.176319035,272,427.8,0.9034929,0.97,weak
C1=C[N]C=N1.C1=N[CH]C=N1.[Zn],6.29064,5.28609,5.76518,0.935738,3735.74,0.6594,0.704685,Zn,0.821442008,0.006865672,0.914073455,0.006510097,1.031903342,0.007553083,0.002104613,0.185858265,272,427.6,0.90306365,0.97,weak
C1=C[N]C=N1.C1=N[CH]C=N1.[Zn],6.3632,5.33079,6.32236,0.935738,3776.53,0.6666,0.712379,Zn,0.786151604,0.041040687,0.858393271,0.05885643,0.939182887,0.071694954,0.001530313,0.325633095,272,427.5,0.8961736,0.96,weak
C1=C[N]C=N1.C1=N[CH]C=N1.[Zn],6.30473,5.28591,5.76782,0.935738,3739.14,0.66,0.705326,Zn,0.825347345,0.007028342,0.918683818,0.007825113,1.035588791,0.008972025,0.002102414,0.190694926,272,427.6,0.90299976,0.97,weak
C1=C[N]C=N1.C1=N[CH]C=N1.[Zn],6.30272,5.28603,5.76485,0.935738,3736.87,0.6596,0.704898,Zn,0.823890015,0.006898837,0.91654165,0.007354536,1.034561742,0.008553777,0.002106717,0.187646759,272,427.6,0.90306246,0.97,weak
unknown,6.29436,5.28433,5.74914,0.935738,3731.21,0.6586,0.70383,Zn,0.81433136,0.006234534,0.909442041,0.005310395,1.025494345,0.005267754,0.00211163,0.177352132,272,427.8,0.9034999,0.97,weak
C1=C[N]C=N1.C1=N[CH]C=N1.[Zn],6.28808,5.28476,5.75315,0.935738,3731.21,0.6586,0.70383,Zn,0.814922512,0.006080689,0.909967328,0.005464983,1.025139844,0.005563856,0.002102173,0.180915896,272,427.8,0.90343463,0.97,weak
C1=C[N]C=N1.C1=N[CH]C=N1.[Zn],6.29673,5.28475,5.75131,0.935738,3731.21,0.6586,0.70383,Zn,0.817084163,0.006216772,0.912241426,0.00585524,1.029822797,0.006076054,0.002127386,0.175130908,272,427.7,0.9033829,0.97,weak
C1=C[N]C=N1.C1=N[CH]C=N1.[Zn],6.29538,5.28589,5.76534,0.935738,3736.87,0.6596,0.704898,Zn,0.822270555,0.00682518,0.91515298,0.007041679,1.03312536,0.008298266,0.002108548,0.18552448,272,427.7,0.90315175,0.97,weak
C1=C[N]C=N1.C1=N[CH]C=N1.[Zn],6.2956,5.28606,5.76642,0.935738,3735.74,0.6594,0.704685,Zn,0.820865734,0.00677001,0.915442374,0.006464111,1.032954171,0.007713664,0.002120884,0.180777903,272,427.6,0.90307325,0.97,weak
C1=C[N]C=N1.C1=N[CH]C=N1.[Zn],6.28096,5.28433,5.75173,0.935738,3731.21,0.6586,0.70383,Zn,0.81425976,0.006120102,0.908757901,0.00524463,1.024000904,0.005353759,0.002097411,0.181578855,272,427.7,0.9033736,0.97,weak
Nc1ncnc2=[N]=CN=c12.O=N(=O)c1cc(cc(c1)c1cc(ccc1C(=O)[O-])C(=O)[O-])c1cc(ccc1C(=O)[O-])C(=O)[O-].[O-]C=O.[Zn].[Zn][Zn],7.29375,4.92532,7.29375,1.04474,1547.82,0.6164,0.590005,Zn,0.82925157,0.017558675,0.927805293,0.038329127,0.976737991,0.048515294,0.001474864,0.395062481,125,358.7,0.77799976,0.724272883,unknown
[Cd].[O-]C(=O)c1ccc(cc1)C(=O)[O-],4.45924,3.41188,4.43218,1.31913,598.129,0.457,0.34644,Cd,0.905283663,0.041837107,1.011270493,0.060073106,1.084999489,0.056626909,0.001797158,0.371512492,108,284.7,0.6272123,0.489175084,strong
[La].[O-]C(=O)c1ccnc(c1)c1nccc(c1)C(=O)[O-],6.57233,5.02454,6.41515,1.06969,951.712,0.6104,0.570634,La,0.748495032,0.018424348,0.849728032,0.031704921,0.895005179,0.043862874,0.001465101,0.318290568,74,421.5,0.72678673,0.75,superstrong_high_loading
unknown,7.34563,5.80246,7.34099,1.49548,961.812,0.5412,0.361891,Eu,0.681568008,0.0223086,0.746281101,0.042437444,0.783596598,0.047728919,0.001020286,0.380048508,106,384.3,0.2817791,0.54962963,none
[O-]C(=O)CCCC(=O)[O-].[O-]C(=O)c1cnccc1C(=O)[O-].[OH2][Tb],7.28222,5.74426,7.27968,1.54132,961.72,0.5482,0.355668,Tb,0.669507295,0.02272017,0.735860912,0.037437211,0.773700741,0.044275702,0.001041934,0.361679257,106,390.9,0.22187403,0.57962963,none
[O-]C(=O)CCCC(=O)[O-].[O-]C(=O)c1cnccc1C(=O)[O-].[Sm],7.3842,5.83467,7.3788,1.40987,1020.03,0.569,0.403584,Sm,0.661185059,0.018181804,0.71875081,0.033168048,0.755175765,0.040126588,0.000939907,0.38273641,94,372.9,0.38406584,0.557058824,none
Cc1nccn1Cc1c2ccccc2c(c2c1cccc2)Cn1ccnc1C.[Cd].[O-]C(=O)c1ccc(cc1)c1ccc(cc1)C(=O)[O-],5.78772,4.02753,5.78772,1.20139,962.111,0.484,0.402866,Cd,0.914814778,0.043014994,1.004227177,0.086392399,1.069644797,0.094657129,0.0015483,0.454323848,154,307.4,0.51253647,0.75,weak
Cc1nccn1Cc1c2ccccc2c(c2c1cccc2)Cn1ccnc1C.[Cd].[O-]C(=O)c1ccc(c(c1)N)C(=O)[O-],5.08472,3.22525,4.79396,1.27529,1224.04,0.495,0.388147,Cd,0.832972885,0.030449922,0.913422638,0.068894731,0.970774176,0.074393457,0.001378013,0.423418712,176,355.4,0.33480895,0.520058824,superstrong_high_loading
[Gd].[O-]C(=O)c1ccc(cc1)C=Cc1ccc(cc1)C(=O)[O-],5.50421,3.43728,5.46864,1.24666,1599.11,0.5392,0.432517,Gd,0.748439925,0.030085958,0.861566477,0.045286715,0.898665979,0.065475823,0.001502261,0.310432933,184,508.7,0.59776646,0.74,none
[Ho].[O-]C(=O)c1ccc(cc1)C=Cc1ccc(cc1)C(=O)[O-],5.47874,3.67921,5.25338,1.25996,1625.47,0.5464,0.433665,Ho,0.7360735,0.029519043,0.844842879,0.044858807,0.885970368,0.064089917,0.001498969,0.297656542,184,506.6,0.5611073,0.73,none
[Er].[O-]C(=O)c1ccc(cc1)C=Cc1ccc(cc1)C(=O)[O-],5.45464,3.41317,5.41595,1.28565,1566.78,0.5352,0.416287,Er,0.735625046,0.029538194,0.845787756,0.04508931,0.884297868,0.064585653,0.001486728,0.301548679,184,504,0.5330175,0.74,none
[Ho].[O-]C(=O)c1ccc(cc1)C=Cc1ccc(cc1)C(=O)O.[O-]C(=O)c1ccc(cc1)C=Cc1ccc(cc1)C(=O)[O-],5.77347,3.75877,5.58162,1.19108,2056.53,0.528,0.443297,Ho,0.798993447,0.032804445,0.913590731,0.049859134,0.962491118,0.070335786,0.001634977,0.319449917,248,417.7,0.7203286,0.6505,none
[Eu].[O-]C(=O)c1ccc2c(c1)ccc(c2)C(=O)[O-],5.20483,2.81365,5.20483,1.49898,590.965,0.4082,0.272319,Eu,0.787578163,0.030114785,0.893804937,0.04665452,0.941112604,0.061809646,0.001535344,0.336794694,112,452.7,0.79265785,0.69,weak
O=C(C(=O)Nc1cc(cc(c1)C(=O)[O-])C(=O)[O-])Nc1cc(cc(c1)C(=O)O)C(=O)[O-].[Cd],5.20872,3.4546,5.20872,1.65278,2171.98,0.4644,0.28098,Cd,0.730315043,0.015587848,0.818149051,0.034378505,0.874714197,0.037829161,0.001443992,0.302329059,324,340.9,0.87252444,0.409411765,none
unknown,5.16558,4.11042,5.15233,1.19228,830.626,0.5952,0.499211,Zn,0.774823773,0.014361703,0.87193792,0.029455594,0.916157616,0.032855232,0.001413338,0.359637986,70,347.2,0.672972,0.48,strong
Cl[Zn].[O-]C(=O)c1ccc(cc1)c1cc(nc(c1)c1ccncc1)c1ccncc1,4.66266,3.90863,4.55433,1.23899,588.708,0.4846,0.391125,Zn,0.869318843,0.033194315,0.970430364,0.06657697,1.011564126,0.076502052,0.001422453,0.452579288,86,416.1,0.7248918,0.658518519,weak
unknown,5.10481,4.20937,5.10475,1.19889,1386.75,0.4746,0.395867,Mn,0.918807574,0.03327764,1.050984681,0.051459914,1.117271197,0.068388667,0.001984636,0.33439847,212,370.8,0.72801954,0.878461538,strong
[O-]C(=O)c1ccc(cc1)c1ccc(cc1)C(=O)[O-].[Zn][Zn],4.83867,4.02901,4.83867,1.26246,1461.97,0.4616,0.365634,Zn,0.884306954,0.02767332,1.010704399,0.045272172,1.061882142,0.062954366,0.001775752,0.36411801,220,383.2,0.947749,0.60986623,weak
[O-]C(=O)c1ccc(cc1)Oc1ccc(cc1)C(=O)[O-].[Zn][Zn],4.89084,4.20307,4.8443,1.32669,1370.01,0.4428,0.333763,Zn,0.877275425,0.02680558,0.987047293,0.056113497,1.030550404,0.066720333,0.00153275,0.428495282,224,280.4,0.94762135,0.563194444,weak
[Cd].[O-]C(=O)CCN1C(=O)c2c(C1=O)cncc2,4.96397,3.87939,4.92114,1.3165,698.026,0.5024,0.381617,Cd,0.847855803,0.021530112,0.96622725,0.025219899,1.023198176,0.027253571,0.001753424,0.332062105,94,289,0.88572896,0.627058824,weak
[Ni].n1ccc(cc1)C=Cc1ccncc1,11.14925,6.60182,11.14925,0.627285,3730.61,0.7074,1.12772,Ni,0.909827274,0.065032153,1.006304256,0.098066451,1.087496781,0.10754819,0.001776695,0.37936616,222,328.2,0.50163823,0.57,weak
unknown,6.39103,5.68979,6.36355,1.05845,3012.79,0.5452,0.515091,Mn,0.90844146,0.034704138,1.030937104,0.051838565,1.093712478,0.064283607,0.00185271,0.362581779,344,365.2,0.53389513,0.64,weak
[O-]C(=O)c1ccc(cc1)c1cccc(c1)c1ccc(cc1)C(=O)[O-].[O]12[Hf]34[O]5[Hf]62[O]2[Hf]71[O]4[Hf]14[O]3[Hf]35[O]6[Hf]2([O]71)[O]43,6.92134,5.93913,6.86595,1.28757,2327.62,0.5828,0.452637,Hf,0.68755197,0.028844424,0.764598285,0.053409258,0.81087525,0.060348007,0.001233233,0.322710355,230,458.1,0.65972376,0.89,weak
Brc1cc(cc(c1)C(=O)[O-])C(=O)[O-].[Zn],7.80637,6.90024,7.80637,1.65953,955.761,0.5162,0.311051,Zn,0.613939978,0.019371604,0.684213417,0.027594351,0.735210401,0.026125839,0.001212704,0.253341451,102,359.7,0.26100248,0.645,superweak
Clc1cc(cc(c1)C(=O)[O-])C(=O)[O-].[Zn],8.21835,7.31824,8.21835,1.43928,953.784,0.522,0.362682,Zn,0.730621595,0.01932151,0.806714119,0.033874092,0.8616137,0.03333053,0.001309921,0.341177438,102,280.9,0.6624132,0.625,none
[O-]C(=O)c1cccc(c1)C(=O)[O-].[Zn],4.70973,3.97539,4.70747,1.4371,1062.03,0.5006,0.34834,Zn,0.767344178,0.027671573,0.858900388,0.041258056,0.911186966,0.047750152,0.001438428,0.34236075,136,377.1,0.8916732,0.542142857,weak
Ic1cc(cc(c1)C(=O)[O-])C(=O)[O-].[Zn],7.41681,6.42624,7.41681,1.85614,963.007,0.5048,0.271963,Zn,0.547224505,0.010539863,0.600525681,0.020185237,0.641334145,0.020819253,0.000941096,0.266977705,102,420,0.063321024,0.65,superweak
O=C(c1cc(cc(c1)C(=O)NCc1cccnc1)C(=O)NCc1cccnc1)NCc1cccnc1.[Cd].[O-]C(=O)c1cc(cc(c1)C(=O)[O-])C(=O)[O-],4.57745,3.18544,4.494,1.26922,6670.46,0.4962,0.390948,Cd,0.862668355,0.030915061,0.969297299,0.067818388,1.011301494,0.074232987,0.001486331,0.42753973,954,270.5,0.40830043,0.93,strong
[Mn].[O-]C(=O)c1ccc(c(c1)C(=O)[O-])c1cc(cc(n1)c1ccc(cc1C(=O)[O-])C(=O)[O-])c1ccncc1,6.03834,5.58255,6.03834,1.26355,1478.21,0.4764,0.377034,Mn,0.855393851,0.02114669,0.939240671,0.04332319,1.005774825,0.049565367,0.00150381,0.407136369,200,458.7,0.8313638,0.64,strong
[O-]C(=O)c1ccc(cc1)C1=C2C=CC3=[N]2[Zn]24n5c1ccc5C(=C1[N]2=C(C=C1)C(=c1n4c(=C3c2ccc(cc2)C(=O)[O-])cc1)c1ccc(cc1)C(=O)[O-])c1ccc(cc1)C(=O)[O-].[Zn][Zn].c1ccc2c(c1)[nH]c(n2)C=Cc1nc2c([nH]1)cccc2,6.73649,4.79556,6.28016,0.965113,2370.45,0.62,0.642412,Zn,0.840460235,0.029802586,0.945840559,0.05517599,1.001985174,0.066943067,0.001615249,0.364091371,206,416.1,0.75622207,0.691538462,weak
unknown,6.73264,5.14775,6.71039,0.819168,3279.64,0.6528,0.796906,Zn,0.84455366,0.035009359,0.966726735,0.048368172,1.033611686,0.062233038,0.00189058,0.286594271,234,475,0.770442,0.5692,weak
C1CN2CCN1CC2.[Ni].[O-]C(=O)c1ccc(cc1)C(=O)[O-],4.30395,3.76836,4.30395,1.23331,213.876,0.4742,0.384493,Ni,0.992042996,0.057491854,1.079003367,0.087493411,1.207515653,0.079625514,0.002154727,0.338699706,37,362,0.9084671,0.659655172,superstrong_high_loading
unknown,7.63524,6.19785,7.62881,1.03168,3015.04,0.6486,0.628684,Cu,0.798210095,0.017466438,0.867023923,0.037878648,0.926345871,0.044954696,0.001281358,0.415384745,220,278.5,0.5952313,0.765,weak
O=C(c1cc(cc(c1)C(=O)Nc1ccncc1)C(=O)Nc1ccncc1)Nc1ccncc1.[Ni].[O-]C(=O)c1ccc(c(c1)S([O])([O])[O])C(=O)[O-],9.33118,5.24845,9.33118,0.894638,1791.99,0.6272,0.701065,Ni,0.892519472,0.028215812,1.018051248,0.046416433,1.071063528,0.061473525,0.001785441,0.368973889,143,296.5,0.8781756,0.815,none
O=C(Nc1ccncc1)Nc1ccncc1.[Co].[O-]C(=O)c1ccc(cc1)c1ccc(cc1)C(=O)[O-],4.97849,3.67499,4.97148,1.26962,1189.26,0.4428,0.348766,Co,0.938343136,0.035411644,1.053193732,0.073565056,1.107227827,0.088159177,0.001688847,0.44182515,212,341.7,0.5763191,0.807285304,weak
[Co].[O-]C(=O)c1ccc(cc1)n1cncc1.[O].n1ccn(c1)c1ccc(cc1)C1=NN=N[N]1,9.66687,9.25347,9.66686,1.24756,1425.95,0.5032,0.403347,Co,0.828032872,0.03365833,0.911123661,0.061152395,0.962032944,0.061994495,0.001340001,0.431396242,188,275.5,0.9728614,0.572,strong
[Cu][Cu].[O-]C(=O)C12CCC(CC1)(CC2)C(=O)[O-].n1ccc(cc1)c1ccncc1,3.55755,2.78705,3.54626,1.43071,1336.32,0.426,0.297754,Cu,0.956342123,0.053296334,1.055297532,0.071447596,1.178775637,0.050789349,0.002224335,0.284954463,296,324.2,0.8472599,0.70022964,strong
[Cu][Cu].[O-]C(=O)C12CCC(CC1)(CC2)C(=O)[O-].n1ccc(cc1)c1ccncc1,3.66665,2.62136,3.64339,1.42371,2603.81,0.413,0.290086,Cu,0.955492188,0.055823524,1.054771769,0.071676232,1.17811965,0.048638109,0.002226275,0.283598419,592,364.3,0.8371451,0.70022964,weak
[O-]C(=O)c1ccc(c(c1N)N)C(=O)[O-].[O-]C(=O)c1ccc(cc1)C(=O)[O-].[Zn].n1ccc(cc1)CN1CCN(CC1)Cc1ccncc1,7.03576,5.263,7.03576,1.00542,3788.12,0.559,0.555988,Zn,0.989305245,0.056735966,1.089144046,0.095035338,1.142669449,0.098714003,0.001533642,0.536931534,472,292.2,0.7829044,0.291875,weak
Nc1cc(cc(c1)C(=O)[O-])C(=O)[O-].[Co][O]1[Co][O]([Co]1)[Co].[O-]C(=O)c1ccc(cc1)c1ccncc1,6.42474,4.90193,6.33522,0.997151,2053.31,0.603,0.604723,Co,0.849712305,0.028683309,0.953648132,0.053906422,0.997117525,0.066625174,0.001474052,0.417574384,176,365.7,0.9045262,0.554333333,weak
[Eu].[O-]C(=O)c1ccc(cc1)N(c1ccc(cc1)C(=O)[O-])c1ccc(cc1)C(=O)[O-],5.36977,4.23592,5.36415,1.24064,1585.23,0.5626,0.453477,Eu,0.72918593,0.026954622,0.827146361,0.039029489,0.872375682,0.053093184,0.001431898,0.30840519,164,370.1,0.8551623,0.84,none
[La].[O-]C(=O)c1ccc(cc1)N(c1ccc(cc1)C(=O)[O-])c1ccc(cc1)C(=O)[O-],5.4596,4.30696,5.45606,1.17971,1652.31,0.5718,0.484694,La,0.753912558,0.027254896,0.853956204,0.04021478,0.896289011,0.052718194,0.001423765,0.336401673,164,400.7,0.914781,0.93,none
[O-]C(=O)c1ccc(cc1)c1cncc(c1)c1ccc(cc1)C(=O)[O-].[Zn],4.89324,3.67818,4.88959,1.32296,446.525,0.4648,0.351334,Zn,0.866605762,0.031166806,0.979300588,0.063845681,1.028209331,0.073888368,0.001616036,0.392426065,72,315.8,0.13274175,0.23,weak
[Cu][Cu].[O-]C(=O)c1ccc(cc1)C#Cc1cc(C#Cc2ccc(cc2)C(=O)[O-])c(cc1C#Cc1ccc(cc1)C(=O)[O-])C#Cc1ccc(cc1)C(=O)[O-],9.31744,7.45975,9.31744,0.629812,12174.6,0.7422,1.17845,Cu,0.892373188,0.025300702,0.970265751,0.045508419,1.047084048,0.063478607,0.001547109,0.428419651,560,342,0.23797897,0.465,weak
[Co].[O-]C(=O)c1cc(COc2cccc(c2)C(=O)O)cc(c1)C(=O)[O-].n1ccc(cc1)CCc1ccncc1,4.64806,4.22285,4.63628,1.23449,1386.84,0.4624,0.374569,Co,0.976637359,0.038675765,1.089999157,0.073242139,1.139174331,0.087519193,0.00162537,0.499724214,240,265.9,0.69356084,0.75,weak
[O-]C(=O)c1cc(COc2cccc(c2)C(=O)O)cc(c1)C(=O)[O-].[Zn].n1ccc(cc1)CCc1ccncc1,4.65353,4.1972,4.65353,1.24597,1372.54,0.4566,0.366462,Zn,0.962586326,0.03950239,1.072654683,0.074710285,1.122333046,0.087138197,0.001597467,0.493411163,240,329.9,0.7947396,0.693418011,weak
[O-]C(=O)c1ccc(cc1)C(=O)[O-].[Zn].n1ccc(cc1)c1c2CCC[CH]c2c(c2c1nc1ccccc1n2)c1ccncc1.n1ccc(cc1)c1c2nc3ccccc3nc2c(c2c1cccc2)c1ccncc1,6.71711,4.38612,6.55369,0.944033,4703.78,0.6222,0.659087,Zn,0.848178605,0.030562728,0.966211269,0.045131831,1.034431515,0.059094619,0.001862529,0.297721944,394,378.7,0.87564653,0.94806485,weak
[Cd].[O-]C(=O)c1cc(cc(c1)C(=O)O)C(=O)[O-].c1ccc2c(c1)c([C](c1ccncc1)c1ccncc1)c1c(c2[C](c2ccncc2)c2ccncc2)cccc1,5.67885,4.2365,5.53076,1.37981,2582.45,0.465,0.337004,Cd,0.846207484,0.027968678,0.943430446,0.059446027,0.997960572,0.068827589,0.001517531,0.398063693,416,379.7,0.1956214,0.759574468,strong
F[Tb].F[Tb]F.[O-]C(=O)c1ccc(cc1)C(=O)[O-].[O-]C(=O)c1ccc(cc1)N(c1ccc(cc1)C(=O)[O-])c1ccc(cc1)C(=O)[O-].[Tb],9.97794,9.08835,9.96433,1.01079,5389.17,0.699,0.691537,Tb,0.629102431,0.021159118,0.690791042,0.034673104,0.725343332,0.041713151,0.000962409,0.34490245,284,382.8,0.53686154,0.64,weak
[Cu].[O-]C(=O)C1=C([N]N=C1C(=O)[O-])C(=O)[O-].[O-]C(=O)[C]1C(=NN=C1C(=O)[O-])C(=O)[O-].[O-]C(=O)c1c(Cl)c(Cl)c(c(c1Cl)Cl)C(=O)[O-].[OH2][Ce],6.2867,5.20836,5.99773,1.75597,550.698,0.512,0.291576,"Ce,Cu",0.616722933,0.008098765,0.668805168,0.012191249,0.715158348,0.012915107,0.000984354,0.322371532,54,352.8,0.38103175,0.768,weak
[Cd].[O-]C(=O)c1ccc(cc1)N(c1ccc(cc1)C(=O)[O-])c1ccc(cc1)C(=O)[O-],15.78894,14.91482,15.78716,0.772912,10240.7,0.7316,0.946551,Cd,0.719935354,0.025616602,0.821594534,0.037309973,0.87021995,0.051757745,0.001502846,0.277920528,498,344.4,0.87289834,0.76,weak
O=C(Nc1ccncc1)Nc1ccncc1.[Cd].[O-]C(=O)c1ccc(cc1)N(c1ccc(cc1)C(=O)[O-])c1ccc(cc1)C(=O)[O-],7.4251,5.63106,7.4251,1.12437,2251.11,0.5862,0.521357,Cd,0.786517083,0.027393462,0.892128381,0.042823301,0.945310604,0.058955684,0.001587935,0.318874699,218,345.1,0.90497494,0.66,strong
C1=NC=C2C(=[N]=C[N]2)[N]1.[Zn],4.86043,4.2216,4.86043,1.13409,691.132,0.6396,0.563979,Zn,0.715937371,0.020874648,0.768484333,0.035356379,0.862122158,0.049696701,0.001461848,0.270534532,52,401.3,0.943076,0.549375,weak
C1=NC=C2C(=NC=N2)[N]1.[Zn],4.80398,4.2195,4.80398,1.13862,685.798,0.6372,0.559626,Zn,0.717845658,0.020444085,0.772801638,0.035149183,0.86555125,0.049764091,0.001477056,0.268429943,52,400,0.9437917,0.549375,weak
C1=NC=C2C(=[N]=C[N]2)[N]1.C1=Nc2c([N]1)ncnc2.[Zn],7.52222,4.33825,7.52222,1.13029,1396.01,0.6438,0.569589,Zn,0.716407383,0.019717727,0.786242525,0.031865756,0.883305266,0.04621257,0.001668979,0.211175798,104,353.1,0.9468117,0.569375,weak
F[Cd].[Cd].[O-]C(=O)c1ccc(cc1)C(=O)[O-].n1ccc(cc1)C1=NC(=[N]=C([N]1)c1ccncc1)c1ccncc1,9.39189,4.95806,9.38483,0.920364,2881.26,0.6878,0.747313,Cd,0.74168129,0.027610148,0.836825277,0.037336045,0.902732234,0.055287846,0.001610509,0.2634013,176,358.2,0.7259672,0.713076923,weak
F[Zn].[O-]C(=O)c1ccc(cc1)C(=O)[O-].[Zn].n1ccc(cc1)C1=NC(=[N]=C([N]1)c1ccncc1)c1ccncc1,8.59472,4.47227,8.5762,0.932478,2344.99,0.6456,0.692348,Zn,0.834799114,0.031966367,0.930383788,0.060674744,0.989079077,0.070341394,0.0015428,0.378107454,176,379.7,0.675578,0.638666667,weak
O=CN(C)C.[Cd].[O-]C(=O)c1ccc(cc1)c1ccc(cc1)C(=C(c1ccc(cc1)c1ccc(cc1)C(=O)[O-])c1ccc(cc1)c1ccc(cc1)C(=O)[O-])c1ccc(cc1)c1ccc(cc1)C(=O)[O-],9.929,7.41692,8.49449,0.840714,16942.4,0.6604,0.785523,Cd,0.841027171,0.037592298,0.929827618,0.073982312,0.980155488,0.079395696,0.001391283,0.430054318,1248,392.9,0.34159255,0.75,none
OC(=O)c1cc(cc(c1)n1cncc1)n1cncc1.[Cu],6.05836,5.06464,6.05504,1.11021,4915.9,0.5598,0.504229,"Cu,Ti",0.903704266,0.024938706,1.008342998,0.057917006,1.060610667,0.068027848,0.001569064,0.441713572,528,357.4,0.9222902,0.8,strong
OC(=O)c1cc(cc(c1)n1cncc1)n1cncc1.[Cu],5.93912,4.91288,5.93616,1.12043,2395.5,0.5506,0.491419,"Cu,Ti",0.904612168,0.025503553,1.01041339,0.057722499,1.06034628,0.067409671,0.001557341,0.446721217,264,356.5,0.9398689,0.8,strong
[O-]C(=O)c1ccc(cc1)C#Cc1ccc(cc1)C(=O)[O-].[OH].[Sc],5.96067,5.71458,5.96067,0.951349,1341.43,0.589,0.619121,Sc,0.954814442,0.03065313,1.059608658,0.058346965,1.119973195,0.075059353,0.001651588,0.466743129,124,516,0.5419311,0.31,weak
[O-]C(=O)c1ccc(cc1)C#Cc1ccc(cc1)C(=O)[O-].[OH].[Sc],5.90322,5.71238,5.90322,0.933059,1386.3,0.597,0.639831,Sc,0.947753189,0.03157038,1.058274578,0.057098238,1.115847245,0.074636762,0.001680941,0.452295804,124,516.2,0.53397864,0.31,weak
[Cd].[O-]C(=O)c1ccc(cc1)C=Nc1ccc(cc1)n1cncc1,4.13995,2.95076,4.13995,1.4381,1290.57,0.4032,0.28037,Cd,0.868398313,0.036046293,0.973350165,0.072339662,1.026139137,0.085470945,0.001577408,0.403869654,276,331.4,0.9269326,0.89,strong
[Cu].[O-]C(=O)c1ccc(cc1)n1ccnc1c1nccn1c1ccc(cc1)C(=O)[O-],5.43377,4.85694,5.43377,1.24497,1167.12,0.483,0.387962,Cu,0.907463147,0.034642531,1.022819224,0.068637115,1.06819203,0.0816838,0.001607289,0.436940378,180,309.8,0.7832263,0.71,strong
[Ni].[O-]C(=O)c1ccc(cc1)n1ccnc1c1nccn1c1ccc(cc1)C(=O)[O-],5.90426,4.22577,5.85775,1.21444,1168.94,0.477,0.392775,Ni,0.916217653,0.035198979,1.044396112,0.070273346,1.083378207,0.083174364,0.001671606,0.429602051,180,401.2,0.7932944,0.59,superstrong_high_loading
[O-]C(=O)c1ccc(cc1)n1ccnc1c1nccn1c1ccc(cc1)C(=O)[O-].[Zn],5.87904,4.42765,5.87904,1.26663,1105.49,0.4816,0.380223,Zn,0.874409369,0.026054812,0.986629614,0.058538531,1.036561121,0.069434671,0.001621518,0.398335569,164,366.9,0.9220222,0.52,strong
[O-]C(=O)c1ccc(cc1)Oc1ccc(cc1)C(=O)[O-].[Zn][Zn].n1ccc(cc1)C1=CN2N(S1)C=C(S2)c1ccncc1.n1ccc(cc1)c1nc2c(s1)nc(s2)c1ccncc1,6.0665,4.22099,6.0665,1.1164,6125.66,0.5476,0.490507,Zn,0.873961935,0.026787781,0.999252679,0.042768353,1.050754691,0.061786025,0.001767928,0.355881789,676,421.9,0.9388487,0.547211538,weak
unknown,5.89449,2.45759,5.89039,1.15375,1876.79,0.5102,0.442212,Cd,0.861367377,0.038324456,0.966813762,0.071185634,1.017625458,0.086001806,0.001562581,0.401698914,252,373.7,0.96798444,0.819545455,weak
O=C1c2ccc3c4c2c(C(=O)N1n1cnnc1)ccc4C(=O)N(C3=O)n1cnnc1.[Fe].[O],3.99564,3.68069,3.99564,1.75621,273.398,0.3062,0.174353,Fe,0.860343762,0.018793022,0.963513586,0.039394854,1.014321886,0.046461231,0.001539781,0.407136314,80,304.3,0.12686822,0.52,strong
[In].[O-]C(=O)c1ccc(cc1)C1=NC(=[N]=C([N]1)c1ccc(cc1)C(=O)[O-])c1ccc(cc1)C(=O)[O-].[O-]C=O,5.11087,4.28919,5.03477,1.20628,4135.75,0.5538,0.459096,In,0.782403665,0.021955789,0.873772204,0.033657661,0.93993227,0.04869001,0.001575286,0.31401926,420,371.9,0.8419789,0.469411765,weak
[O-]C(=O)c1ccc(cc1)c1cc(c2ccc(cc2)C(=O)[O-])c(cc1c1ccc(cc1)C(=O)[O-])c1ccc(cc1)C(=O)[O-].[O].[V],5.93115,5.17612,5.7886,1.02943,1297.41,0.5842,0.567497,V,0.892872666,0.030327423,0.990669418,0.05775843,1.045637602,0.06440179,0.001527649,0.441715954,128,448.9,0.8853718,0.42,weak
[O-]C(=O)c1ccc2-c3c(Cc2c1)cc(cc3)C(=O)[O-].[Zn][OH]([Zn][OH]([Zn])[Zn])[Zn],14.37106,10.64638,14.37106,0.466253,16150.5,0.8276,1.775,Zn,0.818664781,0.024566829,0.909875928,0.039049455,0.982022014,0.049439974,0.001633572,0.33177059,468,330.8,0.5869015,0.36,strong
[O-]C(=O)c1ccc2-c3c(Cc2c1)cc(cc3)C(=O)[O-].[Zn][O]1([Zn])[Zn]23[Zn]1([O]2([Zn])[Zn])[O]3([Zn])[Zn],14.46267,10.01487,14.46267,0.648133,24211.6,0.7556,1.16581,Zn,0.806733815,0.026370187,0.906183001,0.036175532,0.975124569,0.040463766,0.001683908,0.306646155,1038,358.8,0.9396555,0.68,weak
[O-]C(=O)c1ccc2-c3c(Cc2c1)cc(cc3)C(=O)[O-].[Zn][OH]([Zn]([OH]([Zn])[Zn])[OH]([Zn])[Zn])[Zn],8.10628,4.95434,8.10628,1.2079,6089,0.5476,0.45335,Zn,0.826831069,0.023348517,0.93735487,0.032294352,1.004806062,0.043484831,0.00177975,0.30008486,700,391.7,0.7557354,0.662018102,weak
[O-]C(=O)c1c[n-]n(c1)C(n1[n-]cc(c1)C(=O)[O-])c1ccc(cc1)C(n1[n-]cc(c1)C(=O)[O-])n1[n-]cc(c1)C(=O)[O-].[OH]12[Zr]34[OH]5[Zr]62[OH]2[Zr]71[OH]4[Zr]14[OH]3[Zr]35[OH]6[Zr]2([OH]71)[OH]43,8.14938,5.73016,8.0885,0.850103,5027.62,0.7278,0.856132,Zr,0.764499324,0.019424049,0.840516595,0.027308042,0.919403289,0.03087941,0.00154904,0.299309193,260,364.4,0.41420218,0.9,none
C1CN2CCN1CC2.Oc1cc(cc(c1)C(=O)[O-])C(=O)[O-].[Co],4.31235,2.86438,4.21222,1.13099,542.696,0.5262,0.465258,Co,0.982671891,0.052308808,1.070351507,0.091717424,1.130159455,0.107076929,0.001474876,0.544854471,76,362.9,0.9275389,0.609655172,strong
[Ag].c1ncn(c1)c1ccc(cc1)C(c1ccc(cc1)n1cncc1)(c1ccc(cc1)n1cncc1)c1ccc(cc1)n1cncc1,4.58322,3.5471,4.58322,1.37041,3682.45,0.4746,0.34632,Ag,0.781001988,0.041998271,0.850585341,0.078175201,0.922567192,0.080073113,0.001415652,0.355906626,600,336.6,0.26395315,0.57,weak
[Cd].[O-]C(=O)c1cccc(c1)c1ccncc1,7.78375,6.60456,7.73758,1.02975,1989.53,0.6062,0.588686,Cd,0.832426626,0.033033905,0.940926029,0.068290073,0.981347468,0.079716705,0.001489208,0.397010431,188,368.5,0.8248112,0.641538462,weak
[Co].[O-]C(=O)c1cccc(c1)c1ccncc1,7.61466,6.26784,7.40533,0.955836,1780.78,0.5628,0.588804,Co,0.93914579,0.039653793,1.057050482,0.076435761,1.094130407,0.090776749,0.001549846,0.487662719,188,423.9,0.90647995,0.68,none
[Ni].[O-]C(=O)c1cccc(c1)c1ccncc1,7.55291,6.22098,7.55291,0.963414,1767.73,0.5634,0.584796,Ni,0.93582092,0.039687789,1.052711306,0.077795258,1.090169707,0.091801891,0.001543488,0.486013224,188,424.5,0.9131671,0.712,weak
[O-]C(=O)c1cccc(c1)c1ccncc1.[Zn],7.69017,6.24677,7.66282,0.962909,1908.72,0.5992,0.622281,Zn,0.926367882,0.038188795,1.041942187,0.075408862,1.076945712,0.087708248,0.001505778,0.488062846,188,373.6,0.6289854,0.663879549,none
[O-]C(=O)c1cccc(c1)c1ccncc1.[Zn],7.757,6.37092,7.73363,0.95214,1944.48,0.6036,0.633941,Zn,0.922880088,0.0379258,1.043587535,0.076088286,1.075600409,0.088461528,0.001527203,0.479501562,188,374.2,0.6262348,0.663879549,weak
[Cu].[O-]C(=O)c1csc(n1)c1ccncc1,5.40296,2.98188,5.39387,1.38697,3084.76,0.453,0.326611,Cu,0.848932471,0.021442591,0.963149005,0.03486235,1.020068529,0.04650252,0.001711361,0.345073797,468,349.9,0.8872957,0.71679803,strong
[Cd].[O-]C(=O)c1cc(cc(c1)C(=O)[O-])C(=O)[O-],6.93992,5.87782,6.93992,1.26346,3711.54,0.6592,0.521744,Cd,0.625161096,0.009125043,0.690609685,0.019975891,0.740603255,0.022157689,0.001154422,0.281410458,232,406.7,0.913579,0.37,strong
[O-]C(=O)c1ccc(cc1)NC1=NC(=[N]=C([N]1)Nc1ccc(cc1)C(=O)[O-])Nc1ccc(cc1)C(=O)[O-].[Zn][O]([Zn])([Zn])[Zn],13.58014,8.80376,13.5128,0.408029,17214.5,0.8498,2.08269,Zn,0.85135042,0.009802263,0.95973245,0.016017712,1.071622651,0.010296445,0.002202722,0.189949031,428,329.7,0.7995517,0.31,weak
[O-]C(=O)CCP(=O)([O])[O].[V],4.18946,2.64927,3.99857,1.41408,484.224,0.5104,0.360942,V,0.834160893,0.019610138,0.926443933,0.041663469,0.954950156,0.046566902,0.001207893,0.482422573,56,317.9,0.87800837,0.12,none
[O-]C(=O)c1ccc(cc1)C(=O)[O-].[Zn][O]([Zn])([Zn])[Zn],14.86745,7.89338,14.8041,0.609156,3350.43,0.7982,1.31034,Zn,0.678106373,0.02710335,0.77871654,0.025178445,0.883869693,0.018065353,0.002057633,0.060059245,106,412.8,0.92755973,0.09,weak
[Co].[O-]C(=O)COCC(=O)[O-].n1ccc(cc1)c1ccncc1,5.53082,4.05182,5.47464,1.47192,1097.27,0.4518,0.306946,Co,0.891433087,0.033508057,0.968090703,0.062919356,1.027308583,0.068233383,0.001358755,0.486713222,192,187,0.92480385,0.560190476,weak
[Cd].[O-]C(=O)c1ccc(cc1)OCCOc1ccc(cc1)C(=O)[O-].n1ccc(cc1)c1ccncc1,6.77072,6.40962,6.77072,1.06856,3951.91,0.5588,0.522949,Cd,0.86912024,0.032485192,0.985142637,0.047509102,1.049971849,0.061350503,0.001808516,0.335097611,440,326.4,0.93622184,0.66,strong
O=C=O.[Mn].[O-]C(=O)c1ccc(cc1)C1=C2C=CC(=C(c3ccc(cc3)C(=O)[O-])C3=NC(=C(C4=CC=C(C(=C5N=C1C=C5)c1ccc(cc1)C(=O)[O-])[N]4)c1ccc(cc1)C(=O)[O-])C=C3)[N]2.[Zn][Zn],8.03478,4.99407,8.03478,0.817121,1476.03,0.6862,0.839778,"Zn,Mn",0.832136041,0.033661538,0.91983607,0.050523995,0.977983644,0.064133972,0.001458476,0.399518645,93,362,0.31109676,0.467859178,weak
O=C(c1cc(cc(c1)C(=O)Nc1ccc(cc1)C(=O)[O-])C(=O)Nc1ccc(cc1)C(=O)[O-])Nc1ccc(cc1)C(=O)[O-].[La],8.06565,5.57702,8.0107,0.920261,6461.83,0.6364,0.691543,La,0.827472807,0.027028828,0.923420386,0.052783573,0.972246305,0.064978741,0.001447735,0.401005923,488,427.8,0.94279146,0.89,superstrong_high_loading
O=C(c1cc(cc(c1)C(=O)Nc1ccc(cc1)C(=O)[O-])C(=O)Nc1ccc(cc1)C(=O)[O-])Nc1ccc(cc1)C(=O)[O-].[Y],8.35731,5.62923,8.07789,0.801467,3591.22,0.6632,0.827483,Y,0.898049229,0.028555906,0.996488253,0.057728619,1.051847305,0.070989625,0.001537981,0.443834997,244,382,0.47461435,0.71,strong
unknown,5.69824,4.37718,5.69186,1.37492,1587.55,0.504,0.366567,Cd,0.77539717,0.023889705,0.86881806,0.048566397,0.91586972,0.058452402,0.001404725,0.36170773,210,394.7,0.85566926,0.79,strong
[Cd].[O-]C(=O)c1ccc(cc1)Oc1cc(cc(c1)Oc1ccc(cc1)C(=O)[O-])Oc1ccc(cc1)C(=O)[O-],5.35161,4.38377,5.27161,1.32744,1706.31,0.523,0.393991,Cd,0.775195823,0.023618681,0.869314773,0.049004788,0.911561482,0.060212642,0.001363657,0.374744221,210,371.3,0.9097041,0.83,strong
[Cd].[O-]C(=O)c1ccc(cc1)Oc1cc(cc(c1)Oc1ccc(cc1)C(=O)[O-])Oc1ccc(cc1)C(=O)[O-],5.71449,4.11592,5.71449,1.40487,3063.02,0.4968,0.353628,Cd,0.77478108,0.023297966,0.871199142,0.048540561,0.918736428,0.059021057,0.001439553,0.351061837,420,388.9,0.89393926,0.76,unknown
[CH]1C=NN=N1.[Cu].[Cu][OH]([Cu][OH]([Cu])[Cu])[Cu].[N]1C=CN=N1.[O-]C(=O)c1cc(cc(c1)S([O])([O])[O])C(=O)[O-],5.3892,3.85349,5.37732,1.76952,1989.88,0.4516,0.25521,Cu,0.738824528,0.011688172,0.81390054,0.025075989,0.85973321,0.030609739,0.001209087,0.380972375,304,225.2,0.7046824,0.884907801,none
[O-]C(=O)c1cc(cc(c1)C(=O)[O-])C(=O)[O-].[Zn].[Zn][O]([Zn])([Zn])[Zn],7.5478,6.22346,7.54706,1.12902,3508.77,0.6402,0.56704,Zn,0.736344682,0.013564159,0.822984006,0.024349112,0.872043424,0.027910734,0.001356987,0.335511775,238,350.6,0.5347837,0.378155172,weak
[Cu].[N][N][N].n1ccc(cc1)C1=NN=N[N]1.n1ccc(cc1)C1=N[N]N=N1,5.94852,4.82606,5.79039,0.950428,1938.91,0.6458,0.679483,Cu,0.817523721,0.022634949,0.891935588,0.037738032,0.940923666,0.048487577,0.001233999,0.451561186,138,270.7,0.115275085,0.5,weak
NNC(=O)NN=C(c1ccncc1)C.[Zn],5.08449,3.85921,5.08449,0.882708,2111.93,0.6212,0.703744,Zn,0.981391823,0.063613489,1.080863827,0.115617606,1.127341278,0.111070513,0.001459495,0.552375877,204,318.7,0.27547008,0.46,weak
CC(=O)N(C)C.[Cd].[O-]C(=O)c1c(C)c(C)c(c(c1C)C)B(c1c(C)c(C)c(c(c1C)C)C(=O)[O-])c1c(C)c(C)c(c(c1C)C)C(=O)[O-],7.60747,3.9467,7.60747,0.921866,3436.54,0.5998,0.650637,Cd,0.996332543,0.067921688,1.039278654,0.130212379,1.095176473,0.123624759,0.000988439,0.697642135,370,344.1,0.96877396,0.69,unknown
Cc1cc(C)c(c(c1C)B(c1c(C)c(C)c(c(c1C)C)C(=O)[O-])c1c(C)c(C)c(c(c1C)C)C(=O)[O-])C.[Zn],7.15079,6.5153,7.14534,0.88298,14221.1,0.5608,0.635122,Zn,1.104282736,0.081123397,1.151814359,0.153699324,1.216868272,0.145225328,0.001125855,0.76360575,1800,484.3,0.83837235,0.66,weak
O=C(N1CCCC1C(=O)[O-])c1cc(cc(c1)C(=O)[O-])C(=O)[O-].[Cu][Cu],6.89711,4.73934,6.89711,1.13021,2750.14,0.5856,0.518133,Cu,0.84912827,0.021525144,0.933327914,0.03825092,0.992852678,0.046121944,0.001437244,0.422067527,268,286.5,0.37782598,0.305,weak
[Co].[O-]C(=O)c1ccc(cc1)C(C(F)(F)F)(C(F)(F)F)c1ccc(cc1)C(=O)[O-],5.48015,4.51833,5.47397,1.32509,2107.96,0.484,0.365257,Co,0.863663801,0.018514878,0.971235829,0.043913719,1.03056967,0.045849994,0.001669059,0.370985889,286,335.8,0.94545555,0.688,weak
[Co].[O-]C(=O)c1ccc(cc1)C(C(F)(F)F)(C(F)(F)F)c1ccc(cc1)C(=O)[O-],4.62095,2.70825,4.57922,1.4088,1963.55,0.4636,0.329074,Co,0.846448119,0.018811407,0.955366788,0.042240507,1.006893751,0.046783864,0.001604456,0.374676509,288,372.8,0.89984745,0.583076923,weak
[Mn].[O-]C(=O)c1ccc(cc1)C(C(F)(F)F)(C(F)(F)F)c1ccc(cc1)C(=O)[O-],4.55831,2.84168,4.54106,1.38601,1996,0.4678,0.337515,Mn,0.855733022,0.018617303,0.964995455,0.042347376,1.015539963,0.048015657,0.001598069,0.386098521,288,414.2,0.93820095,0.613076923,weak
[Ce].[Co].[O-]C(=O)c1ccnc(c1)c1nccc(c1)C(=O)[O-],7.40912,5.15618,5.96846,1.03321,3650.02,0.6134,0.593682,"Ce,Co",0.808578897,0.016843779,0.905515306,0.023978678,0.982697911,0.0322659,0.00174119,0.289514158,296,360.1,0.8639102,0.9205,none
[Co].[O-]C(=O)c1ccnc(c1)c1nccc(c1)C(=O)[O-].[Pr],7.305,5.12042,5.93268,1.04456,3611.1,0.613,0.586849,"Pr,Co",0.798707943,0.020221071,0.890699127,0.034563613,0.956371019,0.045399076,0.001576631,0.330105261,296,359.9,0.8738825,0.9405,strong
[Co].c1ccc2-c(cc1)c(cc2c1ccncc1)c1ccncc1.n1ccc(cc1)c1ccncc1,5.78409,4.97221,5.78268,1.02464,1885.09,0.543,0.529945,Co,0.911494958,0.03485121,1.023978003,0.072945867,1.050146517,0.084506525,0.001386516,0.509926037,212,344,0.21749479,0.677381993,unknown
unknown,3.44816,2.66794,3.27841,2.12456,344.192,0.393,0.18498,Th,0.597265513,0.019554564,0.670940247,0.035334317,0.702329527,0.04179852,0.00105064,0.289121048,66,372.1,0.58049786,0.4,weak
[O-]C(=O)c1ccc(cc1)C(=O)[O-].[OH].[V],6.89356,6.68644,6.89356,1.03024,1873.21,0.626,0.607627,V,0.850903775,0.029193996,0.929436329,0.0485244,1.006971513,0.061672908,0.001560677,0.382866791,152,384.2,0.45542032,0.39,weak
CC1=NC=C[N]1.CC1=N[CH]C=N1.[Zn],11.38092,3.3255,11.01119,0.933117,1574.17,0.6478,0.694232,Zn,0.9203064,0.025116755,1.019442359,0.023853242,1.157722544,0.02186693,0.002374161,0.201533932,138,247.1,0.9143095,0.971052632,weak
[O-]C(=O)c1ccc(cc1)c1ccc(cc1)C(=O)[O-].[O]12[Zr]34[OH]5[Zr]62[OH]2[Zr]71[OH]4[Zr]14[O]3[Zr]35[O]6[Zr]2([O]71)[OH]43,12.59507,5.60823,12.59507,0.755193,13414.4,0.7192,0.952339,Zr,0.815820067,0.008590029,0.921583393,0.008124333,1.027059604,0.00689091,0.002112395,0.182149307,696,397.1,0.234604,0.719,weak
[O-]C(=O)CCC(C(=O)[O-])NC(=O)N.[Zn].n1ccc(cc1)C=Cc1ccncc1,5.9439,5.18128,5.9327,1.3408,944.204,0.4374,0.326223,Zn,0.96583896,0.041925133,1.077063415,0.078738687,1.125074946,0.088263301,0.00159236,0.498666489,184,315.1,0.39082175,0.652327381,superstrong_high_loading
[Cu][OH]([Cu])[Cu].[O-]C(=O)c1ccc(cc1)n1cnnc1,6.49783,5.01262,6.49783,1.24166,2653.81,0.5166,0.416055,Cu,0.848576837,0.026667428,0.952050921,0.052919587,1.001337714,0.067199637,0.001527609,0.399325423,340,223.7,0.6022066,0.646688312,unknown
[Ga].[O-]C(=O)c1cc(cc(c1)C(=O)[O-])c1cc(cc(c1)C(=O)[O-])C(=O)[O-].[OH],7.194,7.0599,7.194,1.21033,1620.62,0.591,0.488296,Ga,0.77852157,0.021471056,0.876999616,0.037181082,0.917607196,0.041234573,0.001390856,0.370909768,144,375,0.55325526,0.837237762,weak
[Ga].[O-]C(=O)c1cc(cc(c1)C(=O)[O-])c1cc(cc(c1)C(=O)[O-])C(=O)[O-].[OH],7.09268,6.95959,7.09268,1.23553,783.039,0.583,0.471863,Ga,0.768252099,0.022863788,0.86677316,0.037921252,0.917347006,0.041510448,0.001490949,0.328958585,72,351.7,0.51252586,0.837237762,weak
[Ga].[O-]C(=O)c1cc(cc(c1)C(=O)[O-])c1cc(cc(c1)C(=O)[O-])C(=O)[O-].[OH],7.12457,6.98882,7.12457,1.23349,1578.89,0.5868,0.475722,Ga,0.771607266,0.023183065,0.870366485,0.03730301,0.917921723,0.041096535,0.001463145,0.34119789,144,374.9,0.55793273,0.837237762,weak
[O-]C(=O)c1cc(C(=O)[O-])c(cc1C(=O)[O-])C(=O)[O-].[Sm].[Sm][Sm],6.85822,4.38655,6.85822,1.49163,896.001,0.5954,0.399162,Sm,0.575012114,0.006962844,0.627353571,0.012435208,0.666255286,0.012982389,0.000912432,0.303522552,64,389.3,0.6297331,0.5905,none
C[Si]1(CCc2cccnc2)O[Si](C)(CCc2cccnc2)O[Si](O[Si](O1)(C)CCc1cccnc1)(C)CCc1cccnc1.I[Cu]12[Cu]3([Cu]1([Cu]23I)I)I,4.15822,3.45765,4.15822,1.63982,1436.24,0.4984,0.303936,"Cu,Si",0.639280912,0.031339905,0.712254262,0.054431601,0.761682246,0.035988112,0.001224013,0.276001136,192,unknown,unknown,unknown,weak
unknown,7.28288,5.80469,7.28288,1.16211,2080.08,0.4822,0.414934,Ni,0.888659069,0.037474245,0.999447317,0.069906801,1.063017001,0.085302727,0.001743579,0.373455034,306,446.4,0.19447112,0.69,weak
Brc1cc2[CH]N3O[B]4(ON5[Co]6783[O]3c2c(c1)[CH]N1[Co]29%103[O]7c3c([CH]5)cc(cc3[CH]N%10O[B](O1)(ON9[CH]c1c([O]82)c([CH]N6O4)cc(c1)Br)c1ccc(cc1)C(=O)[O-])Br)c1ccc(cc1)C(=O)[O-].[Zn][O]([Zn])([Zn])[Zn],13.57581,11.0805,13.57581,0.64452,15012.8,0.783,1.21486,"Zn,Co",0.708410845,0.016300879,0.798348423,0.025562742,0.85927615,0.037239938,0.001508653,0.260649907,514,342.4,0.84316045,0.56,weak
[O-]C(=O)c1ccc(cc1)[B]12ON3C4=C(N5[Fe]6783N(O1)C1=C(N8O[B](ON7C3=C(N6O2)CCCC3)(O5)c2ccc(cc2)C(=O)[O-])CCCC1)CCCC4.[Zn][Zn],6.8367,5.86263,6.8367,1.0321,3039.5,0.5878,0.56952,"Zn,Fe",0.946823598,0.041080049,1.074260848,0.049511451,1.168725689,0.037633459,0.002219021,0.286612728,336,417.7,0.8232137,0.53,weak
[O-]C(=O)c1ccc(cc1)C(=O)[O-].[Zn].n1ccc(cc1)C1=CC=C2N([CH]1)CC([N]2)c1ccc(cc1)c1ccncc1.n1ccc(cc1)C1=CN2C(=NC(C2)c2ccc(cc2)c2ccncc2)C=C1,6.65423,4.59023,5.66296,1.10689,2185.2,0.5242,0.473581,Zn,0.91218953,0.036925193,1.019969084,0.068473857,1.073445592,0.078302732,0.001612561,0.437471853,282,338.7,0.76663744,0.480684524,unknown
[O-]C(=O)c1cc([O])c(cc1[O])C(=O)[O-].[Ti],6.25402,4.56727,6.25402,0.748874,8866.72,0.7372,0.984411,Ti,0.818714728,0.021654371,0.91830347,0.028301641,1.01669463,0.019204004,0.001979799,0.224974618,400,311.3,0.72826016,0.35,weak
[O-]C(=O)c1cc([O])c(cc1[O])C(=O)[O-].[Ti]O[Ti],4.20028,3.67349,4.15292,1.34829,307.114,0.4988,0.36995,Ti,0.853796589,0.010895271,0.955667701,0.010060014,1.019973266,0.011512112,0.001661767,0.361527483,35,284.6,0.7822499,0.4,superstrong_high_loading
[Ni].[O-]C(=O)C=CC=CC(=O)[O-].n1ccc(cc1)CCc1ccncc1,6.29164,5.43914,6.29164,1.11327,1167.33,0.5108,0.45883,Ni,0.968503976,0.043798649,1.064426852,0.081580805,1.11544719,0.099167963,0.001469432,0.535158093,164,242.5,0.9172615,0.805333333,superstrong_high_loading
[Ni].[O-]C(=O)C=CC=CC(=O)[O-].n1ccc(cc1)C=Cc1ccncc1,6.66867,5.80296,6.66331,1.11832,1187.16,0.5246,0.469094,Ni,0.939803269,0.037613232,1.037701573,0.077425337,1.086724298,0.092172117,0.00146921,0.507186111,156,240.4,0.9300261,0.775333333,none
N#Cc1cc(cc(c1)C(=O)[O-])C(=O)[O-].[Co],6.44904,4.58464,6.44544,0.957785,1625.65,0.63,0.657767,Co,0.823084459,0.01520723,0.919365338,0.027727451,0.952022962,0.032495485,0.001289385,0.446872823,108,363.8,0.6067549,0.53625,strong
unknown,6.67537,6.00149,6.67537,1.20577,1561.75,0.501,0.415503,Cd,0.8662879,0.033956407,0.968545068,0.052962534,1.038344575,0.064556866,0.001720567,0.355527485,218,335.7,0.043525457,0.78,weak
unknown,6.72757,5.14808,6.72156,1.23484,1520.99,0.4876,0.394869,Cd,0.877676536,0.036756788,0.987496766,0.054066981,1.066758268,0.061750668,0.001890817,0.315524461,230,331.7,0.052393556,0.76,weak
[O-]C(=O)c1ccc(cc1)c1ccc(cc1)C(=O)[O-].[OH]12[Tb]34[OH]5[Tb]62[OH]2[Tb]71[OH]4[Tb]14[OH]3[Tb]35[OH]6[Tb]2([OH]71)[OH]43,13.37735,6.88633,13.37735,0.804274,3909.63,0.7482,0.93028,Tb,0.663643275,0.029596461,0.720168416,0.051218692,0.773244014,0.058520394,0.001096007,0.335415982,178,495.2,0.36185917,0.56,weak
O=C(Nc1ccncc1)Nc1ccncc1.[O-]C(=O)c1ccc(cc1)Oc1ccc(cc1)C(=O)[O-].[Zn],8.64683,5.89218,8.64683,1.11639,1709.42,0.5362,0.480298,Zn,0.919632374,0.034588529,1.056191786,0.054014596,1.107694644,0.075743951,0.001880623,0.369621656,216,355.7,0.9566499,0.437227535,weak
NC1=NN=N[N]1.[O-]C(=O)c1cc(cc(c1)C(=O)[O-])C(=O)[O-].[Zn],12.12551,5.06332,12.12551,0.908716,12567.4,0.7088,0.780002,Zn,0.80464997,0.021633176,0.89324483,0.035376542,0.940244332,0.04780728,0.001355944,0.404799445,708,282,0.90906465,0.648709677,weak
[Co].[O-]C(=O)c1c2ccccc2c(c2c1cccc2)C(=O)[O-].c1ncn(c1)c1ccc(cc1)c1cc(cc(c1)c1ccc(cc1)n1cncc1)c1ccc(cc1)n1cncc1,8.43697,7.72021,8.43697,1.03874,5460.37,0.5158,0.496565,Co,0.953769374,0.04251029,1.089541216,0.067880641,1.154790669,0.085907351,0.002010213,0.36245922,736,384.9,0.21550623,0.95,weak
[Fe].[O-]C(=O)c1ccc(cc1)C(=O)[O-].n1ccncc1,15.13602,13.61044,15.13602,0.799776,2511.87,0.672,0.840235,Fe,0.874290474,0.034991814,0.982185747,0.048616343,1.044075608,0.064766775,0.001697851,0.37260264,162,285.6,0.9632541,0.41,weak
unknown,4.69826,2.59583,4.69808,2.03205,281.278,0.4204,0.206885,Gd,0.706044139,0.022278389,0.777918071,0.02370122,0.832217476,0.028200844,0.001261733,0.330453217,52,258.4,0.799649,0.58,superstrong_high_loading
[Cu].[Eu].[O-]C(=O)c1ccccc1C(=O)[O-].[O-]C(=O)c1ccncc1,4.65185,4.20696,4.63944,1.96567,622.504,0.392,0.199423,"Cu,Eu",0.656982631,0.019060266,0.720551462,0.038842777,0.761991665,0.042540139,0.00105009,0.345643638,122,429.9,0.2245008,0.45,none
[O-]C(=O)c1ccc(cc1)c1ccc(cc1)C(=O)[O-].[Zn].n1ccc(cc1)C=Cc1ccncc1,5.31297,5.06772,5.31297,1.24197,1009.49,0.4758,0.3831,Zn,0.890187925,0.038615112,0.989765291,0.073641799,1.047797745,0.084325545,0.001576098,0.424282617,156,395.5,0.94672894,0.755857143,weak
[Eu].[O-]C(=O)c1cc(cc(c1)c1ccc(c2c1cccc2)C(=O)[O-])C(=O)[O-],7.1887,5.05319,7.1887,1.33916,1296.27,0.5386,0.402191,Eu,0.702412239,0.019305486,0.784333642,0.041320302,0.823941531,0.049771421,0.001215293,0.344876613,140,519.7,0.22347954,0.867692308,none
[O-]C(=O)c1ccc(cc1)C(=O)[O-].[Zn][O]([Zn])([Zn])[Zn],15.02646,7.9821,15.02646,0.595037,3482.36,0.8104,1.36193,Zn,0.737196491,0.022327908,0.833649932,0.040523432,0.875022044,0.047871378,0.001378256,0.332900053,106,412.4,0.9251616,0.09,weak
unknown,8.14433,7.67619,8.14433,1.22499,11427.8,0.666,0.543679,Zn,0.512488923,0.018223309,0.557550579,0.0292701,0.61536902,0.036786862,0.001028801,0.201722498,648,388.7,0.113503546,0.3,weak
unknown,8.13471,7.32781,8.13207,1.23149,11323.1,0.6634,0.538698,Zn,0.513436223,0.017869384,0.558127775,0.029932445,0.615541684,0.036618724,0.001021055,0.204999449,648,389.2,0.11025795,0.3,weak
I[Zn]I.n1ccc(cc1)C1=NC(=[N]=C([N]1)c1ccncc1)c1ccncc1,8.18232,7.42372,8.18078,1.23146,11449.6,0.6708,0.544718,Zn,0.513001227,0.018374046,0.556669178,0.02966872,0.613060005,0.03697701,0.001000588,0.210704415,648,388.4,0.11080772,0.3,weak
unknown,8.15804,7.53287,8.15804,1.22695,11399.2,0.6654,0.54232,Zn,0.514439019,0.018502643,0.557362974,0.029370224,0.61447172,0.036613577,0.001000327,0.211976785,648,389.7,0.111661255,0.3,weak
I[Zn]I.n1ccc(cc1)C1=NC(=[N]=C([N]1)c1ccncc1)c1ccncc1,8.21788,7.67164,8.21788,1.21042,11495.8,0.662,0.546916,Zn,0.514342232,0.01796736,0.558120314,0.02951678,0.617122916,0.036273111,0.001027807,0.20346276,648,388,0.11167359,0.3,weak
unknown,8.41278,7.79779,8.41278,1.20596,11632.4,0.6674,0.553417,Zn,0.514452479,0.018442171,0.556523937,0.029485625,0.616606731,0.036506469,0.001021543,0.204987837,648,387.3,0.11156452,0.3,weak
I[Zn]I.n1ccc(cc1)C1=NC(=[N]=C([N]1)c1ccncc1)c1ccncc1,8.32352,7.79985,8.25756,1.23467,11372.2,0.668,0.541036,Zn,0.513573183,0.017862743,0.558361568,0.028886595,0.615317068,0.036377207,0.001017439,0.206313674,648,388.3,0.11461455,0.3,weak
I[Zn]I.n1ccc(cc1)C1=NC(=[N]=C([N]1)c1ccncc1)c1ccncc1,8.30777,7.62784,8.30777,1.22175,11526.9,0.67,0.548395,Zn,0.516241777,0.017883593,0.560979073,0.029126057,0.619005024,0.036784733,0.001027632,0.205737261,648,389,0.111435205,0.3,weak
unknown,5.35053,3.31385,5.35053,2.08225,1305.96,0.4224,0.202858,Cu,0.535654781,0.018071914,0.594963331,0.034456261,0.634671645,0.040080744,0.000990169,0.241870894,210,327.9,0.7137563,0.467692308,weak
unknown,5.25034,3.37072,5.25028,2.16703,3605.96,0.4046,0.186707,Cu,0.532001983,0.017678051,0.594731277,0.034311544,0.630597126,0.040510958,0.000985951,0.240693796,630,409.3,0.28679726,0.467692308,weak
[Co]1[Co][O]21[Co][O]1([Co]2)[Co][Co]1.[Co][O]([Co])[Co].[O-]C(=O)c1ccc(cc1)C(=O)[O-].[O-]C(=O)c1ccc(cc1)c1cc(nc(c1)c1ccc(cc1)C(=O)[O-])c1ccc(cc1)C(=O)[O-].[O-]C(=O)c1ccncc1,10.80481,4.78739,10.80481,0.92686,11598.8,0.6244,0.673672,Co,0.859023721,0.027752496,0.952303541,0.052889343,1.01009215,0.066176001,0.001510684,0.411733635,904,347.1,0.8218409,0.611052632,weak
unknown,11.65209,8.31078,11.65209,0.648009,4069.41,0.7692,1.18702,Zr,0.772723475,0.032796001,0.860917886,0.053307043,0.920761604,0.056629048,0.001480381,0.333334204,162,346.6,0.86906695,0.93,superstrong_high_loading
unknown,11.67541,9.42998,11.67541,0.626397,4984.61,0.7628,1.21776,Zr,0.809592282,0.035963022,0.88808997,0.05551816,0.960658974,0.06427885,0.001510667,0.357380319,210,376,0.90984595,0.89,none
[O-]C(=O)c1ccc(cc1)c1cc(c2ccc(cc2)C(=O)[O-])c(c(c1C)c1c(C)c(cc(c1O)c1ccc(cc1)C(=O)[O-])c1ccc(cc1)C(=O)[O-])O.[O]12[Zr]34[O]5[Zr]62[O]2[Zr]71[O]3[Zr]1389%10[O]%114[Zr]4%12%13%145[O]56[Zr]6%15%162([O]71[O]86[Zr]12[O]%10[Zr]6([O]3%114)[O]%13[Zr]([O]%125%15)([O]%161)[O]26)[O]9%14,10.60005,10.2764,10.60005,0.77024,4907.68,0.7266,0.943343,Zr,0.786745696,0.029428329,0.86201519,0.054933468,0.923721935,0.059822609,0.001369762,0.378077439,258,354.7,0.8829229,0.89,unknown
Cc1c(cc(c(c1c1c(C)c(cc(c1O)c1ccc(c2c1cccc2)C(=O)[O-])c1ccc(c2c1cccc2)C(=O)[O-])O)c1ccc(c2c1cccc2)C(=O)[O-])c1ccc(c2c1cccc2)C(=O)[O-].[O]12[Zr]34[O]5[Zr]62[O]2[Zr]71[O]3[Zr]1389%10[O]%114[Zr]4%12%13%145[O]56[Zr]6%15%162([O]71[O]86[Zr]12[O]%10[Zr]6([O]3%114)[O]%13[Zr]([O]%125%15)([O]%161)[O]26)[O]9%14,8.22493,6.38072,8.22493,0.907894,4344.57,0.6362,0.700743,Zr,0.820693502,0.030759838,0.902468591,0.054847626,0.977340117,0.066313395,0.001566466,0.351904252,330,381.1,0.95978165,0.93,none
CCCC1c2cc(C(CCC)c3cc(C(c4cc(C(c5cc1c([O])c(c5[O])[O])CCC)c([O])c(c4[O])[O])CCC)c(c(c3[O])[O])[O])c(c(c2[O])[O])[O].[Mg].[O]CCOCC[O],11.55243,4.53412,6.77889,0.97996,19714.9,0.5456,0.556757,Mg,1.028627458,0.04803598,1.192177999,0.079904934,1.292894644,0.063013643,0.002642672,0.246298214,2492,366.2,0.62769663,0.43,none
unknown,6.50418,5.8382,6.50418,1.13663,1949.38,0.5328,0.468752,"Cu,Si",0.894559027,0.035661848,1.022763152,0.052384815,1.071086348,0.069693601,0.001765273,0.378290553,240,unknown,unknown,unknown,superstrong_high_loading
[Cu].c1ncn(c1)c1ccc(cc1)n1cncc1,3.81204,3.00466,3.79657,1.37362,676.042,0.4466,0.325125,"Cu,Si",0.899887808,0.035331428,1.030200495,0.051906854,1.080217185,0.071989542,0.001803294,0.372282344,120,288.7,0.7408673,0.72,superstrong_high_loading
[Cu].c1ncn(c1)c1ccc(cc1)n1cncc1,3.72957,2.58697,3.1914,1.40902,623.642,0.4226,0.299925,"Cu,Si",0.900997578,0.034201173,1.03049797,0.051639296,1.084651884,0.07190343,0.001836543,0.362592407,120,unknown,unknown,unknown,superstrong_high_loading
[Fe].[O]NC(=O)c1cc(cc(c1)C(=O)N[O])c1cc(cc(c1)C(=O)N[O])C(=O)N[O],20.78792,8.92032,20.78792,0.450439,8368.84,0.8212,1.82311,Fe,0.86097834,0.029305222,0.971667772,0.041868981,1.048425068,0.056003483,0.001874467,0.30429351,236,217,0.89221704,0.35,none
[Fe].[O]NC(=O)c1cc(cc(c1)C(=O)N[O])c1cc(cc(c1)C(=O)N[O])C(=O)N[O],20.78081,8.90611,20.78081,0.449851,8402.23,0.8234,1.83038,Fe,0.861277959,0.02992687,0.968064368,0.041905639,1.047929291,0.054842174,0.001866513,0.305810878,236,217.5,0.891086,0.35,weak
[O-]C(=O)C(NC(=O)C1=CN=N[CH]1)C.[Zn],8.61383,5.8044,8.61383,1.01045,1595.18,0.6562,0.649411,Zn,0.854050651,0.022429678,0.954374603,0.034376365,1.030087559,0.033448915,0.001760369,0.330041759,126,333.9,0.81605166,0.693947773,weak
O=C([C]1C=NN=C1)NCC(=O)[O-].[O-]C(=O)CNC(=O)C1=C[N]N=C1.[Zn],8.61802,7.72596,8.61802,1.00528,1542.12,0.6692,0.665685,Zn,0.804662303,0.020397024,0.90333603,0.027085729,0.973073061,0.028554353,0.001684108,0.304252811,108,301.2,0.81094706,0.707281106,weak
[Cu][Cu].[O-]C(=O)c1ccc(cc1)c1c(c2ccc(cc2)C(=O)O)c(c(n1c1ccc(cc1)C(=O)[O-])c1ccc(cc1)C(=O)[O-])c1ccc(cc1)C(=O)[O-],6.68517,4.60955,6.64032,0.857596,4046.7,0.6608,0.770526,Cu,0.869757119,0.026528146,0.959214755,0.053591665,1.023379187,0.071241332,0.001536221,0.413106449,292,237.3,0.64940757,0.67,weak
unknown,7.36478,4.52324,7.35773,0.701661,4418.18,0.6842,0.975115,Cu,0.973221212,0.036835867,1.111091775,0.054253738,1.175563193,0.057673983,0.00202342,0.378428457,292,257.3,0.46456894,0.43,weak
unknown,3.84853,2.92223,3.84853,1.87426,216.028,0.392,0.209149,Y,0.820636243,0.020464257,0.907044767,0.022432314,0.974258834,0.025903205,0.001536226,0.362967549,44,346.1,0.79709846,0.4,superstrong_high_loading
unknown,3.81052,2.91249,3.81052,1.84929,221.627,0.3968,0.214569,Y,0.8217507,0.020584843,0.908133831,0.021881541,0.975488847,0.025398888,0.001537381,0.363707611,44,338.4,0.7981025,0.38,superstrong_high_loading
N1=C[C](C=N1)c1ccc(cc1)C1=NC(=[N]=C([N]1)c1ccc(cc1)C1=C[N]N=C1)c1ccc(cc1)C1=C[N]N=C1.N1=C[C](C=N1)c1ccc(cc1)C1=NC(=[N]=C([N]1)c1ccc(cc1)[C]1C=NN=C1)c1ccc(cc1)[C]1C=NN=C1.N1=C[C](C=N1)c1ccc(cc1)C1=[N]=C(N=C([N]1)c1ccc(cc1)C1=C[N]N=C1)c1ccc(cc1)C1=C[N]N=C1.N1=C[C](C=N1)c1ccc(cc1)C1=[N]=C(N=C([N]1)c1ccc(cc1)C1=C[N]N=C1)c1ccc(cc1)[C]1C=NN=C1.N1=C[C](C=N1)c1ccc(cc1)C1=[N]=C([N]C(=N1)c1ccc(cc1)C1=C[N]N=C1)c1ccc(cc1)C1=C[N]N=C1.[Ni],18.11345,5.03402,18.11345,0.676112,8357.34,0.7178,1.06166,Ni,0.840909213,0.046046128,0.937521228,0.078645497,1.008359204,0.075983414,0.0016745,0.34285491,468,408.5,0.6241475,0.61,weak
[O-]C(=O)c1cc(cc(c1)C(=O)[O-])c1cc(cc(c1)C(=O)[O-])C(=O)[O-].[OH].[V],7.13415,6.98216,7.13415,1.11033,833.479,0.603,0.543083,V,0.834481843,0.022418159,0.932236841,0.027526643,1.016523236,0.02909908,0.001820414,0.290602433,72,538,0.68644947,0.637032967,weak
[O-]C(=O)c1cc(cc(c1)C(=O)[O-])c1cc(cc(c1)C(=O)[O-])C(=O)[O-].[OH].[V],7.13593,6.99921,7.13593,1.11183,833.456,0.6038,0.543068,V,0.857690584,0.01336469,0.942414199,0.018042597,1.044677344,0.01493368,0.001869868,0.293807052,72,538.2,0.6861769,0.637032967,weak
unknown,7.21436,7.01374,7.21436,1.13183,1628.16,0.603,0.532766,V,0.844657884,0.015724589,0.937509786,0.023523073,1.016255177,0.024350679,0.001715973,0.332217091,136,533.6,0.527328,0.558461538,weak
[O-]C(=O)c1ccc2-c3c(S(=O)(=O)c2c1)cc(cc3)C(c1ccc2-c3c(S(=O)(=O)c2c1)cc(cc3)C(=O)[O-])(c1ccc2-c3c(S(=O)(=O)c2c1)cc(cc3)C(=O)[O-])c1ccc2-c3c(S(=O)(=O)c2c1)cc(cc3)C(=O)[O-].[O]12[Zr]34[O]5[Zr]62[O]2[Zr]71[O]4[Zr]14[O]3[Zr]35[O]6[Zr]2([O]71)[O]43,17.33084,7.53875,17.33084,0.507379,14908,0.8236,1.62325,Zr,0.777902178,0.018880744,0.875633662,0.028567084,0.941290989,0.042191231,0.001633888,0.293081439,416,359.6,0.8262527,0.88,none
[O-]C(=O)c1ccc2-c3c(S(=O)(=O)c2c1)cc(cc3)C(c1ccc2-c3c(S(=O)(=O)c2c1)cc(cc3)C(=O)[O-])(c1ccc2-c3c(S(=O)(=O)c2c1)cc(cc3)C(=O)[O-])c1ccc2-c3c(S(=O)(=O)c2c1)cc(cc3)C(=O)[O-].[O]12[Hf]34[O]5[Hf]62[O]2[Hf]71[O]4[Hf]14[O]3[Hf]35[O]6[Hf]2([O]71)[O]43,19.21939,8.37152,19.13772,0.606164,14862.7,0.8248,1.36069,Hf,0.643458735,0.01616041,0.725955366,0.024897907,0.776374171,0.034051266,0.001329154,0.250058726,416,363.4,0.8657639,0.87,none
[Co].c1ccc(cc1)C1=C2C=CC(=C(c3ccncc3)C3=NC(=C(C4=CC=C(C(=C5N=C1C=C5)c1ccncc1)[N]4)c1ccccc1)C=C3)[N]2,6.56429,5.06226,6.56429,1.15589,1310.53,0.4514,0.390522,Co,0.912899234,0.049149551,1.055285408,0.072178738,1.125553941,0.087574528,0.002126547,0.286954722,225,510.9,0.88703537,0.73,weak
[Co].n1ccc(cc1)C1=C2C=CC(=C(c3ccncc3)C3=NC(=C(C4=CC=C(C(=C5N=C1C=C5)c1ccncc1)[N]4)c1ccncc1)C=C3)[N]2,4.88768,3.8223,4.88768,1.07248,1052.35,0.503,0.469006,Co,0.901236205,0.049000148,1.038390004,0.074008977,1.115864154,0.086027626,0.002146279,0.267298965,146,496.5,0.8030595,0.87,weak
N1[CH]C=C(C=C1)C1=C2C=CC(=C(C3=NC(=C(C4=CC=C(C(=C5N=C1C=C5)c1ccncc1)[N]4)C1=C[CH]NC=C1)C=C3)c1ccncc1)[N]2.[Co],6.53077,4.96028,6.53077,1.19044,1272.09,0.4486,0.376834,Co,0.920774964,0.047467595,1.059523112,0.072222336,1.128484056,0.083157825,0.002077091,0.309278888,225,428.7,0.7579094,0.8,none
[Co].n1ccc(cc1)C1=C2C=CC(=C(c3ccncc3)C3=NC(=C(C4=CC=C(C(=C5N=C1C=C5)c1ccncc1)[N]4)c1ccncc1)C=C3)[N]2,7.0044,5.10639,7.0044,1.17021,1302.32,0.4528,0.386939,Co,0.916246205,0.043588625,1.061118074,0.062713264,1.133674417,0.081299572,0.002174282,0.276014156,219,470.3,0.8135283,0.81,weak
[Co].n1ccc(cc1)C1=C2C=CC(=C(c3ccncc3)C3=NC(=C(C4=CC=C(C(=C5N=C1C=C5)c1ccncc1)[N]4)c1ccncc1)C=C3)[N]2,6.9462,4.92736,6.9462,1.18172,1269.13,0.4456,0.377079,Co,0.918734507,0.043852528,1.064130879,0.060335112,1.134277365,0.079044588,0.002155429,0.284647582,219,470.5,0.8146761,0.8,weak
[Co].n1ccc(cc1)C1=C2C=CC(=C(c3ccncc3)C3=NC(=C(C4=CC=C(C(=C5N=C1C=C5)c1ccncc1)[N]4)c1ccncc1)C=C3)[N]2,6.82067,4.78775,6.82067,1.19411,1279.63,0.454,0.380199,Co,0.918654922,0.044068574,1.062597724,0.060674729,1.133876441,0.078650766,0.002152215,0.285101044,219,470,0.8187626,0.8,none
[Co].n1ccc(cc1)C1=C2C=CC(=C(c3ccncc3)C3=NC(=C(C4=CC=C(C(=C5N=C1C=C5)c1ccncc1)[N]4)c1ccncc1)C=C3)[N]2,6.96242,4.92588,6.93422,1.17214,1319.7,0.4596,0.392103,Co,0.916150938,0.044579866,1.061860737,0.061203055,1.133478598,0.079105134,0.002173277,0.276516615,219,469.9,0.81469667,0.8,weak
[Co].n1ccc(cc1)C1=C2C=CC(=C(c3ccncc3)C3=NC(=C(C4=CC=C(C(=C5N=C1C=C5)c1ccncc1)[N]4)c1ccncc1)C=C3)[N]2,6.91079,4.88428,6.91079,1.17907,1277.69,0.4476,0.379622,Co,0.917392324,0.043864868,1.064623119,0.06050454,1.13473275,0.078389062,0.002173404,0.278224569,219,470,0.8159822,0.8,weak
[Co].n1ccc(cc1)C1=C2C=CC(=C(c3ccncc3)C3=NC(=C(C4=CC=C(C(=C5N=C1C=C5)c1ccncc1)[N]4)c1ccncc1)C=C3)[N]2,6.99121,4.89555,6.99121,1.17401,2626,0.458,0.390114,Co,0.918884556,0.04365467,1.0609454,0.061243397,1.132312355,0.078752276,0.002134278,0.290383484,438,471.9,0.81953955,0.8,weak
[O-]C(=O)c1cc(cc(n1)C(=O)[O-])c1cc(nc(c1)C(=O)[O-])C(=O)[O-].[Zn],4.38152,2.99318,4.3608,1.54077,496.827,0.5022,0.325942,Zn,0.74076035,0.015888025,0.841276907,0.019946101,0.891094898,0.021851564,0.001503345,0.298206465,60,377.3,0.57151717,0.46,weak
unknown,4.29824,2.95831,4.29824,1.54948,490.885,0.499,0.322044,Zn,0.744382953,0.014581403,0.842546786,0.018153023,0.894222647,0.021660048,0.001498397,0.30261187,60,380.3,0.5763868,0.46,weak
[O-]C(=O)c1cc(cc(n1)C(=O)[O-])c1cc(nc(c1)C(=O)[O-])C(=O)[O-].[Zn],4.39241,2.99788,4.37513,1.54099,497.152,0.5026,0.326155,Zn,0.761217345,0.016960186,0.85312338,0.019668423,0.910024686,0.023422851,0.001488073,0.320629446,60,377.8,0.57554483,0.46,weak
unknown,4.33951,3.0925,4.33853,1.5447,494.97,0.5016,0.324724,Zn,0.737960608,0.015818698,0.836276108,0.020107409,0.892491053,0.023489335,0.001545304,0.281386032,60,376.1,0.5632326,0.46,weak
unknown,5.78251,4.83284,5.71176,1.22323,3535.83,0.526,0.430008,"Ni,Mn",0.802430058,0.020732596,0.903189689,0.033404732,0.951868017,0.046574042,0.00149438,0.362796395,378,356.2,0.6073541,0.532,none
unknown,3.33349,2.48339,3.32413,1.6623,860.966,0.4218,0.253745,Co,0.842164033,0.005906705,0.934599479,0.008325851,1.029647764,0.005188624,0.001874837,0.279277367,153,332.3,0.9200479,0.401,strong
[Co].[O-]C(=O)c1cc(O)c(c(c1)O)[O],3.38529,2.62935,3.37797,1.6268,881.838,0.4228,0.259897,Co,0.842751826,0.005994514,0.938762269,0.008708141,1.032033487,0.005009118,0.001892817,0.275363383,153,331.1,0.9198421,0.401,strong
[O-]C(=O)c1cc(C)c(c(c1)C)c1cccc(c1)c1c(C)cc(cc1C)C(=O)[O-].[O]12[Zr]34[OH]5[Zr]62[OH]2[Zr]71[OH]4[Zr]14[O]3[Zr]35[O]6[Zr]2([O]71)[OH]43,38.91559,21.05336,38.91559,0.345229,72539.7,0.8626,2.49863,Zr,0.929957827,0.047007972,1.033569858,0.081349739,1.118115736,0.079457973,0.001881579,0.368661793,1836,369.5,0.852751,0.827692308,weak
[O-]C(=O)c1ccc(cc1)Oc1ccc(cc1)C(=O)[O-].[Zn][Zn].n1ccc(cc1)c1ccncc1,4.73011,2.94949,4.70899,1.2762,2011.21,0.4834,0.37878,Zn,0.878309779,0.034297417,0.997147062,0.065280737,1.032651613,0.078121002,0.001543418,0.429173067,304,322,0.9253997,0.644270106,weak
unknown,11.46282,3.40958,11.45366,0.924167,1592.36,0.649,0.702254,Zn,0.905530962,0.061862142,0.949113629,0.104158077,1.019862616,0.08400917,0.001143317,0.55800828,138,247.2,0.9126464,0.971052632,weak
[Cr].[Mn].[O-]C(=O)C(=O)[O-],5.82674,4.72231,5.82674,1.30832,2899.56,0.5542,0.423595,"Cr,Mn",0.783818277,0.014153287,0.858317499,0.017296439,0.906705692,0.011743381,0.001228874,0.419507869,234,349.9,0.6692447,0.39,weak
unknown,16.80407,16.72041,16.80407,0.713223,2168.85,0.7744,1.08578,Zn,0.741097828,0.016045792,0.830626857,0.027458239,0.880537695,0.033024747,0.001394399,0.329381256,84,364.3,0.953156,0.510643223,weak
O=C1O[Cd]2345OC(=O)c6ccc(-c7cc8c(-c9ccc1cc9)cc([O])c(-c1c(cc(-c9ccc([C](O2)O3)cc9)c2cc(-c3ccc([C](O4)O5)cc3)ccc12)[O])c8cc7)cc6.[Cd],8.24343,6.46185,8.09702,0.864641,2510.49,0.6632,0.767024,Cd,0.795819641,0.025324988,0.911795713,0.038681185,0.971595019,0.056018387,0.001757754,0.277856298,168,332.8,0.5461598,0.73,superstrong_high_loading
unknown,6.15862,4.38483,5.85392,1.07794,4912,0.6004,0.556988,"Cu,Cd",0.820925182,0.031532127,0.911447728,0.050832813,0.993387495,0.044961514,0.001724623,0.304968706,472,348,0.791072,0.800598086,weak
[O-]C=O.[Zn],2.92274,2.44411,2.92274,1.76481,165.966,0.44,0.249318,Zn,0.782204642,0.041755676,0.850076838,0.051720019,0.806578249,0.090076304,0.000243736,0.72764562,26,195.5,0.9467557,0.474407801,superweak
[O-]C=O.[Zn],2.899,2.42506,2.899,1.77399,163.982,0.437,0.246337,Zn,0.781337506,0.042314781,0.850604698,0.051474557,0.795197091,0.091421413,0.000138596,0.760537884,26,195.1,0.9467546,0.474407801,superweak
[O-]C=O.[Zn],2.88489,2.41029,2.88489,1.7796,162.642,0.4348,0.244325,Zn,0.77930788,0.045290732,0.845434482,0.055633822,0.786172617,0.091017668,6.86e-05,0.779611746,26,194.8,0.94675416,0.474407801,superweak
[O-]C(=O)c1ccc(cc1)c1cc(c2ccc(cc2)C(=O)[O-])c2c3c1ccc1c3c(cc2)c(cc1c1ccc(cc1)C(=O)[O-])c1ccc(cc1)C(=O)[O-].[Zn],6.89226,6.44672,6.87623,1.15816,1240.38,0.5344,0.46142,Zn,0.84942852,0.039332068,0.993836082,0.043755951,1.046995592,0.058344325,0.001975671,0.271935317,152,343.6,0.9564738,0.3,weak
[O-]C(=O)c1ccc(cc1)c1cc(c2ccc(cc2)C(=O)[O-])c2c3c1ccc1c3c(cc2)c(cc1c1ccc(cc1)C(=O)[O-])c1ccc(cc1)C(=O)[O-].[Zn][Zn],5.94412,5.16816,5.94094,1.15045,603.79,0.5168,0.449217,Zn,0.869943079,0.02929362,0.992316477,0.054385457,1.053295106,0.069384043,0.00183352,0.330119463,76,343.1,0.8617116,0.67,weak
[Cd][Cd].[O-]C(=O)c1ccc(cc1)c1cc(cc(c1)C(=O)[O-])C(=O)[O-],9.96128,8.95998,9.96128,0.695322,2817.07,0.7454,1.07202,Cd,0.76361624,0.002575758,0.855044328,0.003118849,0.944936221,0.003314521,0.0018132,0.21991233,116,363.5,0.9190923,0.62,weak
NC1=C2N=CN=C2N=C[N]1.[O-]C(=O)c1ccc2c(c1)ccc(c2)C(=O)[O-].[Zn].[Zn]O[Zn],24.11442,19.56277,24.09923,0.396669,101601,0.851,2.14536,Zn,0.82402363,0.020267303,0.926083519,0.043377283,0.978092244,0.057236724,0.001540686,0.370159654,2376,426.8,0.8578346,0.498571429,none
Brc1cc(cc(c1)C(=O)[O-])C(=O)[O-].[Cr][O]([Cr])[Cr].[O-]C(=O)c1ccncc1.[Zn][Zn],11.79013,6.60797,9.25557,0.794772,8562.82,0.7438,0.935866,"Zn,Cr",0.716079067,0.019062369,0.785978241,0.032876868,0.838180767,0.044622907,0.001221017,0.352723409,368,357.8,0.79547346,0.417089947,weak
[Cr][O]([Cr])[Cr].[O-]C(=O)c1ccc(o1)C(=O)[O-].[O-]C(=O)c1ccncc1.[Zn][Zn],14.29207,10.12824,14.27136,0.648977,8810.07,0.775,1.19419,"Zn,Cr",0.794562183,0.023217198,0.867235441,0.036238782,0.949704827,0.051133084,0.001551426,0.327501562,332,307.8,0.76964045,0.413571429,strong
Cc1cc(cc(c1)C(=O)[O-])C(=O)[O-].[Cr][O]([Cr])[Cr].[O-]C(=O)c1ccncc1.[Zn][Zn],11.32485,7.62193,11.32485,0.677748,8694.62,0.75,1.10661,"Zn,Cr",0.836086306,0.022702129,0.936309282,0.039136901,0.999730638,0.052316856,0.001636443,0.351286912,404,389.4,0.7976301,0.359571429,weak
Nc1cc(cc(c1)C(=O)[O-])C(=O)[O-].[Cr][O]([Cr])[Cr].[O-]C(=O)c1ccncc1.[Zn][Zn],12.38016,7.20357,12.38016,0.687816,8600.27,0.751,1.09186,"Zn,Cr",0.832070869,0.033036566,0.924336134,0.049866644,0.980970063,0.063005098,0.001488992,0.391311845,392,342.3,0.86777306,0.418571429,weak
[Cr][O]([Cr])[Cr].[O-]C(=O)c1cc(cc(c1)N(=O)=O)C(=O)[O-].[O-]C(=O)c1ccncc1.[Zn][Zn],11.05144,8.49257,11.05144,0.735801,8499.47,0.738,1.00299,"Zn,Cr",0.832783184,0.023426682,0.921960264,0.035749035,0.976350472,0.047998181,0.001435673,0.407879133,392,360,0.74479365,0.408571429,weak
[Cr][O]([Cr])[Cr].[O-]C(=O)C1=C[C]=CC(=C1)C(=O)[O-].[O-]C(=O)c1ccncc1.[Zn][Zn],11.82924,9.14708,11.82924,0.688549,8655.1,0.7528,1.09331,"Zn,Cr",0.823587835,0.033096065,0.915951371,0.050391519,0.973802633,0.062933265,0.001502148,0.378695486,392,366.5,0.9462795,0.408571429,weak
COc1cc(cc(c1)C(=O)[O-])C(=O)[O-].[Cr][O]([Cr])[Cr].[O-]C(=O)c1ccncc1.[Zn][Zn],11.54376,6.59796,11.54376,0.708658,8482.03,0.7352,1.03745,"Zn,Cr",0.853459647,0.029235042,0.934725994,0.050264783,0.993428534,0.067626092,0.001399689,0.43731362,416,363.7,0.81862646,0.398571429,weak
unknown,12.20585,6.15217,12.20585,0.793444,13683.5,0.7068,0.8908,Zr,0.835614676,0.009038507,0.940155683,0.009342354,1.040182018,0.008987991,0.002045673,0.222665096,744,337.7,0.8268509,0.137076923,strong
[O-]C(=O)C1=CN=N[CH]1.[O-]C(=O)[C]1C=NN=C1.[Zn][O]([Zn])([Zn])[Zn],10.81396,5.19047,10.78354,0.995074,1473.47,0.7264,0.729996,Zn,0.670852363,0.016368362,0.742248752,0.023744137,0.801365808,0.033699393,0.001305134,0.281358585,70,354.1,0.76906085,0.592043011,weak
[Cu].[O-]C(=O)c1ccc(cc1)n1ncnc1,4.6846,4.2919,4.67468,1.31892,1043.83,0.4712,0.357263,Cu,0.893673691,0.029276496,1.020853394,0.047638067,1.072372962,0.063841685,0.001786993,0.370185898,164,340.2,0.9173101,0.890905172,weak
[Cu].[O-]C(=O)c1ccc(cc1)n1ncnc1,4.82927,4.36265,4.81894,1.31666,1045.62,0.4712,0.357876,Cu,0.893861275,0.02969389,1.004649739,0.061326448,1.050074463,0.069908742,0.001562132,0.436115674,164,341,0.919353,0.890905172,weak
[Cu].[O-]C(=O)c1ccc(cc1)n1ncnc1,4.90987,4.45412,4.90987,1.30126,1057.55,0.471,0.361958,Cu,0.892610265,0.031039133,0.999944278,0.061430695,1.048357462,0.069862584,0.001557472,0.43518882,164,344.4,0.91853034,0.900905172,weak
[Cu].[O-]C(=O)c1ccc(cc1)n1ncnc1,4.83497,4.37925,4.83497,1.30952,1049.09,0.4702,0.359062,Cu,0.891423417,0.02995814,1.001836996,0.061302167,1.047481191,0.070273429,0.001560578,0.434044993,164,342.6,0.91861904,0.900905172,weak
[Cu].[O-]C(=O)c1ccc(cc1)n1ncnc1,4.61455,4.16515,4.61401,1.33735,994.92,0.4554,0.340523,Cu,0.89445183,0.029299717,1.003360655,0.061011911,1.051753093,0.069521061,0.001573013,0.432634102,164,337.2,0.92052084,0.890905172,weak
[O-]C(=O)c1ccc(cc1)c1ccc(cc1)c1ccc(cc1)C(=O)[O-].[O]12[Zr]34[OH]5[Zr]62[OH]2[Zr]71[OH]4[Zr]14[O]3[Zr]35[O]6[Zr]2([O]71)[OH]43,17.52486,9.15991,17.52486,0.493165,27984.3,0.8062,1.63475,Zr,0.866864884,0.007753389,0.98591993,0.007480992,1.103501746,0.006427103,0.002366369,0.157199838,936,370.1,0.3114614,0.727692308,weak
O[Zr]123(O)[OH]4[Zr]56([O]3[Zr]37([OH]2[Zr]28([O]1[Zr]14([O]6[Zr]([OH]53)([OH]21)([O]78)(O)O)(O)O)(O)O)(O)O)(O)O.[O-]C(=O)c1ccc(cc1)C1=C2C=CC3=[N]2[Fe]24n5c1ccc5C(=C1[N]2=C(C=C1)C(=c1n4c(=C3c2ccc(cc2)C(=O)[O-])cc1)c1ccc(cc1)C(=O)[O-])c1ccc(cc1)C(=O)[O-],16.95031,14.45168,16.94349,0.50204,46617.9,0.8216,1.63652,"Fe,Zr",0.791129623,0.012049685,0.892827802,0.013089515,0.999748637,0.010630023,0.00208619,0.16440214,1356,455,0.8905704,0.93,none
[O-]C(=O)c1ccc(cc1)c1ccc(cc1)C1=C2C=CC3=[N]2[Ni]24n5c1ccc5C(=C1[N]2=C(C=C1)C(=c1n4c(=C3c2ccc(cc2)c2ccc(cc2)C(=O)[O-])cc1)c1ccc(cc1)c1ccc(cc1)C(=O)[O-])c1ccc(cc1)c1ccc(cc1)C(=O)[O-].[O]12[Zr]34[OH]5[Zr]62[OH]2[Zr]71[OH]4[Zr]14[O]3[Zr]35[O]6[Zr]2([O]71)[OH]43,21.37941,8.74134,20.98907,0.420413,13382.4,0.8218,1.95474,"Ni,Zr",0.875336911,0.005645716,1.00361642,0.005874294,1.126723221,0.005086218,0.002513863,0.122040105,393,388.2,0.5355874,0.81,weak
[Co].[O-]C(=O)c1ccc(cc1)C1=C(SC(=C2SC(=C(S2)c2ccc(cc2)C(=O)[O-])c2ccc(cc2)C(=O)[O-])S1)c1ccc(cc1)C(=O)[O-],5.6621,4.62841,5.66105,1.17377,3565.72,0.526,0.44813,Co,0.824043798,0.02141344,0.933393053,0.035161472,0.987507982,0.048677748,0.001634642,0.342856972,384,334.8,0.54611075,0.6,strong_high_loading
[Cd].[O-]C(=O)c1ccc(cc1)C1=C(SC(=C2SC(=C(S2)c2ccc(cc2)C(=O)[O-])c2ccc(cc2)C(=O)[O-])S1)c1ccc(cc1)C(=O)[O-].[O][Cd],5.67149,4.60011,5.66519,1.32942,3566.62,0.5164,0.38844,Cd,0.739067109,0.01892366,0.833844705,0.030273927,0.885025106,0.041154757,0.00145958,0.308459315,390,341.9,0.5835171,0.65,weak
[O-]C(=O)c1ccc(cc1)c1cc(C)c(cc1C)c1cc(c2cc(C)c(cc2C)c2ccc(cc2)C(=O)[O-])c2c3c1ccc1c3c(cc2)c(cc1c1cc(C)c(cc1C)c1ccc(cc1)C(=O)[O-])c1cc(C)c(cc1C)c1ccc(cc1)C(=O)[O-].[O]12[Zr]34[OH]5[Zr]62[OH]2[Zr]71[OH]4[Zr]14[O]3[Zr]35[O]6[Zr]2([O]71)[OH]43,17.75046,8.47189,17.75046,0.458587,11273.7,0.7852,1.71222,Zr,0.948711331,0.008752514,1.097181303,0.009540074,1.236378237,0.007471844,0.002876669,0.087256119,432,376.1,0.6113442,0.72,weak
[O-]C(=O)c1ccc(cc1)c1ccc(cc1)C1=C2C=CC(=N2)C(=c2ccc(=C(C3=NC(=C(c4[nH]c1cc4)c1ccc(cc1)c1ccc(cc1)C(=O)[O-])C=C3)c1ccc(cc1)c1ccc(cc1)C(=O)[O-])[nH]2)c1ccc(cc1)c1ccc(cc1)C(=O)[O-].[O]12[Zr]34[OH]5[Zr]62[OH]2[Zr]71[OH]4[Zr]14[O]3[Zr]35[O]6[Zr]2([O]71)[OH]43,21.33814,8.58272,21.29638,0.403686,13339.4,0.8204,2.03227,Zr,0.907589322,0.005408123,1.041595407,0.005856878,1.17168147,0.005002904,0.002640921,0.115966215,396,395.4,0.84457,0.67,weak
[O-]C(=O)c1ccc(cc1)C#Cc1ccc(cc1)C1=C2C=CC(=N2)C(=c2ccc(=C(C3=NC(=C(c4[nH]c1cc4)c1ccc(cc1)C#Cc1ccc(cc1)C(=O)[O-])C=C3)c1ccc(cc1)C#Cc1ccc(cc1)C(=O)[O-])[nH]2)c1ccc(cc1)C#Cc1ccc(cc1)C(=O)[O-].[O]12[Zr]34[OH]5[Zr]62[OH]2[Zr]71[OH]4[Zr]14[O]3[Zr]35[O]6[Zr]2([O]71)[OH]43,25.24149,10.49588,25.19791,0.291153,21005,0.8684,2.98262,Zr,0.92792682,0.009057734,1.06093884,0.005855553,1.185052781,0.007827807,0.00257126,0.15803195,420,421.5,0.74360436,0.66,weak
[O-]C(=O)c1ccc(cc1)c1ccc(cc1)C(=O)[O-].[Zn][O]([Zn])([Zn])[Zn],10.86811,8.81679,10.85041,0.665684,7573.58,0.7604,1.14228,Zn,0.794581608,0.03111461,0.895404575,0.038918665,0.957219964,0.058851494,0.001626384,0.313167803,332,431.5,0.92331684,0.142,weak
[O-]C(=O)C1=C[CH]C(C=C1)c1ccc(cc1)C(=O)[O-].[O-]C(=O)c1ccc(cc1)c1ccc(cc1)C(=O)[O-].[Zn][O]([Zn])([Zn])[Zn],10.97178,8.95221,10.97139,0.663582,3812.62,0.7624,1.14892,Zn,0.799844716,0.029049554,0.900996658,0.040445126,0.957016416,0.05738353,0.001571717,0.335851643,168,428.5,0.9138403,0.152,weak
[O-]C(=O)c1ccc(cc1)C(=O)[O-].[O-]C(=O)c1ccc(cc1)c1ccc(cc1)C(=O)[O-].[O-]C(=O)c1ccc2-c3c(C(c2c1)(C)C)c1-c2ccc(cc2C(c1c1-c2c(C(c31)(C)C)cc(cc2)C(=O)[O-])(C)C)C(=O)[O-].[Zn][O]([Zn])([Zn])[Zn],21.77624,7.63056,21.77624,0.452533,22196.2,0.826,1.82528,Zn,0.876245875,0.037839111,0.9403575,0.072080983,1.005873021,0.078511584,0.001296271,0.487130455,708,367.4,0.8122989,0.72,none
CCC1(CC)c2cc(ccc2-c2c1c1-c3ccc(cc3C(c1c1-c3c(C(c21)(CC)CC)cc(cc3)C(=O)[O-])(CC)CC)C(=O)[O-])C(=O)[O-].[O-]C(=O)c1ccc(cc1)C(=O)[O-].[O-]C(=O)c1ccc(cc1)c1ccc(cc1)C(=O)[O-].[Zn][O]([Zn])([Zn])[Zn],19.35863,7.23576,19.35863,0.494223,21327.3,0.7938,1.60616,Zn,0.921070193,0.049690165,0.985224985,0.096183183,1.03984412,0.096954489,0.001187739,0.56633769,852,391.8,0.88109875,0.79,weak
unknown,16.40548,6.2544,14.45084,0.540663,20471.2,0.7688,1.42196,Zn,0.96300098,0.059767078,1.048516836,0.105806975,1.093109165,0.106708342,0.001301082,0.579497009,996,438.7,0.79839814,0.08,weak
unknown,16.7062,6.33558,14.47528,0.543377,20369,0.7688,1.41485,Zn,0.960607309,0.059079025,1.041484326,0.11138879,1.081105171,0.109567906,0.001204979,0.60598975,996,436.4,0.8110202,0.1,weak
CCCC1(CCC)c2cc(ccc2-c2c1c1-c3ccc(cc3C(c1c1-c3c(C(c21)(CCC)CCC)cc(cc3)C(=O)[O-])(CCC)CCC)C(=O)[O-])C(=O)[O-].[O-]C(=O)c1ccc(cc1)C(=O)[O-].[O-]C(=O)c1ccc(cc1)c1ccc(cc1)C(=O)[O-].[Zn][O]([Zn])([Zn])[Zn],16.25601,6.43045,14.33665,0.543673,20342,0.7682,1.41298,Zn,0.973772357,0.059209041,1.051079371,0.107887935,1.094495562,0.109011531,0.001207232,0.617251216,996,441.1,0.7972394,0.1,weak
C1CN2CCN1CC2.I[Cu]12[Cu]3([Cu]1([Cu]23I)I)I.[Cu].c1cc(cc(c1)C1=Nc2c([N]1)cccc2)C1=Nc2c([N]1)cccc2,8.09458,6.64328,8.08178,1.47307,5799.78,0.6032,0.409485,Cu,0.556843456,0.028779285,0.592586459,0.050252707,0.634244615,0.050319529,0.000774012,0.323654121,516,315.1,0.49451193,0.14,weak
C1CN2CCN1CC2.I[Cu]12[Cu]3([Cu]1([Cu]23I)I)I.[Cu].c1cc(cc(c1)C1=Nc2c([N]1)cccc2)C1=Nc2c([N]1)cccc2,8.56555,6.75088,8.54117,1.39796,6368.75,0.6286,0.449656,Cu,0.557718962,0.028310891,0.585081349,0.050611554,0.62967694,0.051056961,0.00071958,0.33897283,516,311.9,0.49114758,0.14,weak
C1CN2CCN1CC2.I[Cu]12[Cu]3([Cu]1([Cu]23I)I)I.[Cu].c1cc(cc(c1)C1=Nc2c([N]1)cccc2)C1=Nc2c([N]1)cccc2,8.53443,6.78718,8.51023,1.40015,6381.02,0.6308,0.450522,Cu,0.55638361,0.028650646,0.585110633,0.051067324,0.629962165,0.05041704,0.000735786,0.332960532,516,311.8,0.4916361,0.14,none
[O-]C(=O)c1cc([O])c(cc1[O])C(=O)[O-].[Zn],9.34457,8.66556,9.34457,1.33966,1494.15,0.6184,0.461609,Zn,0.663783892,0.011752142,0.744793811,0.015733062,0.786295119,0.017003688,0.001225112,0.302834978,108,406.8,0.86741483,0.491785714,weak
O1[Zr]2O[Zr]3O[Zr]4O[Zr]1O[Zr]1O[Zr](O2)O[Zr](O3)O[Zr](O1)O4.[O-]C(=O)c1ccc(cc1)C#Cc1ccc(cc1)C(c1ccc(cc1)C#Cc1ccc(cc1)C(=O)[O-])(c1ccc(cc1)C#Cc1ccc(cc1)C(=O)[O-])c1ccc(cc1)C#Cc1ccc(cc1)C(=O)[O-].[O]12[Zr]34[O]5[Zr]62[O]2[Zr]71[O]4[Zr]14[O]3[Zr]35[O]6[Zr]2([O]71)[O]43,18.84439,11.02909,18.84439,0.389439,97592.6,0.8376,2.15079,Zr,0.848690823,0.041419638,0.917433964,0.06287889,0.999030436,0.084348172,0.001503396,0.395529763,2548,475.1,0.8362975,0.97,none
unknown,28.05599,26.5894,28.05599,0.284192,13047.5,0.8798,3.09579,Mg,0.907916943,0.045921285,1.02180201,0.067486139,1.106473253,0.08711382,0.001985563,0.317116987,266,401.2,0.9478165,0.38,weak
Fc1cc([C]2C=NN=C2)c(cc1[C]1C=NN=C1)F.[Co],9.91946,9.58016,9.91946,0.781607,1825.41,0.7086,0.906594,Co,0.807015037,0.020636257,0.908150704,0.042340091,0.973025597,0.057300059,0.001660106,0.315026816,100,246.9,0.5948701,0.728116711,weak
unknown,10.01279,9.5867,10.01279,0.70214,1792.85,0.7094,1.01034,Co,0.821514974,0.041257398,0.935126349,0.061606019,1.001524112,0.074612309,0.001800091,0.289356498,100,336.2,0.08789238,0.738461538,weak
Cc1cc(C2=C[N]N=C2)c(cc1[C]1C=NN=C1)C.[Co],4.23296,3.57101,4.23296,1.28355,331.503,0.434,0.338124,Co,0.935623887,0.00707915,1.057836868,0.006376199,1.177027213,0.009117749,0.002414033,0.211917682,62,373.4,0.2618091,0.795333333,weak
unknown,8.84064,8.69368,8.84064,0.846693,801.404,0.674,0.796038,Co,0.82091799,0.009178454,0.925021255,0.012092323,1.040165335,0.015112515,0.002192473,0.161335815,50,254.8,0.45027828,0.773794872,weak
[Ni].[O-]C(=O)c1ccncc1,5.21863,3.66829,5.17605,1.25034,405.007,0.5034,0.402611,Ni,0.878100484,0.032464786,1.005076366,0.048294331,1.03959244,0.064548424,0.00161492,0.409034586,54,288,0.93900895,0.575,weak
[Co][Co].[Co][OH]([Co])[Co].[O-]C(=O)c1ccc(cc1)C(=O)[O-].[O-]C(=O)c1cccnc1,13.94738,6.83886,13.62263,0.846295,12127.4,0.6772,0.800194,Co,0.847518931,0.026192525,0.937691129,0.038112221,1.010098162,0.049125753,0.001625792,0.362742097,748,318.6,0.8424951,0.341,strong
[C]#N.[Fe].[Pd],4.29368,3.13998,4.26677,1.49245,2223.33,0.409,0.274046,"Pd,Fe",0.851326159,0.024559589,0.945550554,0.05503654,0.934063249,0.065223665,0.000827371,0.620733507,416,265.9,0.9440687,0.3205,unknown
[C]#N.[Fe].[Pd],4.28564,3.14394,4.26601,1.48934,2218.17,0.4072,0.27341,"Pd,Fe",0.852619071,0.024740066,0.958891499,0.045097253,0.957672487,0.058640143,0.001050534,0.555374066,416,265.9,0.94396716,0.3205,unknown
unknown,14.51268,5.80884,14.50613,0.561601,12330.3,0.7704,1.37179,Fe,0.853093731,0.033823446,0.953024378,0.045253842,1.022411407,0.061757091,0.001693177,0.350231308,480,363.8,0.6371081,0.44,weak
[Cu][Cu].[O-]C(=O)CCCC(=O)[O-].n1ccc(cc1)CCc1ccncc1,4.79113,4.11066,4.79113,1.46806,532.173,0.4116,0.280371,Cu,0.944441806,0.041538622,1.063929213,0.045321868,1.127865724,0.038120994,0.001834239,0.403428536,116,251.4,0.5512677,0.59022964,weak
[Cu][Cu].[O-]C(=O)CCCC(=O)[O-].n1ccc(cc1)CCc1ccncc1,5.60617,5.31106,5.60617,1.3759,1250.41,0.4532,0.329384,Cu,0.947162887,0.038991327,1.064543131,0.046948713,1.129626037,0.037519465,0.001824632,0.408489653,232,244.5,0.31419253,0.61022964,weak
[Cu][Cu].[O-]C(=O)CCCC(=O)[O-].n1ccc(cc1)CCc1ccncc1,5.45221,5.20273,5.45221,1.37519,619.729,0.449,0.326499,Cu,0.921853077,0.007489469,1.046342405,0.006065267,1.168750469,0.004767339,0.002468974,0.181507781,116,254.8,0.39541268,0.61022964,weak
C(Cc1ccncc1)Cc1ccncc1.[Cu][Cu].[O-]C(=O)CCCC(=O)[O-],6.2648,5.55557,6.2648,1.2733,1417.92,0.4642,0.364564,Cu,0.935651458,0.007227943,1.062312608,0.005165329,1.186179188,0.004187468,0.002505277,0.184534032,244,253.5,0.20967045,0.60022964,weak
[O-]C(=O)c1ccc(cc1)C#Cc1c(F)c(F)c(c(c1F)F)C#Cc1ccc(cc1)C(=O)[O-].[O]12[Zr]34[O]5[Zr]62[O]2[Zr]71[O]4[Zr]14[O]3[Zr]35[O]6[Zr]2([O]71)[O]43,19.18618,13.02178,19.18618,0.692178,11869.7,0.7512,1.08527,Zr,0.843934782,0.017456119,0.943505952,0.034465088,1.00033869,0.036799865,0.001564039,0.381846127,508,360.6,0.9515672,0.3,weak
[Zn].n1ccc(cc1)Sc1ccncc1,4.15296,3.04527,4.12346,1.31423,1410.19,0.4778,0.36356,"Zn,Si",0.858608675,0.030329264,0.97181587,0.042991573,1.030183384,0.062432605,0.001715747,0.353024494,200,356.9,0.7549,0.63,none
[Zn].n1ccc(cc1)Sc1ccncc1,4.19171,2.90297,4.19135,1.29001,1441.47,0.4794,0.371624,"Zn,Si",0.871962067,0.005223824,0.990993415,0.005495754,1.093551869,0.006350058,0.002215898,0.209938141,200,358.2,0.7469728,0.63,none
[Cu].n1ccc(cc1)c1ccncc1,6.19896,3.56501,6.19896,0.784156,4103.83,0.6444,0.821775,Cu,0.949523011,0.003632501,1.091580911,0.004453424,1.230760314,0.003216807,0.002812373,0.10629085,328,364.2,0.9083607,0.576666667,weak
[Cu][Cu].[O-]C(=O)c1ccc(cc1)c1ccc(cc1)c1cc(cc(c1)C(=O)[O-])C(=O)[O-],15.78565,8.73155,15.78565,0.663423,12182,0.7632,1.1504,Cu,0.831248903,0.022255242,0.92291618,0.039924242,0.976396736,0.050826803,0.001451478,0.402169858,528,245.1,0.8632711,0.619642857,weak
unknown,15.65792,15.56978,15.65792,0.743423,2044.2,0.7608,1.02337,Zn,0.739639775,0.018019949,0.828237692,0.029412876,0.878799419,0.033921399,0.001391596,0.328500209,84,376.3,0.94373935,0.640247253,weak
unknown,16.23871,16.17292,16.23871,0.717192,2147.37,0.771,1.07503,Zn,0.741577008,0.016115444,0.826507005,0.02700444,0.885301089,0.032634726,0.001437241,0.314760752,84,368.6,0.94286263,0.670247253,weak
[Co].[O-]C(=O)c1cc(C(=O)[O-])c(cc1[O])[O],11.02444,9.92155,11.02444,1.19054,836.995,0.6412,0.538577,Co,0.704730102,0.010472406,0.779528487,0.014324141,0.833543691,0.016686309,0.001288136,0.321753197,54,230.9,0.92876613,0.180285714,weak
[Co].[O-]C(=O)c1cc([O])c(cc1[O])C(=O)[O-],11.27084,10.75758,11.27084,1.18753,837.29,0.6398,0.538767,Co,0.709814547,0.008178973,0.779838035,0.014107619,0.831329221,0.016831315,0.001215147,0.348359244,54,229.5,0.9356077,0.180285714,weak
unknown,26.10837,25.14725,26.10837,0.343786,27444.3,0.8718,2.53588,Zn,0.817274653,0.027899029,0.89858213,0.046408356,0.971398671,0.060589417,0.00154124,0.356317757,534,386.3,0.7767724,0.15,weak
[Ni].[O-]C(=O)C(=O)[O-].c1ncn(c1)c1ccc(cc1)C(c1ccc(cc1)n1cncc1)(c1ccc(cc1)n1cncc1)c1ccc(cc1)n1cncc1,8.68471,5.22052,8.68471,0.754862,1963.33,0.6492,0.860025,Ni,0.932483987,0.049250037,1.027366241,0.086560759,1.103620844,0.097649432,0.001711369,0.422178026,154,318.8,0.16573131,0.9,weak
unknown,16.33465,16.24964,16.33465,0.72676,2136.14,0.7772,1.0694,Zn,0.731227419,0.019367242,0.807646728,0.034791961,0.857576153,0.03760186,0.001263487,0.356596196,84,367.6,0.95429146,0.510643223,weak
unknown,16.26686,16.18115,16.26686,0.725095,2142.7,0.7778,1.07269,Zn,0.729487369,0.018058133,0.80936711,0.034421325,0.859969171,0.037721363,0.001304818,0.342921578,84,367.8,0.9545248,0.510643223,weak
Cc1cc(ccc1c1ccc(cc1C)C(=O)[O-])C(=O)[O-].[O]12[Zr]34[O]5[Zr]62[O]2[Zr]71[O]4[Zr]14[O]3[Zr]35[O]6[Zr]2([O]71)[O]43,14.79057,13.9519,14.79057,0.674915,6517.97,0.7576,1.12251,Zr,0.791792297,0.035375213,0.865686613,0.054746621,0.949079758,0.055227143,0.001572875,0.318346776,284,391.3,0.83999145,0.85,none
Cc1cc(ccc1c1ccc(cc1C)C(=O)[O-])C(=O)[O-].[O]12[Th]34[O]5[Th]62[O]2[Th]71[O]4[Th]14[O]3[Th]35[O]6[Th]2([O]71)[O]43,15.55311,14.01621,15.55311,0.794986,8636.51,0.7972,1.00278,Th,0.527668409,0.024826385,0.571789179,0.040511922,0.596817276,0.045824822,0.000691489,0.323403922,284,360.2,0.4324364,0.55,none
Cc1cc(ccc1c1ccc(cc1C)C(=O)[O-])C(=O)[O-].[O]12[U]34[O]5[U]62[O]2[U]71[O]4[U]14[O]3[U]35[O]6[U]2([O]71)[O]43,15.13285,14.00013,15.13285,0.875557,7836.76,0.7858,0.897485,U,0.518211542,0.023804642,0.554056046,0.038785814,0.586424066,0.044648869,0.000682125,0.314153385,284,364.5,0.43707952,0.55,none
[O]12[Zr]34[O]5[Zr]62[O]2[Zr]71[O]4[Zr]14[O]3[Zr]35[O]6[Zr]2([O]71)[O]43.[O]c1c(c2ccc(cc2)C(=O)[O-])c2ccc3c4c2c(c1c1ccc(cc1)C(=O)[O-])ccc4c(c(c3c1ccc(cc1)C(=O)[O-])[O])c1ccc(cc1)C(=O)[O-],30.57858,29.28279,30.5765,0.46979,18479.7,0.8328,1.77271,Zr,0.790095932,0.037348681,0.884111458,0.053379867,0.939377647,0.063710172,0.001492817,0.34870901,486,430.9,0.94917315,0.95,none
Oc1c(cc(cc1c1ccc(cc1)C(=O)[O-])c1cc(c2ccc(cc2)C(=O)[O-])c(c(c1)c1ccc(cc1)C(=O)[O-])O)c1ccc(cc1)C(=O)[O-].[O]12[Zr]34[O]5[Zr]62[O]2[Zr]71[O]4[Zr]14[O]3[Zr]35[O]6[Zr]2([O]71)[O]43,30.78,29.4358,30.77189,0.444258,19027.5,0.8482,1.90925,Zr,0.767812403,0.03292959,0.846512962,0.053052844,0.910029159,0.058679061,0.001422168,0.343692865,474,433.8,0.9524394,0.92,none
Nc1c(cc(cc1c1ccc(cc1)C(=O)[O-])c1cc(c2ccc(cc2)C(=O)[O-])c(c(c1)c1ccc(cc1)C(=O)[O-])N)c1ccc(cc1)C(=O)[O-].[O]12[Zr]34[O]5[Zr]62[O]2[Zr]71[O]4[Zr]14[O]3[Zr]35[O]6[Zr]2([O]71)[O]43,30.4164,29.15594,30.4164,0.463974,18028.8,0.841,1.8126,Zr,0.773032999,0.035562454,0.864867532,0.053161467,0.926014751,0.059682035,0.001529818,0.319202296,486,429,0.9392136,0.95,none
[O]12[Zr]34[O]5[Zr]62[O]2[Zr]71[O]4[Zr]14[O]3[Zr]35[O]6[Zr]2([O]71)[O]43.[O]c1c(cc(cc1c1ccc(cc1)C(=O)[O-])c1cc(c2ccc(cc2)C(=O)[O-])c(c(c1)c1ccc(cc1)C(=O)[O-])[O])c1ccc(cc1)C(=O)[O-],30.8785,29.56547,30.87792,0.458643,18341.6,0.8458,1.84414,Zr,0.769378606,0.028703324,0.858738169,0.04289314,0.933815905,0.052580853,0.001644373,0.278447013,462,421.1,0.9522549,0.94,none
[Co].[O-]C(=O)c1cc([O])c(cc1[O])C(=O)[O-],11.44135,10.88879,11.44056,1.18297,3411.46,0.6492,0.548789,Co,0.703671827,0.007701074,0.776239902,0.013126011,0.829271263,0.015743781,0.001255994,0.33012964,216,263.1,0.92785114,0.180285714,weak
[Co].[O-]C(=O)c1cc(C(=O)[O-])c(cc1[O])[O],11.11018,9.884,11.10863,1.18539,2481,0.6308,0.532146,Co,0.700135751,0.009158263,0.776446225,0.012890723,0.827624306,0.017564477,0.001274886,0.321858818,162,245.3,0.9228232,0.180285714,weak
Cc1cc(cc(c1c1ccncc1)C)c1nc2c(s1)nc(s2)c1cc(C)c(c(c1)C)c1ccncc1.[O-]C(=O)c1ccc(s1)C(=O)[O-].[Zn][Zn],6.0961,4.34676,6.0895,1.07991,3423.27,0.5704,0.528194,Zn,0.877949546,0.02845643,0.979799636,0.045456023,1.062215212,0.043425443,0.001842657,0.328391637,352,305.8,0.5748299,0.525211538,weak
[O-]C(=O)c1ccc(cc1)c1cc(C#CC#Cc2cc(cc(c2)c2ccc(cc2)C(=O)[O-])c2ccc(cc2)C(=O)[O-])cc(c1)c1ccc(cc1)C(=O)[O-].[O]12[Zr]34[O]5[Zr]62[O]2[Zr]71[O]4[Zr]14[O]3[Zr]35[O]6[Zr]2([O]71)[O]43,16.55771,13.56943,16.55771,0.429176,6623.53,0.8422,1.96237,Zr,0.780354752,0.03125147,0.857756598,0.049917957,0.915735533,0.060291028,0.001353808,0.377449563,162,339.1,0.7609767,0.94,unknown
unknown,15.5599,12.08216,15.5599,0.459317,6155.08,0.8376,1.82358,Zr,0.782109521,0.030639341,0.860532828,0.051512915,0.915747494,0.059552889,0.00133638,0.38506371,162,340.5,0.69373024,0.94,unknown
[O-]C(=O)c1ccc(cc1)c1cc(C#CC#Cc2cc(cc(c2)c2ccc(cc2)C(=O)[O-])c2ccc(cc2)C(=O)[O-])cc(c1)c1ccc(cc1)C(=O)[O-].[O]12[Hf]34[O]5[Hf]62[O]2[Hf]71[O]4[Hf]14[O]3[Hf]35[O]6[Hf]2([O]71)[O]43,15.77552,12.2299,15.77552,0.571209,6200.54,0.8344,1.46076,Hf,0.606563457,0.025712436,0.675331203,0.036920112,0.719363763,0.044369401,0.001128003,0.272285068,162,419.5,0.8840103,0.81,unknown
[O-]C(=O)c1ccc(cc1)C#Cc1ccc(cc1)C(=O)[O-].[O-]C(=O)c1ccc(cc1)c1cc(C#CC#Cc2cc(cc(c2)c2ccc(cc2)C(=O)[O-])c2ccc(cc2)C(=O)[O-])cc(c1)c1ccc(cc1)C(=O)[O-].[O]12[Zr]34[O]5[Zr]62[O]2[Zr]71[O]4[Zr]14[O]3[Zr]35[O]6[Zr]2([O]71)[O]43,15.52353,8.15201,15.52353,0.565002,5863.61,0.779,1.37876,Zr,0.814400559,0.033153218,0.901459367,0.057962321,0.955356474,0.065793801,0.001409559,0.397059763,218,381.1,0.34529307,0.887692308,weak
[O-]C(=O)C=CC=CC(=O)[O-].[O]12[Zr]34[O]5[Zr]62[O]2[Zr]71[O]4[Zr]14[O]3[Zr]35[O]6[Zr]2([O]71)[O]43,9.82414,8.45778,9.82414,0.822188,1893.75,0.7588,0.922904,Zr,0.666943262,0.019675667,0.727137915,0.030418354,0.78400855,0.039473681,0.001170653,0.316301399,70,333.9,0.7138439,0.81,none
unknown,13.01952,10.30206,13.01952,0.6302,8031.91,0.7766,1.23231,Zr,0.760250767,0.032121505,0.850223003,0.045939034,0.912515353,0.055581895,0.001522646,0.308070324,308,365.1,0.9185146,0.96,none
[O-]C(=O)c1ccc(cc1)C#Cc1ccc(cc1)C(=O)[O-].[O-]C(=O)c1ccc(cc1)C(=O)[O-].[O-]C(=O)c1ccc(cc1)c1cc(c2ccc(cc2)C(=O)[O-])c2c(c1)c1cc(cc(c1[nH]2)c1ccc(cc1)C(=O)[O-])c1ccc(cc1)C(=O)[O-].[O-]C(=O)c1ccc(cc1)c1ccc(cc1)C(=O)[O-].[O]12[Zr]34[O]5[Zr]62[O]2[Zr]71[O]4[Zr]14[O]3[Zr]35[O]6[Zr]2([O]71)[O]43,13.74408,7.17576,13.74408,0.70707,8202.84,0.719,1.01687,Zr,0.8013847,0.034597113,0.896640709,0.049270627,0.968619593,0.060847289,0.001672349,0.30355954,406,344.8,0.8298907,0.66,weak
[O-]C(=O)c1ccc(cc1)C(=O)[O-].[O-]C(=O)c1ccc(cc1)c1cc(c2ccc(cc2)C(=O)[O-])c2c(c1)c1cc(cc(c1[nH]2)c1ccc(cc1)C(=O)[O-])c1ccc(cc1)C(=O)[O-].[O]12[Zr]34[O]5[Zr]62[O]2[Zr]71[O]4[Zr]14[O]3[Zr]35[O]6[Zr]2([O]71)[O]43,12.55429,9.64029,12.55429,0.67153,7686.91,0.7602,1.13204,Zr,0.770476039,0.032336029,0.861780466,0.047075946,0.926748681,0.056909974,0.001562726,0.306047481,324,348.8,0.91753966,0.89,none
[O-]C(=O)c1ccc(cc1)C(=O)[O-].[O-]C(=O)c1ccc(cc1)c1cc(c2ccc(cc2)C(=O)[O-])c2c(c1)c1cc(cc(c1[nH]2)c1ccc(cc1)C(=O)[O-])c1ccc(cc1)C(=O)[O-].[O-]C(=O)c1ccc(cc1)c1ccc(cc1)C(=O)[O-].[O]12[Zr]34[O]5[Zr]62[O]2[Zr]71[O]4[Zr]14[O]3[Zr]35[O]6[Zr]2([O]71)[O]43,12.91193,7.01638,12.91193,0.753337,7446.92,0.7024,0.932385,Zr,0.799564992,0.034344222,0.8930766,0.051099016,0.96372987,0.061187699,0.001641649,0.310880084,402,344.2,0.8637892,0.66,weak
unknown,4.94642,3.87251,4.45816,1.30788,578.613,0.5494,0.420071,Cu,0.761398609,0.026781264,0.83462876,0.045857627,0.878310571,0.056287722,0.00116912,0.415587445,59,262.4,0.9190085,0.588666667,strong
N#C[C]1C(=O)[C]([O])C(=C(C1=O)[O])Cl.[Fe],7.82632,5.83106,7.82632,0.772429,1090.72,0.7204,0.932642,Fe,0.795720682,0.010976147,0.843141628,0.011599384,0.909460784,0.013202909,0.001137401,0.451350674,41,268.2,0.85905695,0.345,weak
[O-]C(=O)C1CCC(C1(C)C)(C)C(=O)[O-].[Zn][O]([Zn])([Zn])[Zn],6.42741,5.33782,6.42741,1.35647,1093.35,0.512,0.37745,Zn,0.917162881,0.059646391,0.969864461,0.095078471,1.033307094,0.09383229,0.001161442,0.566940068,178,416.2,0.8938373,0.39122964,weak
[Cd].c1ccc2c(c1)N=C[N]2,5.75722,3.39104,5.53641,1.26217,6013.81,0.5494,0.43528,Cd,0.724744379,0.033599788,0.831553116,0.049474807,0.871206519,0.060830184,0.001464621,0.29655051,696,381.7,0.627651,0.626580442,weak
[Cd].c1ccc2c(c1)N=C[N]2,4.79079,2.8376,4.79041,1.38339,2555.67,0.5118,0.36996,Cd,0.731263347,0.031797119,0.816093414,0.059955237,0.849278988,0.068462364,0.001180156,0.385823838,348,366,0.56143844,0.626580442,weak
[O-]C(=O)c1ccc(cc1)c1cc(c2ccc(cc2)C(=O)[O-])c2c3c1ccc1c3c(cc2)c(cc1c1ccc(cc1)C(=O)[O-])c1ccc(cc1)C(=O)[O-].[O]12[Zr]34[O]5[Zr]62[O]2[Zr]71[O]4[Zr]14[O]3[Zr]35[O]6[Zr]2([O]71)[O]43,30.40387,28.92149,30.40114,0.456762,18510.9,0.835,1.82809,Zr,0.767076132,0.030999771,0.841019896,0.053809782,0.898330434,0.058327596,0.001312543,0.376085433,486,471.9,0.9492038,0.94,none
[O-]C(=O)c1ccc(cc1)c1cc(c2ccc(cc2)C(=O)[O-])c2c3c1ccc1c3c(cc2)c(cc1c1ccc(cc1)C(=O)[O-])c1ccc(cc1)C(=O)[O-].[O]12[Zr]34[O]5[Zr]62[O]2[Zr]71[O]4[Zr]14[O]3[Zr]35[O]6[Zr]2([O]71)[O]43,30.18955,28.66113,30.18955,0.459784,18358.4,0.8336,1.81302,Zr,0.759201863,0.03211993,0.847738967,0.046810298,0.916059495,0.053985662,0.001568576,0.291998398,486,468.1,0.9488023,0.94,none
NC1=NC=NC2=NC=N[C]12.[Cu].[Cu]1[OH]2[Cu][OH]3[Cu]4562[OH]1[Cu][OH]6[Cu][OH]5[Cu][OH]4[Cu]3,8.37218,6.14771,8.37207,1.25702,9309.21,0.6088,0.484318,Cu,0.753952809,0.024021809,0.857897957,0.035524298,0.90880693,0.043327614,0.001548541,0.298229809,836,367.3,0.47359562,0.682083333,weak
[Fe][O]([Fe])[Fe].[O-]C(=O)c1ccc(cc1)c1cc2c(cc1c1ccc(cc1)C(=O)[O-])C1c3c(C2c2c1cc(c(c2)c1ccc(cc1)C(=O)[O-])c1ccc(cc1)C(=O)[O-])cc(c(c3)c1ccc(cc1)C(=O)[O-])c1ccc(cc1)C(=O)[O-],14.74444,13.5624,14.74444,0.51226,2957.27,0.7916,1.54531,Fe,0.871714853,0.036317122,0.98713211,0.053951736,1.050457995,0.068913789,0.001787431,0.344167322,110,291.1,0.1133357,0.5,weak
[Cr][O]([Cr])[Cr].[O-]C(=O)c1ccc(cc1)c1cc2c(cc1c1ccc(cc1)C(=O)[O-])C1c3c(C2c2c1cc(c(c2)c1ccc(cc1)C(=O)[O-])c1ccc(cc1)C(=O)[O-])cc(c(c3)c1ccc(cc1)C(=O)[O-])c1ccc(cc1)C(=O)[O-],14.55008,13.60266,14.55008,0.517089,2900.29,0.7916,1.53088,Cr,0.878635159,0.038077247,0.960167269,0.060025322,1.026404926,0.071795576,0.001477698,0.437874933,110,327.9,0.13868934,0.68,strong
unknown,5.98053,5.13008,5.97854,1.20856,3717.15,0.5598,0.463196,Co,0.805344769,0.017853561,0.887424897,0.03483746,0.942997609,0.045426238,0.001376528,0.396804152,360,386.4,0.8930012,0.441333333,unknown
[Cu][Cu].[O-]C(=O)c1cc(cc(c1)C(=O)[O-])C(=O)[O-],13.1488,6.6112,13.1488,0.886045,3242.07,0.715,0.806957,Cu,0.742542819,0.012511011,0.811883764,0.022141316,0.875884249,0.033161142,0.001333414,0.343408607,156,324.4,0.9490397,0.441178571,weak
[O-]C(=O)c1ccc(cc1)c1cc(c2ccc(cc2)C(=O)[O-])c2c3c1CCC13CCc3c1c(OP(=O)(O2)[O])c(cc3c1ccc(cc1)C(=O)[O-])c1ccc(cc1)C(=O)[O-].[O]12[Zr]34[O]5[Zr]62[O]2[Zr]71[O]4[Zr]14[O]3[Zr]35[O]6[Zr]2([O]71)[O]43,19.8152,12.73503,19.8152,0.586065,45156.4,0.7854,1.34012,Zr,0.79264224,0.027521192,0.869199717,0.047453113,0.932714776,0.05236041,0.001400725,0.37459837,1638,390.7,0.88944906,0.92,none
unknown,11.10377,9.04013,11.10377,0.647932,4470.5,0.7464,1.15197,Zr,0.793207513,0.0368061,0.876948689,0.059082588,0.931926709,0.063961956,0.001387192,0.381843784,202,404.1,0.62657195,0.9,none
unknown,5.03312,2.6658,5.00101,1.21021,2391.75,0.546,0.451163,Zn,0.832310996,0.015432863,0.92889313,0.007792102,1.036037238,0.006285374,0.002037262,0.219371944,272,391.6,0.23279032,0.909574468,weak
C1=C[N]C=N1.C1=N[CH]C=N1.[Zn],4.93973,2.58182,4.87413,1.24583,2298.68,0.5402,0.433607,Zn,0.826604413,0.015646539,0.929399199,0.007901851,1.035450817,0.005325288,0.002088464,0.199522396,272,390.3,0.21209058,0.909574468,weak
O=C1C(=O)C(=O)C1=O.[Co].[OH],4.13692,3.80839,4.13692,2.1984,121.411,0.3696,0.168123,Co,0.713990961,0.009983771,0.774394646,0.013527652,0.840508832,0.013915583,0.001265179,0.333485596,23,275.1,0.6601127,0.49,strong
[Cu][Cu].[O-]C(=O)c1cc(cc(c1)C(=O)[O-])C(=O)[O-],13.27559,6.66886,13.27082,0.886546,3242.06,0.7154,0.806952,Cu,0.745016336,0.01323263,0.806283823,0.026297858,0.860365587,0.038258785,0.001153493,0.400166202,156,308.4,0.94823706,0.441178571,weak
[Cu][Cu].[O-]C(=O)c1cc(cc(c1)C(=O)[O-])C(=O)[O-],13.17214,6.65971,13.16873,0.883033,3254.04,0.7152,0.809936,Cu,0.747536988,0.011709156,0.805205865,0.026888827,0.866453893,0.035310265,0.001189169,0.390189749,156,307.5,0.94896114,0.958678571,weak
[O-]C(=O)c1ccc(c(c1)[O])C(=O)[O-].[OH].[Zn],13.36572,13.28871,13.36572,1.2847,3273.41,0.6456,0.502532,Zn,0.694471655,0.014225352,0.775871218,0.028366957,0.815756245,0.030242311,0.001212846,0.337536977,240,390,0.9172369,0.671574468,weak
[O-]C(=O)c1ccc(cc1)c1ccc(c(c1)[O])C(=O)[O-].[OH].[Zn],11.52189,10.02524,11.52189,0.956305,3771.98,0.6738,0.704587,Zn,0.75381642,0.025151697,0.839493435,0.0416361,0.884939821,0.048512678,0.001311234,0.367151318,240,398.4,0.96365416,0.759374471,weak
Cc1cc(ccc1c1ccc(cc1C)C(=O)[O-])C(=O)[O-].[O]12[Th]34[O]5[Th]62[O]2[Th]71[O]4[Th]14[O]3[Th]35[O]6[Th]2([O]71)[O]43,15.26833,14.39286,15.26833,0.903901,7437.69,0.7806,0.86359,Th,0.525427463,0.023047459,0.580559939,0.03491345,0.623819539,0.03715673,0.000983921,0.232230045,284,354,0.4544187,0.55,none
unknown,15.22231,14.13895,15.22231,0.909255,7525.19,0.7836,0.861805,U,0.519814092,0.022352149,0.56828062,0.034822792,0.61048389,0.038531713,0.000906698,0.248848575,284,362.3,0.44496983,0.55,none
F[Np]123O[Np]4O[Np]56[O]3[Np]3O[Np]7(O1)(F)O[Np]18(F)O[Np]9[O]7[Np](O3)(O6)O[Np]3([O]8[Np]6O[Np]7(O1)(O[Np]18O[Np]%10(O2)[O]4[Np]2(O5)(F)O[Np](O%10)[O]1[Np]1(O2)(F)O[Np](O8)[O]7[Np](O1)(O6)O3)F)O9.[O-]C(=O)c1ccc(cc1)c1cc(c2ccc(cc2)C(=O)[O-])c(cc1c1ccc(cc1)C(=O)[O-])c1ccc(cc1)C(=O)[O-],11.81221,6.17137,8.35137,1.56151,4886.57,0.7044,0.451102,Np,0.394921262,0.0133015,0.428648549,0.019474535,0.446919696,0.023755661,0.000519984,0.241501981,234,449.7,0.6178945,0.36,unknown
[Cu].[O-]C(=O)C(n1cnnc1)Cc1cnc[nH]1,8.44171,5.79866,8.44171,1.14002,4505.32,0.5416,0.475078,Cu,0.947927472,0.025174278,1.075873921,0.041861967,1.146942782,0.047647709,0.001990153,0.36036114,564,352.1,0.37089226,0.76417303,weak
unknown,8.43006,5.30741,8.43006,1.1655,4260.39,0.5236,0.449251,Cu,0.945569454,0.026264274,1.065317201,0.03559859,1.149380472,0.045419994,0.00203811,0.340083815,564,339,0.3732348,0.78417303,strong
[O-]C(=O)c1cc2ccccc2c(c1O)c1c(O)c(cc2c1cccc2)C(=O)[O-].[Zn][O]([Zn])([Zn])[Zn],8.92524,4.60995,8.92524,1.04677,1707.38,0.5764,0.550649,Zn,0.908054703,0.038576078,0.997623275,0.079526938,1.052705305,0.080489193,0.001446506,0.479850652,185,333.7,0.7867726,0.88,none
Cc1cc(C(=O)[O-])c(c(c1C)c1c(C)c(C)cc(c1O)C(=O)[O-])O.[Zn][O]([Zn])([Zn])[Zn],8.13406,4.29439,8.13406,1.00105,1750.77,0.5932,0.592578,Zn,0.945630545,0.048820139,1.017523939,0.096797013,1.073808725,0.093133385,0.001281782,0.56369744,185,311.2,0.78079486,0.82,none
[O-]C(=O)c1ccc(cc1)c1ccc(cc1)C(=O)[O-].[Zn][Zn],4.97084,2.47023,4.53227,1.12778,723.99,0.505,0.447781,Zn,0.923658809,0.045942511,1.051248289,0.073622388,1.101596905,0.090280087,0.001779381,0.402718001,104,373.3,0.5339702,0.433600733,unknown
[O-]C(=O)c1ccc(cc1)c1ccc(cc1)C(=O)[O-].[Zn][Zn],6.59379,4.1364,6.37314,0.837466,2418.7,0.6264,0.747971,Zn,0.920508015,0.046665012,1.0523129,0.067796527,1.10068543,0.086298733,0.001801774,0.393881161,208,424.4,0.65265787,0.362045442,weak
unknown,4.50326,2.98057,4.48392,1.31546,810.239,0.4972,0.377967,Cu,0.824660692,0.01787804,0.928080756,0.044381585,0.980519289,0.048680088,0.001558586,0.365581824,104,315.9,0.667066,0.805519588,weak
Fc1cncc(c1)c1cc(cc(c1)C(=O)[O-])C(=O)[O-].[Cu][Cu],4.38065,2.79948,4.2904,1.34725,788.255,0.4954,0.367712,Cu,0.826927124,0.019920187,0.921239099,0.04415138,0.98075075,0.050333462,0.001538236,0.371256304,104,301.5,0.7446916,0.67022964,weak
[Co].[O-]C(=O)c1cc([O])c(cc1[O])C(=O)[O-],11.28103,10.74009,11.28103,1.18431,835.366,0.6366,0.537529,Co,0.708121328,0.007809171,0.781242146,0.013569617,0.833843573,0.016337986,0.001257222,0.334374488,54,229.2,0.9356729,0.180285714,weak
[Co].[O-]C(=O)c1cc([O])c(cc1[O])C(=O)[O-],11.36787,10.91273,11.36787,1.17266,848.173,0.64,0.54577,Co,0.708436396,0.008233099,0.782606937,0.013764781,0.834797367,0.016084589,0.00126361,0.333016834,54,230.3,0.93729424,0.170285714,weak
[Co].[O-]C(=O)c1cc([O])c(cc1[O])C(=O)[O-],11.34865,10.89912,11.34825,1.17224,850.326,0.6414,0.547156,Co,0.703075242,0.010678494,0.781023229,0.01389377,0.834201194,0.016811261,0.00131126,0.313825724,54,230,0.93718916,0.180285714,weak
[Bi].[O-]C(=O)c1sc2c(c1)sc1c2sc(c1)C(=O)[O-],5.81023,4.28246,5.79468,1.31024,2371.91,0.6048,0.461595,Bi,0.609799637,0.008203489,0.675868407,0.014511063,0.721667023,0.017312299,0.001118674,0.277575837,156,321.5,0.93426347,0.65,weak
unknown,4.92327,2.81682,4.91098,1.62879,2022.71,0.3816,0.234285,Cu,0.871814675,0.020054657,0.992213578,0.036371245,1.050113328,0.04598743,0.001782987,0.347335237,436,293.2,0.90619344,0.134076923,weak
[Al]1[OH][Al][OH][Al][OH][Al][OH][Al][OH][Al][OH][Al][OH][Al][OH]1.[O-]C(=O)c1ccc(cc1)c1cc(cc(c1)c1ccc(cc1)C(=O)[O-])c1ccc(cc1)C(=O)[O-],9.97158,8.15381,9.97158,0.58658,9603.06,0.746,1.27178,Al,0.962482973,0.038366509,1.092185865,0.057111009,1.156688092,0.069008088,0.001942051,0.390734397,464,321.1,0.29351735,0.48,strong
[Al]1[OH][Al][OH][Al][OH][Al][OH][Al][OH][Al][OH][Al][OH][Al][OH]1.[O-]C(=O)c1ccc(cc1)c1cc(cc(c1)c1ccc(cc1)C(=O)[O-])c1ccc(cc1)C(=O)[O-],9.86068,7.80765,9.81595,0.671413,9786.6,0.7238,1.07802,Al,0.884670096,0.033446561,1.009542906,0.051761576,1.080714314,0.059654522,0.001960442,0.305487677,520,372.7,0.41821867,0.51,strong
[O-]C(=O)c1ccc(cc1)c1cc(cc(c1)c1ccc(cc1)C(=O)[O-])C1=NN=N[N]1.[OH]12[Tb]34[OH]5[Tb]672[O]2[Tb]891[OH]4[Tb]14%10[OH]3[Tb]3%115[OH]7[Tb]57[OH]6[Tb]6%122[OH]9[Tb]2([OH]81)[OH]%10[Tb]([OH]35)([O]4%11)([OH]62)[OH]7%12,15.78006,11.0802,15.76271,0.782532,17545.5,0.7762,0.991908,Tb,0.603712667,0.022320676,0.671529581,0.031661588,0.708265072,0.037375635,0.001045524,0.295235697,642,378,0.70480895,0.64,none
[Co][O]([Co])[Co].[O-]C(=O)c1ccc(cc1)C(=O)[O-].n1ccc(cc1)C1=NC(=[N]=C([N]1)c1ccncc1)c1ccncc1,8.69859,4.5685,7.95673,0.898639,2383.61,0.6466,0.719532,Co,0.868106453,0.033473516,0.953568427,0.06299428,1.018506059,0.070192517,0.001503996,0.42032836,176,319.3,0.82737684,0.64,weak
[Co][O]([Co])[Co].[O-]C(=O)c1ccc(cc1)C(=O)[O-].n1ccc(cc1)C1=NC(=[N]=C([N]1)c1ccncc1)c1ccncc1,8.66528,4.57617,8.66528,0.897519,2396.18,0.6492,0.723327,Co,0.86865744,0.03383189,0.953543541,0.063134399,1.017396824,0.069879169,0.001487394,0.425944759,176,320.8,0.8244792,0.64,weak
[Mg][O]([Mg])[Mg].[O-]C(=O)c1ccc(cc1)C(=O)[O-],8.55676,4.36478,8.46206,0.791044,2428.23,0.6494,0.82094,Mg,0.944104355,0.034788713,1.086824187,0.067194874,1.135989876,0.081103715,0.001918855,0.384040156,182,417.8,0.81312644,0.28,weak
unknown,8.66431,4.52699,8.65237,0.797815,2411.91,0.6484,0.812719,Mg,0.930136066,0.031572979,1.084095026,0.060965979,1.13624821,0.078530949,0.002061121,0.328767264,176,387.6,0.8319971,0.26,weak
[Mg][O]([Mg])[Mg].[O-]C(=O)c1ccc(cc1)C(=O)[O-],8.57077,4.44122,8.57077,0.809765,2358,0.6434,0.794552,Mg,0.936483703,0.033431681,1.079684779,0.061763648,1.14034399,0.077974309,0.002038603,0.338659816,176,388.1,0.83627856,0.26,weak
Cl[C]1C(=O)C(=O)[C](C(=O)C1=O)Cl.[Fe].[O]S(=O)(=O)[O],7.95164,6.60155,7.95164,1.26567,3069.05,0.5964,0.471215,Fe,0.729616423,0.009759924,0.777779734,0.01214071,0.838845416,0.010802332,0.00109229,0.39977905,196,331.2,0.6391668,0.5,none
[Mg].[O-]C(=O)c1ccc(cc1)c1ccnc(c1)C(=O)[O-].[OH],9.93189,8.79006,9.92818,0.813906,3092.48,0.643,0.790017,Mg,0.91607092,0.034371294,1.086396042,0.047066631,1.144922251,0.062159935,0.002288513,0.248150078,228,386.9,0.8999597,0.27,weak
[Mg].[O-]C(=O)c1ccc(cc1)c1ccnc(c1)C(=O)[O-].[OH],9.79,8.43917,9.79,0.827764,1516.57,0.6414,0.774859,Mg,0.91956756,0.033399069,1.083813601,0.04623693,1.156743389,0.058861523,0.002371758,0.223259437,114,349.9,0.85175306,0.27,weak
[Mg].[O-]C(=O)c1ccc(cc1)c1ccnc(c1)C(=O)[O-].[OH],9.59703,8.2007,9.59703,0.834085,3049.57,0.6498,0.779057,Mg,0.930466933,0.02878633,1.102300717,0.031105648,1.193305646,0.036828664,0.002628387,0.155422273,228,391.5,0.9068592,0.27,weak
[Mg].[O-]C(=O)c1ccc(cc1)c1ccnc(c1)C(=O)[O-].[OH],9.66894,8.19667,9.66894,0.841078,1471.15,0.6322,0.751654,Mg,0.922206808,0.031529247,1.069008419,0.052689927,1.139940836,0.061963301,0.00217734,0.281649592,114,351.2,0.85263664,0.27,weak
Cl[Zn]Cl.c1ccc2c(c1)n(cn2)c1cc(cc(c1)n1cnc2c1cccc2)n1cnc2c1cccc2,4.433,3.76253,4.39928,1.39429,2634.13,0.4382,0.314281,Zn,0.824032954,0.02561501,0.920275461,0.058559263,0.966133277,0.070558967,0.001421003,0.40612943,444,383.6,0.8798976,0.34,strong
[Fe].[NH]c1cc2c(cc1[NH])c1cc([NH])c(cc1c1c2cc([NH])c(c1)[NH])[NH],22.94791,15.58314,22.94791,0.175207,6993.14,0.9314,5.31599,Fe,0.862087263,0.029708998,0.98346495,0.028022325,1.125291721,0.033811329,0.002632045,0.069065706,75,198.5,0.65922844,0.51,weak
[Cr].[O-]C(=O)c1ccc(cc1)C(=O)[O-].[O],7.50679,7.09493,7.50679,1.02131,459.657,0.609,0.596292,Cr,0.877785815,0.011576674,0.969513647,0.017516792,1.064850626,0.01107157,0.001870648,0.315989856,36,400.1,0.27404207,0.74,unknown
[O-]C(=O)c1ccc(cc1)CN1CCN(CCN(CC1)Cc1ccc(cc1)C(=O)[O-])Cc1ccc(cc1)C(=O)[O-].[Zn],5.49532,3.6076,5.46456,1.0177,4990.25,0.5798,0.569714,Zn,0.930787374,0.052911608,0.990164437,0.095308361,1.063572477,0.098864753,0.001327851,0.530093569,568,357.1,0.9442471,0.818461538,unknown
[Bi].[O-]C(=O)c1ccc(cc1)c1cc(c2ccc(cc2)C(=O)[O-])c2c3c1ccc1c3c(cc2)c(cc1c1ccc(cc1)C(=O)[O-])c1ccc(cc1)C(=O)[O-],6.49014,5.45081,6.48375,1.13618,5936.36,0.572,0.50344,Bi,0.760886033,0.027885655,0.857303895,0.054759878,0.900162618,0.06472046,0.001392766,0.351982802,600,260.9,0.86943495,0.75,unknown
[Zn].n1ccncc1,3.94533,2.93868,3.94533,1.62116,649.214,0.431,0.265859,"Zn,Si",0.829406075,0.026191541,0.944797294,0.042765831,0.978126168,0.054219151,0.001487201,0.396922849,112,300.9,0.7902868,0.56,superstrong_high_loading
C1CN2CCN1CC2.[Co].[O-]C(=O)c1ccc(cc1)C(=O)[O-],4.66108,3.86054,4.54184,1.20751,220.262,0.4778,0.39569,Co,0.977980211,0.05940406,1.051673,0.102110184,1.124886571,0.112362227,0.001469064,0.537341001,37,357,0.9357854,0.599655172,superstrong_high_loading
C1CN2CCN1CC2.[Co].[O-]C(=O)c1ccc(cc1)C(=O)[O-],4.20665,3.83355,4.20665,1.22915,210.95,0.4658,0.378961,Co,0.977187097,0.061151381,1.049537795,0.105138548,1.124715873,0.113761844,0.001475288,0.534129537,37,356,0.93428844,0.599655172,superstrong_high_loading
C1CN2CCN1CC2.[Co].[O-]C(=O)c1ccc(cc1)C(=O)[O-],4.20971,3.77632,4.19238,1.23535,207.729,0.461,0.373173,Co,0.982213771,0.060281265,1.053295372,0.103824048,1.124188016,0.113833132,0.001419742,0.55632253,37,355.7,0.9339293,0.599655172,superstrong_high_loading
C1CN2CCN1CC2.[Co].[O-]C(=O)c1ccc(cc1)C(=O)[O-],4.19956,3.75652,4.17587,1.23984,205.988,0.4588,0.370047,Co,0.979554173,0.05852083,1.054898286,0.101015668,1.127818509,0.112242411,0.001482643,0.535165147,37,355.9,0.93312913,0.599655172,superstrong_high_loading
C1CN2CCN1CC2.[Co].[O-]C(=O)c1ccc(cc1)C(=O)[O-],4.19623,3.71,4.17573,1.24368,205.532,0.4592,0.369228,Co,0.983287541,0.057506611,1.065552291,0.09675161,1.132306222,0.109065738,0.001490187,0.538816632,37,355.6,0.92961574,0.599655172,superstrong_high_loading
C1CN2CCN1CC2.[Co].[O-]C(=O)c1ccc(cc1)C(=O)[O-],4.67286,3.8587,4.67286,1.21108,220.9,0.4806,0.396835,Co,0.985274484,0.057140486,1.062495653,0.093929642,1.141064221,0.102057365,0.001557897,0.517680707,37,347.8,0.9418242,0.6,superstrong_high_loading
unknown,4.61953,3.83617,4.61698,1.2148,216.742,0.473,0.389366,Co,0.983786604,0.059637149,1.05622168,0.093586178,1.128436374,0.107251113,0.001446498,0.549874027,37,357.4,0.9360684,0.599655172,superstrong_high_loading
C1CN2CCN1CC2.[Co].[O-]C(=O)c1ccc(cc1)C(=O)[O-],4.63589,3.84256,4.63589,1.22399,215.205,0.4732,0.386605,Co,0.976467757,0.060555247,1.059346381,0.091850595,1.132186957,0.105948568,0.001557192,0.510983164,37,347.5,0.94184303,0.6,superstrong_high_loading
C1CN2CCN1CC2.[Co].[O-]C(=O)c1ccc(cc1)C(=O)[O-],4.31954,3.79016,4.22127,1.24876,206.834,0.464,0.371567,Co,0.986025261,0.05676157,1.058609517,0.097203424,1.130766576,0.107278196,0.001447413,0.551872518,37,353.6,0.9348991,0.599655172,unknown
C1CN2CCN1CC2.[Co].[O-]C(=O)c1ccc(cc1)C(=O)[O-],4.64494,3.84289,4.64494,1.21106,222.834,0.4848,0.40031,Co,0.983293075,0.060899785,1.060446427,0.098804506,1.130890325,0.110586302,0.001475972,0.541619568,37,348.2,0.94135314,0.6,unknown
C1CN2CCN1CC2.[Co].[O-]C(=O)c1ccc(cc1)C(=O)[O-],4.29333,3.83064,4.20427,1.2454,205.247,0.4592,0.368716,Co,0.985134756,0.056090703,1.063503465,0.090536242,1.138073632,0.103970261,0.001529389,0.526951219,37,354.7,0.9348068,0.599655172,strong
C1CN2CCN1CC2.[Co].[O-]C(=O)c1ccc(cc1)C(=O)[O-],4.18627,3.75936,4.00566,1.26836,199.777,0.4552,0.358889,Co,0.985815263,0.060336446,1.054207928,0.096515632,1.126711169,0.108611,0.001408959,0.56244245,37,353.2,0.9329808,0.599655172,superstrong
[Co].[O-]C(=O)c1ccc(cc1)C(=O)[O-],4.01725,3.76571,4.00902,1.27853,197.839,0.4544,0.355407,Co,0.981251914,0.062454269,1.055661286,0.100679652,1.127988281,0.10983619,0.001467364,0.541389879,37,381,0.92361844,0.464655172,weak
C1CN2CCN1CC2.[Co].[O-]C(=O)c1ccc(cc1)C(=O)[O-],4.10764,3.73688,3.89651,1.30898,187.454,0.4408,0.336752,Co,0.98650265,0.055243938,1.058254215,0.09144771,1.136166897,0.105674671,0.001496642,0.536483057,37,358,0.9282073,0.609655172,superstrong
C1CN2CCN1CC2.[Co].[O-]C(=O)c1ccc(cc1)C(=O)[O-],4.08151,3.58716,4.08151,1.32951,182.465,0.4358,0.327789,Co,0.992828865,0.055581537,1.062932525,0.087677471,1.134873159,0.104630308,0.001420443,0.56638982,37,381.2,0.9156431,0.464655172,superstrong_high_loading
unknown,4.19359,3.69682,4.12012,1.33765,183.603,0.4412,0.329832,Co,1.000813272,0.052744691,1.069083421,0.084199818,1.139057802,0.101938875,0.001382445,0.585795644,37,368.3,0.93509483,0.479,unknown
C1CN2CCN1CC2.[Co].[O-]C(=O)c1ccc(cc1)C(=O)[O-],4.1007,3.08003,4.1007,1.36322,168.725,0.4132,0.303105,Co,0.997570829,0.054114471,1.068993548,0.084414172,1.140473603,0.100907752,0.001429028,0.568852951,37,371.7,0.92137283,0.609655172,strong
unknown,4.1799,3.22279,3.99857,1.37912,169.848,0.4208,0.305123,Co,0.991674648,0.052292735,1.057828255,0.09072053,1.129809466,0.105135007,0.001381348,0.576298925,37,371.6,0.92538863,0.479,unknown
C1CN2CCN1CC2.[Co].[O-]C(=O)c1ccc(cc1)C(=O)[O-],4.63659,3.85779,4.63659,1.20938,223.144,0.4848,0.400866,Co,0.978355143,0.059904864,1.052520346,0.100808972,1.127079993,0.112590989,0.001487249,0.532114852,37,357.6,0.9359063,0.599655172,superstrong_high_loading
unknown,3.9849,3.02489,3.79466,1.39895,162.506,0.4084,0.291933,Co,0.994967303,0.053118419,1.078316927,0.079343754,1.142375967,0.099617034,0.001474087,0.555956409,37,369.8,0.9172044,0.609655172,strong
C1CN2CCN1CC2.[Co].[O-]C(=O)c1ccc(cc1)C(=O)[O-],3.86625,2.93226,3.86034,1.41979,156.199,0.3984,0.280604,Co,0.995856252,0.052291419,1.076757403,0.077465435,1.143567526,0.097736182,0.001477113,0.555070932,37,368,0.9077642,0.609655172,strong
C1CN2CCN1CC2.[Co].[O-]C(=O)c1ccc(cc1)C(=O)[O-],4.62661,3.85463,4.62661,1.21131,222.513,0.4842,0.399732,Co,0.977553127,0.060755029,1.058661579,0.098772385,1.129891517,0.112154668,0.001523384,0.522184376,37,348.4,0.94125855,0.6,superstrong_high_loading
C1CN2CCN1CC2.[Co].[O-]C(=O)c1ccc(cc1)C(=O)[O-],4.64768,3.85754,4.64768,1.20975,220.959,0.4802,0.39694,Co,0.981646651,0.060949098,1.053700922,0.100716278,1.125495078,0.112958118,0.001438484,0.550144721,37,357.4,0.9359095,0.599655172,superstrong_high_loading
C1CN2CCN1CC2.[Co].[O-]C(=O)c1ccc(cc1)C(=O)[O-],4.27686,3.8209,4.2456,1.21868,214.133,0.4688,0.384678,Co,0.983731339,0.060686068,1.056153893,0.104075721,1.127202525,0.113688442,0.001434712,0.55354677,37,355.4,0.9358318,0.599655172,unknown
C1CN2CCN1CC2.[Co].[O-]C(=O)c1ccc(cc1)C(=O)[O-],4.2434,3.81453,4.1397,1.22317,213.801,0.4698,0.384083,Co,0.982635442,0.060689835,1.052849827,0.103557848,1.127828467,0.113258479,0.00145193,0.546262325,37,354.1,0.9354969,0.599655172,superstrong_high_loading
C1CN2CCN1CC2.[Co].[O-]C(=O)c1ccc(cc1)C(=O)[O-],4.2228,3.84403,4.1449,1.22494,212.129,0.4668,0.381079,Co,0.984265528,0.060987953,1.050771065,0.10662133,1.127063015,0.115569372,0.001427975,0.554241998,37,355.1,0.93477714,0.599655172,superstrong_high_loading
C1CN2CCN1CC2.[Co].[O-]C(=O)c1ccc(cc1)C(=O)[O-],4.21121,3.83077,4.12494,1.22658,211.482,0.466,0.379917,Co,0.978663502,0.061276187,1.0520381,0.104821209,1.127975694,0.112956645,0.001493122,0.530299759,37,356.1,0.9341817,0.599655172,superstrong_high_loading
C1CN2CCN1CC2.[O-]C(=O)c1cc(C)c(cc1C)C(=O)[O-].[Zn][Zn],7.26135,5.92834,7.26135,0.928568,5608.9,0.625,0.67308,Zn,0.951134574,0.051804882,1.056906588,0.081092446,1.165317144,0.05981513,0.002141826,0.308147106,528,403.2,0.50333726,0.145041137,weak
[Al]1[OH][Al][OH][Al][OH][Al][OH][Al][OH][Al][OH][Al][OH][Al][OH]1.[O-]C(=O)c1ccc(cc1)c1cc(cc(c1)c1ccc(cc1)C(=O)[O-])c1ccc(cc1)C(=O)[O-],9.98366,7.9719,9.96206,0.593343,9524.13,0.7484,1.26133,Al,0.959474494,0.035795682,1.075702983,0.068778069,1.12243995,0.079645699,0.001629655,0.482160049,464,321.9,0.29732716,0.48,strong
[Al]1[OH][Al][OH][Al][OH][Al][OH][Al][OH][Al][OH][Al][OH][Al][OH]1.[O-]C(=O)c1ccc(cc1)c1cc(cc(c1)c1ccc(cc1)C(=O)[O-])c1ccc(cc1)C(=O)[O-].[O-]C(=O)c1ccc(cc1)c1ccc(cc1)C(=O)[O-],10.15927,6.3821,9.86613,0.633677,9721.01,0.7206,1.13717,Al,0.948749286,0.040330095,1.064069784,0.075332845,1.121011769,0.084291035,0.001722625,0.441691591,536,403.6,0.35343903,0.66,strong
[Al]1[OH][Al][OH][Al][OH][Al][OH][Al][OH][Al][OH][Al][OH][Al][OH]1.[O-]C(=O)c1ccc(cc1)c1cc(cc(c1)c1ccc(cc1)C(=O)[O-])c1ccc(cc1)C(=O)[O-].[O-]C(=O)c1ccc(cc1)c1ccc(cc1)C(=O)[O-],8.3964,7.60554,8.39098,0.654724,9379.78,0.7184,1.09726,Al,0.94108627,0.040381634,1.05689966,0.071538775,1.12122764,0.086465679,0.001801414,0.409243057,536,404.6,0.40419215,0.65,strong
[Al]1[OH][Al][OH][Al][OH][Al][OH][Al][OH][Al][OH][Al][OH][Al][OH]1.[O-]C(=O)c1ccc(cc1)c1cc(cc(c1)c1ccc(cc1)C(=O)[O-])c1ccc(cc1)C(=O)[O-].[O-]C(=O)c1ccc(cc1)c1ccc(cc1)C(=O)[O-],8.62574,7.70256,8.62574,0.646098,9547.36,0.7216,1.11686,Al,0.944612937,0.040674445,1.053070267,0.07268316,1.120713593,0.086955329,0.001761007,0.423113309,536,401.3,0.40033275,0.65,strong
[Al]1[OH][Al][OH][Al][OH][Al][OH][Al][OH][Al][OH][Al][OH][Al][OH]1.[O-]C(=O)c1ccc(cc1)c1cc(cc(c1)c1ccc(cc1)C(=O)[O-])c1ccc(cc1)C(=O)[O-].[O-]C(=O)c1ccc(cc1)c1ccc(cc1)C(=O)[O-],10.15182,6.62022,10.15037,0.629989,9794.2,0.7218,1.14573,Al,0.950297633,0.040146266,1.061489638,0.072367144,1.12401687,0.085628098,0.001737192,0.437250717,536,401.1,0.34596765,0.66,strong
[Al]1[OH][Al][OH][Al][OH][Al][OH][Al][OH][Al][OH][Al][OH][Al][OH]1.[O-]C(=O)c1ccc(cc1)c1cc(cc(c1)c1ccc(cc1)C(=O)[O-])c1ccc(cc1)C(=O)[O-].[O-]C(=O)c1ccc(cc1)c1ccc(cc1)C(=O)[O-],10.35623,6.6587,9.20464,0.629512,9790.75,0.721,1.14533,Al,0.9478728,0.039704489,1.059284878,0.072676982,1.116496622,0.082980798,0.001686238,0.451034721,536,398.3,0.3726232,0.66,strong
unknown,10.38616,6.44431,9.73674,0.632101,9734.42,0.7198,1.13874,Al,0.951793256,0.039254915,1.063603058,0.071551839,1.122766525,0.08417647,0.001709733,0.447647839,536,401.4,0.35807312,0.66,strong
[Al]1[OH][Al][OH][Al][OH][Al][OH][Al][OH][Al][OH][Al][OH][Al][OH]1.[O-]C(=O)c1ccc(cc1)c1cc(cc(c1)c1ccc(cc1)C(=O)[O-])c1ccc(cc1)C(=O)[O-].[O-]C(=O)c1ccc(cc1)c1ccc(cc1)C(=O)[O-],9.17319,7.54253,8.93516,0.632497,9793.2,0.7246,1.14562,Al,0.943321017,0.039763735,1.059905428,0.07294377,1.118389168,0.086165541,0.001750681,0.427800017,536,396.9,0.39271033,0.65,strong
unknown,8.9955,7.6172,8.9955,0.634587,9790.59,0.7268,1.14531,Al,0.941731652,0.040765052,1.055716338,0.075114567,1.115973097,0.085845152,0.001742414,0.427961969,536,398.3,0.38510963,0.65,strong
[Al]1[OH][Al][OH][Al][OH][Al][OH][Al][OH][Al][OH][Al][OH][Al][OH]1.[O-]C(=O)c1ccc(cc1)c1cc(cc(c1)c1ccc(cc1)C(=O)[O-])c1ccc(cc1)C(=O)[O-].[O-]C(=O)c1ccc(cc1)c1ccc(cc1)C(=O)[O-],8.76036,7.80708,8.556,0.641294,9650.87,0.724,1.12897,Al,0.941192324,0.041694582,1.059300597,0.075106946,1.118503655,0.084740698,0.001773113,0.419075867,536,397.8,0.40237853,0.65,strong
[Cd].[O-]C(=O)c1ccc(cc1)n1ccnc1C,6.42829,6.05724,6.42434,1.19526,1501.97,0.525,0.439235,Cd,0.852463589,0.036382411,0.945723258,0.074767754,1.001084073,0.085011616,0.001486205,0.412918614,196,351.6,0.9202838,0.567558824,weak
[Cd].[O-]C(=O)c1ccc(cc1)n1ccnc1C,6.06749,5.20735,6.06713,1.19499,1522.34,0.532,0.445191,Cd,0.850616759,0.032350386,0.951806485,0.07206903,1.004123353,0.083838391,0.001535066,0.398242454,196,348.7,0.91253936,0.567558824,weak
unknown,6.01032,5.21202,6.00996,1.19718,1492.13,0.5224,0.436357,Cd,0.853787802,0.033236608,0.949048732,0.074028605,1.004131273,0.083740026,0.001503435,0.409453787,196,349.2,0.9117985,0.567558824,weak
[Cu][Cu].[O-]C(=O)c1cc(c2ccc(cc2)C(=O)[O-])c(c(c1)c1ccc(cc1)C(=O)[O-])F.n1ccncc1,12.39799,11.34076,12.38885,0.600777,8728.74,0.77,1.28167,Cu,0.842603968,0.028516341,0.947673862,0.042101885,1.024132018,0.059120736,0.00181528,0.302788445,356,284.5,0.84808826,0.521648352,weak
Clc1nccnc1Cl.[Cu][Cu].[O-]C(=O)c1cc(cc(c1)c1ccc(cc1)C(=O)[O-])c1ccc(cc1)C(=O)[O-],12.61119,11.43871,12.60256,0.613806,8797.07,0.7682,1.25154,Cu,0.831698615,0.026808452,0.927870726,0.041512052,0.996038516,0.054246997,0.001643399,0.343346298,356,274,0.9270035,0.481648352,weak
[O-]C(=O)c1ccc(cc1)[Si](c1ccc(cc1)C(=O)[O-])(c1ccc(cc1)C(=O)[O-])c1ccc(cc1)C(=O)[O-].[Zn],7.41499,5.39472,7.41426,1.09901,2183.8,0.5652,0.514283,"Zn,Si",0.829314342,0.031661794,0.949204979,0.044575588,0.994422983,0.060067335,0.001651086,0.346433868,220,294.7,0.96076465,0.56,weak
[Al].[O-]C(=O)c1ccc(cc1)C(=O)[O-].[OH],7.04136,6.93763,7.04136,0.969882,418.578,0.5874,0.605641,Al,0.894560314,0.02185359,1.022411321,0.023831573,1.129004794,0.016105324,0.002344445,0.1947698,38,355.2,0.21486488,0.36,weak
[Al].[O-]C(=O)c1ccc(cc1)C(=O)[O-].[OH],2.82773,2.51627,2.82773,1.46151,767.217,0.4056,0.277521,Al,0.97608727,0.019473552,1.091097233,0.023073113,1.16823621,0.028598396,0.001921489,0.40595228,152,377.2,0.625565,0.26,strong
[Ce].[O-]C(=O)c1c(F)c(F)c(c(c1F)F)C(=O)[O-].[O],3.71483,2.61345,3.71117,2.16361,492.197,0.4088,0.188943,Ce,0.593469301,0.011538215,0.663328771,0.012290552,0.713306747,0.012419942,0.001198374,0.237270544,72,329.8,0.80415636,0.71,strong
unknown,14.45825,5.7766,13.31961,0.56951,12258.2,0.7694,1.35099,Ni,0.847195148,0.033680575,0.944639763,0.04651993,1.011809855,0.064016731,0.001646147,0.358396781,480,348.8,0.6553092,0.493076923,weak
[Ni][O]([Ni])[Ni].[O-]C(=O)c1cc(c2ccc(cc2)C(=O)[O-])c(c(c1)c1ccc(cc1)C(=O)[O-])F,14.03896,5.74243,14.03896,0.590083,12307.9,0.77,1.3049,Ni,0.837848664,0.028594237,0.938573063,0.038234341,1.012425933,0.056142016,0.001745773,0.318595441,480,425.7,0.8690841,0.533076923,weak
[Ni][O]([Ni])[Ni].[O-]C(=O)c1cc(cc(c1)c1ccc(cc1)C(=O)[O-])c1ccc(cc1)C(=O)[O-],11.37857,5.62966,11.37857,0.636492,12034.7,0.7386,1.16042,Ni,0.938141995,0.042262222,1.021930572,0.08372808,1.066457548,0.086401036,0.001283156,0.559738937,630,326.2,0.20558017,0.947692308,weak
unknown,10.18291,5.31145,10.18291,0.701722,11488.1,0.7048,1.00439,Ni,0.900017978,0.041353886,1.018973426,0.059785394,1.080008471,0.073760896,0.001799905,0.369699901,678,378.1,0.72260123,0.967692308,weak
[Ni][O]([Ni])[Ni].[O-]C(=O)c1cc(cc(c1)c1ccc(cc1)C(=O)[O-])c1ccc(cc1)C(=O)[O-],11.26978,4.9538,11.26978,0.698914,11630.7,0.7138,1.0213,Ni,0.924220269,0.041214438,1.049491116,0.062328825,1.108444582,0.072744254,0.001842243,0.382600226,690,334.9,0.67852855,0.95,weak
[Ni][O]([Ni])[Ni].[O-]C(=O)c1cc(cc(c1)c1ccc(cc1)C(=O)[O-])c1ccc(cc1)C(=O)[O-],9.27355,5.5066,9.27355,0.683544,11732.8,0.7168,1.04865,Ni,0.934494744,0.040676619,1.043812084,0.061346487,1.111489206,0.065546663,0.001769945,0.41045139,678,343.6,0.41584727,0.94,weak
unknown,9.82981,4.0135,9.82981,0.751391,11185.3,0.6932,0.922555,Ni,0.880154336,0.036851087,0.987817895,0.048562052,1.059929542,0.066374824,0.001797752,0.346754037,678,366.1,0.79660755,0.95,weak
[O-]C(=O)C#CC(=O)[O-].[O]12[Zr]34[OH]5[Zr]62[OH]2[Zr]71[OH]4[Zr]14[O]3[Zr]35[O]6[Zr]2([O]71)[OH]43,4.57421,2.50359,4.57421,2.18918,766.889,0.3866,0.176596,Zr,0.70073271,0.009835204,0.766384894,0.008682363,0.800766972,0.012612602,0.001000343,0.405841606,132,347,0.88859445,0.69,weak
unknown,16.36523,5.22927,16.36523,0.720658,6938.28,0.7092,0.9841,Cu,0.859320276,0.032232766,0.96108808,0.050313154,1.034919842,0.067724562,0.001755996,0.337177585,396,354.6,0.94136333,0.507,weak
N1=C[C](C=N1)c1ccc(cc1)C1=C[N]N=C1.[N]1N=CC(=C1)c1ccc(cc1)C1=C[N]N=C1.[Ni]12[O]34[Ni]5[O]62[Ni]2[O]71[Ni]4[O]14[Ni]3[O]35[Ni]6[O]2([Ni]71)[Ni]43,14.69154,5.16822,14.6905,0.740836,2975.3,0.7314,0.987263,Ni,0.812526857,0.039586606,0.890098351,0.069995931,0.957798357,0.067456717,0.001452715,0.378357606,158,343.1,0.87448215,0.723333333,weak
FC(c1cc(cc(c1)C1=C[N]N=C1)C1=C[N]N=C1)(F)F.FC(c1cc(cc(c1)C1=C[N]N=C1)[C]1C=NN=C1)(F)F.FC(c1cc(cc(c1)[C]1C=NN=C1)[C]1C=NN=C1)(F)F.[Ni]12[O]34[Ni]5[O]62[Ni]2[O]71[Ni]4[O]14[Ni]3[O]35[Ni]6[O]2([Ni]71)[Ni]43,5.92744,3.68774,5.10504,1.05315,2125.35,0.6064,0.575796,Ni,0.803198206,0.024426025,0.8943658,0.044919851,0.956819864,0.049591518,0.001536217,0.34711882,176,267.4,0.85415137,0.803333333,weak
